seed,step,position,net_worth
456,0,-1.0,9997.198272864509
456,1,-1.0,9997.060119619293
456,2,-1.0,9998.279256054602
456,3,-1.0,10000.65199324099
456,4,-1.0,10007.153291390363
456,5,-1.0,10011.912332184722
456,6,-1.0,10018.673664669193
456,7,-1.0,10024.75317451807
456,8,-1.0,10028.415927452716
456,9,-1.0,10027.038256611644
456,10,-1.0,10026.878527864139
456,11,-1.0,10028.367563347347
456,12,-1.0,10032.491261823925
456,13,-1.0,10033.160715996937
456,14,-1.0,10040.17200691656
456,15,-1.0,10047.86097762689
456,16,-1.0,10052.464978844906
456,17,-1.0,10053.601583963471
456,18,-1.0,10059.428204831729
456,19,-1.0,10058.447904405331
456,20,-1.0,10055.918620505685
456,21,-1.0,10048.57741447445
456,22,-1.0,10040.629400649148
456,23,-1.0,10030.651462647942
456,24,-1.0,10020.33445386413
456,25,-1.0,10009.390375878776
456,26,-1.0,10003.13245736526
456,27,-1.0,9999.098387204896
456,28,-1.0,9992.146020523935
456,29,-1.0,9987.946220941834
456,30,-1.0,9985.501040593077
456,31,-1.0,9980.644755126625
456,32,-1.0,9976.093720167448
456,33,-1.0,9975.506605161047
456,34,-1.0,9969.74878716428
456,35,-1.0,9964.179906549236
456,36,-1.0,9966.755759466694
456,37,-1.0,9965.846036327584
456,38,-1.0,9968.691648708264
456,39,-1.0,9980.88691670655
456,40,-1.0,9996.91088092552
456,41,-1.0,10004.371602648627
456,42,-1.0,10012.063643449812
456,43,-1.0,10015.984728445277
456,44,-1.0,10013.588891027803
456,45,-1.0,10005.960684928237
456,46,-1.0,10001.251308436274
456,47,-1.0,9996.097898587032
456,48,-1.0,9994.046611820988
456,49,-1.0,9992.665445586283
456,50,0.0,9989.667645952608
456,51,1.0,9988.32727310458
456,52,1.0,9986.82453599237
456,53,1.0,9997.22535000381
456,54,1.0,10012.384873894727
456,55,1.0,10026.983397704153
456,56,0.0,10023.975302684841
456,57,-1.0,10022.410203390293
456,58,-1.0,10026.77108382426
456,59,-1.0,10035.056443531925
456,60,-1.0,10040.277841148258
456,61,-1.0,10042.053390287878
456,62,-1.0,10037.272242831465
456,63,-1.0,10039.700942201163
456,64,-1.0,10042.244554573834
456,65,-1.0,10043.758040490806
456,66,-1.0,10043.335787500575
456,67,-1.0,10040.82392074016
456,68,-1.0,10038.815883855808
456,69,-1.0,10040.796250388925
456,70,-1.0,10042.415268786917
456,71,-1.0,10047.870422197386
456,72,-1.0,10057.162882831826
456,73,-1.0,10067.751823607061
456,74,-1.0,10077.399944363875
456,75,-1.0,10081.782187010085
456,76,-1.0,10078.795563931802
456,77,-1.0,10071.025365271305
456,78,0.0,10068.004057661725
456,79,1.0,10083.935709622447
456,80,1.0,10103.571136748551
456,81,1.0,10127.82730930065
456,82,1.0,10148.472468286569
456,83,1.0,10168.368434235736
456,84,1.0,10185.237107009427
456,85,0.0,10182.181535877324
456,86,0.0,10182.181535877324
456,87,0.0,10182.181535877324
456,88,0.0,10182.181535877324
456,89,0.0,10182.181535877324
456,90,-1.0,10171.68472516111
456,91,-1.0,10165.53058701755
456,92,-1.0,10160.07247031273
456,93,-1.0,10155.886845191688
456,94,-1.0,10153.643233685498
456,95,-1.0,10153.011060487985
456,96,-1.0,10152.144896707256
456,97,-1.0,10153.266097815265
456,98,-1.0,10152.87411980761
456,99,-1.0,10152.460876881334
456,100,-1.0,10150.64978137331
456,101,-1.0,10148.854202097227
456,102,-1.0,10148.289164583002
456,103,-1.0,10152.319240091649
456,104,-1.0,10155.685633550605
456,105,-1.0,10163.56317277061
456,106,-1.0,10170.86893367477
456,107,-1.0,10174.8538648806
456,108,-1.0,10177.549700502119
456,109,0.0,10174.49643559197
456,110,1.0,10178.342872403267
456,111,1.0,10185.60355674709
456,112,1.0,10192.008265601762
456,113,1.0,10206.209622616641
456,114,1.0,10221.169877404052
456,115,1.0,10229.750571422226
456,116,1.0,10231.896583259837
456,117,0.0,10228.82701428486
456,118,1.0,10220.567498213426
456,119,1.0,10215.497508431627
456,120,1.0,10210.371539082176
456,121,1.0,10211.489638922363
456,122,1.0,10213.823829221914
456,123,1.0,10216.060758243688
456,124,1.0,10204.47768370726
456,125,1.0,10190.909949209861
456,126,1.0,10180.251481250703
456,127,1.0,10163.305051980082
456,128,1.0,10151.725185085941
456,129,1.0,10155.863198051475
456,130,1.0,10166.758554895945
456,131,1.0,10177.30851014804
456,132,1.0,10192.78409520821
456,133,1.0,10204.108606631537
456,134,1.0,10215.362727681613
456,135,1.0,10216.40825297002
456,136,1.0,10213.993683276178
456,137,1.0,10217.739997789477
456,138,1.0,10219.158216923572
456,139,1.0,10215.821065617021
456,140,1.0,10221.201237232568
456,141,1.0,10223.250481868936
456,142,0.0,10220.183506724376
456,143,0.0,10220.183506724376
456,144,0.0,10220.183506724376
456,145,0.0,10220.183506724376
456,146,0.0,10220.183506724376
456,147,-1.0,10225.931109380028
456,148,-1.0,10235.080575557498
456,149,-1.0,10239.259661672791
456,150,-1.0,10250.243848533357
456,151,-1.0,10260.648530256505
456,152,-1.0,10276.877201332953
456,153,-1.0,10295.25915248085
456,154,-1.0,10317.995903268093
456,155,-1.0,10327.976421751224
456,156,0.0,10324.878028824698
456,157,1.0,10320.189225312632
456,158,1.0,10323.451879162769
456,159,1.0,10325.14546500521
456,160,1.0,10322.152523912206
456,161,1.0,10319.996192857445
456,162,1.0,10317.78635879015
456,163,1.0,10315.741358112455
456,164,1.0,10317.569507240898
456,165,1.0,10316.0969039542
456,166,1.0,10311.720927641007
456,167,1.0,10322.562545902192
456,168,1.0,10328.5158539934
456,169,1.0,10332.721032427267
456,170,1.0,10337.697528595627
456,171,1.0,10344.329184377018
456,172,1.0,10339.8377065703
456,173,1.0,10342.400775950875
456,174,0.0,10339.29805571809
456,175,0.0,10339.29805571809
456,176,0.0,10339.29805571809
456,177,0.0,10339.29805571809
456,178,0.0,10339.29805571809
456,179,-1.0,10338.133066285342
456,180,-1.0,10341.633593822437
456,181,-1.0,10347.934350689358
456,182,-1.0,10355.706975861558
456,183,-1.0,10354.720015447734
456,184,-1.0,10352.500595705633
456,185,-1.0,10352.76126181456
456,186,-1.0,10352.006876329486
456,187,-1.0,10351.83616068976
456,188,-1.0,10355.850398926468
456,189,-1.0,10365.323065669369
456,190,-1.0,10374.961258087624
456,191,-1.0,10379.857810575006
456,192,-1.0,10383.60492367144
456,193,-1.0,10388.946695667259
456,194,-1.0,10391.539646235498
456,195,-1.0,10384.29065077135
456,196,-1.0,10383.247070498812
456,197,-1.0,10381.898552335584
456,198,-1.0,10380.176504194913
456,199,-1.0,10375.850222437284
456,200,-1.0,10378.758979514978
456,201,-1.0,10373.270420409232
456,202,-1.0,10363.010460526184
456,203,-1.0,10353.848576871873
456,204,-1.0,10351.733745311323
456,205,-1.0,10353.146342627755
456,206,-1.0,10359.82897162871
456,207,-1.0,10374.749240973126
456,208,-1.0,10392.49625186255
456,209,-1.0,10401.789460335869
456,210,-1.0,10403.093640180858
456,211,-1.0,10401.804726121503
456,212,-1.0,10402.578717786795
456,213,-1.0,10400.848973605485
456,214,-1.0,10401.286015930436
456,215,-1.0,10406.85572965285
456,216,-1.0,10410.102192704708
456,217,-1.0,10408.396676557848
456,218,-1.0,10404.995175415328
456,219,-1.0,10403.658485836173
456,220,-1.0,10399.408529613644
456,221,-1.0,10399.542704172645
456,222,-1.0,10401.342930478026
456,223,-1.0,10404.865830702001
456,224,-1.0,10405.768281399696
456,225,-1.0,10408.877822714676
456,226,-1.0,10408.07515511992
456,227,-1.0,10407.21943209044
456,228,-1.0,10405.760900974929
456,229,-1.0,10403.799527456747
456,230,-1.0,10400.602218703987
456,231,-1.0,10401.39482478859
456,232,-1.0,10401.1233138119
456,233,-1.0,10398.233336061086
456,234,-1.0,10393.328132170303
456,235,-1.0,10390.864698031137
456,236,-1.0,10386.016499568668
456,237,-1.0,10377.690226089235
456,238,-1.0,10373.207462886345
456,239,-1.0,10360.80238654174
456,240,-1.0,10347.100203069142
456,241,-1.0,10344.474868091054
456,242,-1.0,10350.162414471635
456,243,-1.0,10354.33342673484
456,244,-1.0,10360.798015992574
456,245,-1.0,10369.463462041105
456,246,-1.0,10371.220132391738
456,247,-1.0,10371.027256657873
456,248,-1.0,10371.475232267529
456,249,-1.0,10378.94636805829
456,250,-1.0,10386.280665879132
456,251,-1.0,10394.846149253817
456,252,-1.0,10402.740741664877
456,253,-1.0,10415.719273195726
456,254,-1.0,10426.30229566741
456,255,-1.0,10433.396865183262
456,256,-1.0,10444.579213668849
456,257,-1.0,10455.674778925159
456,258,0.0,10452.53807649148
456,259,1.0,10438.494862512463
456,260,1.0,10428.35353720362
456,261,1.0,10430.220970743156
456,262,1.0,10426.303163834173
456,263,1.0,10416.63161435596
456,264,1.0,10412.510796859395
456,265,1.0,10402.506914877315
456,266,1.0,10385.61654701652
456,267,1.0,10377.493064456366
456,268,1.0,10369.768041476602
456,269,1.0,10361.235917272134
456,270,1.0,10362.869084841066
456,271,1.0,10367.61796306263
456,272,1.0,10371.688315437132
456,273,1.0,10384.681244450847
456,274,1.0,10387.278554005226
456,275,1.0,10364.869574810926
456,276,1.0,10321.35232768223
456,277,1.0,10282.547287230946
456,278,1.0,10237.39255069187
456,279,0.0,10234.321332926662
456,280,0.0,10234.321332926662
456,281,1.0,10248.486429703109
456,282,1.0,10261.779736488716
456,283,1.0,10278.468040448208
456,284,1.0,10292.602987243363
456,285,1.0,10302.885512518906
456,286,1.0,10302.276643968247
456,287,1.0,10293.207609711362
456,288,1.0,10286.285032773962
456,289,1.0,10278.12559956825
456,290,1.0,10270.068101560773
456,291,1.0,10264.986317795334
456,292,1.0,10251.568734902752
456,293,1.0,10236.922982861945
456,294,0.0,10233.851905967087
456,295,0.0,10233.851905967087
456,296,0.0,10233.851905967087
456,297,0.0,10233.851905967087
456,298,0.0,10233.851905967087
456,299,-1.0,10221.755616095581
456,300,-1.0,10205.605129954956
456,301,-1.0,10190.136547558448
456,302,-1.0,10173.205046484609
456,303,-1.0,10159.35607410117
456,304,-1.0,10156.362695204789
456,305,-1.0,10155.642095267325
456,306,-1.0,10163.795869387646
456,307,-1.0,10175.586634440888
456,308,-1.0,10183.802509478437
456,309,-1.0,10191.842683373825
456,310,-1.0,10195.430321479786
456,311,-1.0,10190.51494336014
456,312,-1.0,10188.243267800824
456,313,-1.0,10190.51458106411
456,314,-1.0,10198.76955389323
456,315,-1.0,10210.523031926336
456,316,-1.0,10220.588646929793
456,317,-1.0,10231.163157871872
456,318,-1.0,10243.815908583354
456,319,-1.0,10249.17599208448
456,320,-1.0,10247.59248173959
456,321,-1.0,10250.791816403193
456,322,-1.0,10251.495260942387
456,323,-1.0,10233.036363947842
456,324,-1.0,10217.979747949346
456,325,-1.0,10210.689857381143
456,326,-1.0,10207.93013295399
456,327,-1.0,10203.21452797676
456,328,-1.0,10206.816379810212
456,329,-1.0,10207.673292460107
456,330,-1.0,10206.171569038479
456,331,-1.0,10196.386773095604
456,332,-1.0,10182.743149955519
456,333,-1.0,10173.118210333178
456,334,-1.0,10163.24933710362
456,335,-1.0,10153.321767613279
456,336,-1.0,10145.326089357
456,337,-1.0,10149.226681300235
456,338,-1.0,10154.485892289196
456,339,-1.0,10161.572695756222
456,340,-1.0,10173.252033809375
456,341,-1.0,10183.958199433977
456,342,-1.0,10185.418600978142
456,343,-1.0,10191.843403264444
456,344,-1.0,10197.121008361593
456,345,-1.0,10198.112934183244
456,346,-1.0,10207.248720846319
456,347,-1.0,10221.697151026097
456,348,-1.0,10217.289943792044
456,349,-1.0,10213.586020714052
456,350,-1.0,10213.508875983069
456,351,-1.0,10201.109127592592
456,352,-1.0,10192.315174319703
456,353,-1.0,10198.563996256144
456,354,-1.0,10212.909838958694
456,355,0.0,10209.845966007008
456,356,1.0,10176.42421888435
456,357,0.0,10173.371291618683
456,358,-1.0,10191.723259471542
456,359,-1.0,10195.813204242451
456,360,0.0,10192.75446028118
456,361,1.0,10206.000872167086
456,362,1.0,10229.814338692328
456,363,1.0,10255.648360721645
456,364,1.0,10273.262248546507
456,365,1.0,10284.619854596289
456,366,1.0,10293.957986379422
456,367,1.0,10296.215868362957
456,368,1.0,10291.3265861282
456,369,0.0,10288.239188152362
456,370,0.0,10288.239188152362
456,371,-1.0,10282.53588702468
456,372,-1.0,10283.831046622225
456,373,-1.0,10282.575428729122
456,374,-1.0,10286.091827864873
456,375,-1.0,10296.16112028539
456,376,-1.0,10309.939206401694
456,377,-1.0,10315.118733055608
456,378,-1.0,10315.785779652577
456,379,-1.0,10319.0902857524
456,380,-1.0,10311.509005020804
456,381,-1.0,10304.630071159234
456,382,-1.0,10304.894806105534
456,383,-1.0,10305.003801432575
456,384,-1.0,10299.73600113209
456,385,-1.0,10301.764849645297
456,386,-1.0,10300.989647930379
456,387,-1.0,10301.366382438786
456,388,-1.0,10302.776625350769
456,389,-1.0,10315.598798357809
456,390,-1.0,10349.10490856706
456,391,-1.0,10368.80084008064
456,392,-1.0,10384.048329721361
456,393,-1.0,10404.404870187609
456,394,-1.0,10417.435757354171
456,395,-1.0,10394.36533947447
456,396,0.0,10391.24702987263
456,397,1.0,10390.586314210821
456,398,1.0,10395.038866459123
456,399,1.0,10398.089925266062
456,400,1.0,10386.933412486904
456,401,1.0,10376.607857481493
456,402,1.0,10365.81759621983
456,403,1.0,10366.112552661767
456,404,1.0,10373.379301163975
456,405,1.0,10372.295575696637
456,406,1.0,10376.292120138152
456,407,1.0,10386.112504405637
456,408,1.0,10384.046969596664
456,409,1.0,10385.649497883209
456,410,0.0,10382.533803033844
456,411,1.0,10380.318177544392
456,412,1.0,10379.246832260675
456,413,0.0,10376.133058210997
456,414,0.0,10376.133058210997
456,415,0.0,10376.133058210997
456,416,0.0,10376.133058210997
456,417,0.0,10376.133058210997
456,418,-1.0,10370.01316787764
456,419,-1.0,10371.564891150845
456,420,-1.0,10382.284663649592
456,421,-1.0,10384.762236474338
456,422,-1.0,10381.771897844348
456,423,-1.0,10376.65328395551
456,424,-1.0,10371.10031398298
456,425,-1.0,10372.831223208279
456,426,-1.0,10367.584806283701
456,427,-1.0,10367.431351810097
456,428,-1.0,10356.712417917472
456,429,-1.0,10334.849258052387
456,430,-1.0,10311.941056472824
456,431,-1.0,10296.087235127907
456,432,-1.0,10275.769076725644
456,433,-1.0,10265.320168105405
456,434,-1.0,10264.261535682146
456,435,-1.0,10262.93909291335
456,436,-1.0,10260.231377119917
456,437,-1.0,10256.089654480002
456,438,-1.0,10253.169067735933
456,439,-1.0,10245.962935845582
456,440,-1.0,10229.549003674572
456,441,-1.0,10227.254767499715
456,442,-1.0,10228.74951835887
456,443,-1.0,10232.302432194914
456,444,-1.0,10232.690887086052
456,445,-1.0,10236.796369825135
456,446,-1.0,10231.348006191472
456,447,-1.0,10229.235709552191
456,448,-1.0,10222.675790068764
456,449,-1.0,10217.082161693897
456,450,-1.0,10209.807127503946
456,451,-1.0,10207.113100808745
456,452,-1.0,10199.350020046066
456,453,-1.0,10198.10291278069
456,454,-1.0,10195.391125152559
456,455,-1.0,10193.435531429606
456,456,-1.0,10187.342313257752
456,457,-1.0,10183.409887350826
456,458,-1.0,10172.180300879463
456,459,0.0,10169.1286467892
456,460,1.0,10175.127733292258
456,461,1.0,10186.700118556346
456,462,1.0,10198.531960037131
456,463,1.0,10206.15823276366
456,464,0.0,10203.096385293831
456,465,-1.0,10191.423826607319
456,466,-1.0,10184.260878132585
456,467,-1.0,10173.805009119811
456,468,-1.0,10160.967677641695
456,469,-1.0,10142.867324294264
456,470,-1.0,10126.38202956761
456,471,-1.0,10115.658919222658
456,472,-1.0,10100.268388706221
456,473,-1.0,10090.296026189515
456,474,-1.0,10088.90954655465
456,475,-1.0,10089.863108231728
456,476,-1.0,10088.897227147674
456,477,-1.0,10097.226055176581
456,478,-1.0,10108.539154498603
456,479,-1.0,10119.258351043922
456,480,-1.0,10126.260688467974
456,481,-1.0,10134.437216424321
456,482,-1.0,10144.32219346345
456,483,-1.0,10145.814570725692
456,484,-1.0,10145.29053537597
456,485,-1.0,10139.907382559712
456,486,0.0,10136.865410344944
456,487,1.0,10151.797299818081
456,488,1.0,10164.344352638927
456,489,1.0,10176.66882878824
456,490,1.0,10188.140759778044
456,491,1.0,10194.177515761008
456,492,1.0,10204.45829864607
456,493,1.0,10211.846082751666
456,494,1.0,10222.194858260073
456,495,1.0,10230.806113868643
456,496,1.0,10239.501333856915
456,497,1.0,10245.001407059823
456,498,1.0,10253.859302127903
456,499,0.0,10250.783144337265
456,500,0.0,10250.783144337265
456,501,0.0,10250.783144337265
456,502,0.0,10250.783144337265
456,503,0.0,10250.783144337265
456,504,-1.0,10253.737917036759
456,505,-1.0,10260.918444738032
456,506,-1.0,10262.068461308885
456,507,-1.0,10263.842869784005
456,508,-1.0,10265.393085994787
456,509,-1.0,10266.282181342958
456,510,0.0,10263.202296688556
456,511,1.0,10262.307253202807
456,512,1.0,10265.487666193463
456,513,1.0,10265.589200045186
456,514,1.0,10278.653207071933
456,515,1.0,10298.602178689043
456,516,1.0,10319.904096721553
456,517,1.0,10339.551551258357
456,518,1.0,10357.27445273255
456,519,1.0,10361.48467887539
456,520,0.0,10358.376233471727
456,521,0.0,10358.376233471727
456,522,0.0,10358.376233471727
456,523,-1.0,10365.081043950051
456,524,-1.0,10372.177024018105
456,525,-1.0,10377.196388722907
456,526,-1.0,10392.162443366395
456,527,-1.0,10399.671062928002
456,528,-1.0,10405.186996028093
456,529,-1.0,10417.820442814598
456,530,-1.0,10429.028055770163
456,531,-1.0,10430.00638564996
456,532,0.0,10426.877383734265
456,533,1.0,10422.387085652574
456,534,1.0,10425.292839874812
456,535,1.0,10426.052188214808
456,536,1.0,10423.845898763297
456,537,1.0,10417.813247992168
456,538,1.0,10415.353045833228
456,539,1.0,10412.621743896205
456,540,1.0,10412.219152349595
456,541,1.0,10406.285047104891
456,542,1.0,10399.319756145564
456,543,1.0,10388.92363440677
456,544,1.0,10378.266213215416
456,545,1.0,10363.636647672127
456,546,1.0,10363.35374896499
456,547,1.0,10369.240708952406
456,548,1.0,10373.176594273531
456,549,1.0,10379.075457158424
456,550,1.0,10388.542920732796
456,551,1.0,10382.33830111151
456,552,1.0,10373.548084867407
456,553,1.0,10366.967297983354
456,554,1.0,10363.369924792652
456,555,1.0,10361.135435831176
456,556,0.0,10358.027095200427
456,557,1.0,10367.912726379402
456,558,1.0,10376.663015036684
456,559,1.0,10382.307270514484
456,560,0.0,10379.19257833333
456,561,0.0,10379.19257833333
456,562,0.0,10379.19257833333
456,563,0.0,10379.19257833333
456,564,0.0,10379.19257833333
456,565,-1.0,10373.14225849376
456,566,-1.0,10372.741001668823
456,567,-1.0,10371.982255245397
456,568,-1.0,10370.504400130258
456,569,-1.0,10366.516718565696
456,570,-1.0,10361.314724661706
456,571,-1.0,10353.488566240509
456,572,-1.0,10350.617719971007
456,573,-1.0,10349.441143703969
456,574,-1.0,10356.422905765201
456,575,-1.0,10365.889425951342
456,576,-1.0,10382.552455807247
456,577,-1.0,10400.891444101137
456,578,-1.0,10416.256360922855
456,579,-1.0,10420.537811385244
456,580,-1.0,10423.364505994026
456,581,-1.0,10427.299689145797
456,582,-1.0,10427.863162322878
456,583,-1.0,10421.84998757365
456,584,-1.0,10421.189956339023
456,585,0.0,10418.063599352123
456,586,1.0,10413.846607218853
456,587,1.0,10418.59894290063
456,588,1.0,10417.054068502637
456,589,1.0,10413.94010174068
456,590,1.0,10410.507830072276
456,591,0.0,10407.384677723256
456,592,0.0,10407.384677723256
456,593,0.0,10407.384677723256
456,594,1.0,10402.843937102794
456,595,1.0,10395.793906360646
456,596,0.0,10392.675168188738
456,597,0.0,10392.675168188738
456,598,0.0,10392.675168188738
456,599,0.0,10392.675168188738
456,600,0.0,10392.675168188738
456,601,-1.0,10373.960942317419
456,602,-1.0,10356.21099018122
456,603,-1.0,10342.690766980575
456,604,-1.0,10329.24651513624
456,605,-1.0,10324.177382576963
456,606,-1.0,10322.712709885276
456,607,-1.0,10323.548354337763
456,608,-1.0,10322.653909033212
456,609,-1.0,10326.977442240843
456,610,-1.0,10331.250324508588
456,611,-1.0,10336.789980107173
456,612,-1.0,10345.586222152095
456,613,-1.0,10357.861186263393
456,614,-1.0,10357.127998753032
456,615,-1.0,10355.124230845577
456,616,-1.0,10351.961236475821
456,617,-1.0,10346.28539849969
456,618,-1.0,10339.63095792289
456,619,-1.0,10342.96147410718
456,620,-1.0,10342.843606945913
456,621,-1.0,10336.76283492189
456,622,-1.0,10324.43261230589
456,623,-1.0,10309.875269022841
456,624,-1.0,10294.969565138086
456,625,-1.0,10289.42778996149
456,626,-1.0,10291.738154224375
456,627,-1.0,10306.750256679748
456,628,-1.0,10326.226089456275
456,629,-1.0,10348.474859495456
456,630,-1.0,10359.81473231051
456,631,-1.0,10365.496331942086
456,632,-1.0,10360.514379444505
456,633,-1.0,10356.056116655518
456,634,-1.0,10355.738980328862
456,635,-1.0,10367.959983427974
456,636,0.0,10364.849595432946
456,637,1.0,10335.196581838361
456,638,1.0,10313.384711282788
456,639,1.0,10305.984617108681
456,640,1.0,10306.507844961421
456,641,1.0,10306.551202903403
456,642,1.0,10307.459092194984
456,643,1.0,10299.781610425876
456,644,1.0,10289.427713892783
456,645,1.0,10273.274713035822
456,646,1.0,10263.03205816723
456,647,1.0,10256.99115326723
456,648,1.0,10257.025092508415
456,649,1.0,10253.107567173742
456,650,1.0,10258.60472432651
456,651,1.0,10259.04906009537
456,652,1.0,10262.261442126981
456,653,1.0,10266.37636074402
456,654,1.0,10267.333844550234
456,655,1.0,10261.83509737722
456,656,1.0,10254.822562819525
456,657,1.0,10243.918866004848
456,658,1.0,10238.128074699742
456,659,1.0,10237.07475854298
456,660,1.0,10237.56447848465
456,661,0.0,10234.493209141105
456,662,0.0,10234.493209141105
456,663,0.0,10234.493209141105
456,664,0.0,10234.493209141105
456,665,0.0,10234.493209141105
456,666,-1.0,10221.399047142753
456,667,-1.0,10207.591299061243
456,668,-1.0,10201.251680050093
456,669,-1.0,10200.386319183503
456,670,-1.0,10200.91399714925
456,671,-1.0,10202.186946569142
456,672,-1.0,10207.901421456463
456,673,-1.0,10202.627663919302
456,674,-1.0,10199.868804288628
456,675,-1.0,10199.476113325589
456,676,-1.0,10197.767628105461
456,677,-1.0,10206.556704573053
456,678,-1.0,10225.214567751827
456,679,-1.0,10233.150553502426
456,680,-1.0,10242.020744534573
456,681,-1.0,10244.536759011984
456,682,-1.0,10226.215018046927
456,683,-1.0,10203.930442501249
456,684,-1.0,10184.369735458717
456,685,-1.0,10168.755738802492
456,686,-1.0,10164.969564659701
456,687,-1.0,10164.908463701557
456,688,-1.0,10161.710778956103
456,689,-1.0,10163.691655566527
456,690,-1.0,10166.019464833715
456,691,-1.0,10161.859788537351
456,692,-1.0,10158.759882211152
456,693,-1.0,10162.055321791164
456,694,-1.0,10167.73370978392
456,695,-1.0,10175.308417177526
456,696,-1.0,10191.307242758834
456,697,-1.0,10210.744890230355
456,698,-1.0,10226.77182240834
456,699,-1.0,10230.59902297693
456,700,-1.0,10229.860308925296
456,701,-1.0,10221.76531595152
456,702,-1.0,10222.485341274005
456,703,-1.0,10243.453393988235
456,704,-1.0,10273.485574894508
456,705,0.0,10270.40352922204
456,706,0.0,10270.40352922204
456,707,1.0,10225.721022025153
456,708,1.0,10194.533516330896
456,709,1.0,10168.821242518336
456,710,1.0,10126.907026248333
456,711,1.0,10105.50037846659
456,712,1.0,10085.031372772557
456,713,1.0,10070.788701660304
456,714,1.0,10041.201530864184
456,715,1.0,10025.05522014926
456,716,1.0,9995.174032937039
456,717,1.0,9980.212607273761
456,718,1.0,9959.668028661494
456,719,1.0,9941.462484148107
456,720,1.0,9926.765762427005
456,721,1.0,9921.96977515036
456,722,1.0,9918.306926793277
456,723,1.0,9924.132216806693
456,724,1.0,9935.902380383339
456,725,1.0,9951.319011518573
456,726,1.0,9961.954572226026
456,727,1.0,9972.356648384037
456,728,1.0,9979.030051088304
456,729,1.0,9987.02393131163
456,730,1.0,9994.419078883133
456,731,1.0,9995.167813028218
456,732,1.0,9991.098663413099
456,733,0.0,9988.101333814075
456,734,0.0,9988.101333814075
456,735,0.0,9988.101333814075
456,736,0.0,9988.101333814075
456,737,0.0,9988.101333814075
456,738,-1.0,9986.379751818444
456,739,-1.0,9990.397962741104
456,740,-1.0,9998.93516531756
456,741,-1.0,9993.187835473647
456,742,-1.0,9970.208579845857
456,743,-1.0,9945.207502999974
456,744,-1.0,9930.011411244817
456,745,-1.0,9904.933389161552
456,746,-1.0,9884.024939503572
456,747,-1.0,9874.526222555314
456,748,-1.0,9871.912944640155
456,749,-1.0,9861.993721533643
456,750,-1.0,9859.833676314378
456,751,-1.0,9861.720720087818
456,752,-1.0,9869.38529746048
456,753,-1.0,9871.772704432016
456,754,-1.0,9872.16668173549
456,755,-1.0,9869.353953036994
456,756,-1.0,9874.812715890852
456,757,-1.0,9873.56695107376
456,758,-1.0,9879.861956558883
456,759,-1.0,9896.9907990588
456,760,-1.0,9911.58255640975
456,761,-1.0,9914.374616533305
456,762,-1.0,9917.91347879723
456,763,-1.0,9912.921865198216
456,764,-1.0,9899.87625221196
456,765,-1.0,9890.624858049021
456,766,-1.0,9886.847070576425
456,767,-1.0,9889.898682972724
456,768,-1.0,9895.58569088328
456,769,-1.0,9902.91616675871
456,770,-1.0,9907.269326157471
456,771,-1.0,9912.931386954282
456,772,0.0,9909.957507538196
456,773,1.0,9908.2052679115
456,774,1.0,9912.500253549879
456,775,1.0,9916.805538486116
456,776,1.0,9920.362891982455
456,777,1.0,9916.570987729945
456,778,1.0,9910.965097075
456,779,1.0,9906.142982975709
456,780,1.0,9900.403780164583
456,781,1.0,9894.2501067957
456,782,1.0,9894.037423342503
456,783,1.0,9893.057768536924
456,784,1.0,9888.933837886907
456,785,1.0,9881.866182627415
456,786,1.0,9879.116354112966
456,787,1.0,9872.039591314378
456,788,1.0,9866.945446783468
456,789,1.0,9865.529036697328
456,790,1.0,9870.8845213409
456,791,1.0,9876.292894269667
456,792,1.0,9885.649856235383
456,793,1.0,9886.473533069448
456,794,1.0,9887.320990927945
456,795,1.0,9883.818562947903
456,796,1.0,9877.427691281322
456,797,0.0,9874.464462973938
456,798,-1.0,9868.591345288502
456,799,-1.0,9869.257865143054
456,800,-1.0,9871.436932298433
456,801,-1.0,9870.572774139215
456,802,-1.0,9871.562242604832
456,803,-1.0,9870.814795173523
456,804,-1.0,9865.669429460422
456,805,-1.0,9858.188735545311
456,806,-1.0,9851.395830588637
456,807,-1.0,9852.010497930474
456,808,-1.0,9857.560072184539
456,809,-1.0,9866.572305511403
456,810,-1.0,9882.183786016485
456,811,-1.0,9891.489094263608
456,812,-1.0,9892.795416837465
456,813,-1.0,9886.413350865278
456,814,-1.0,9867.951118281337
456,815,-1.0,9845.066448550502
456,816,-1.0,9832.345348782219
456,817,-1.0,9819.379367147078
456,818,-1.0,9813.051721189495
456,819,-1.0,9817.939828536031
456,820,-1.0,9822.26385903307
456,821,-1.0,9822.804749294557
456,822,-1.0,9821.104867112956
456,823,-1.0,9817.930637554424
456,824,-1.0,9814.600324977237
456,825,-1.0,9806.833516147037
456,826,-1.0,9803.93731496074
456,827,-1.0,9808.735656357623
456,828,-1.0,9816.26104017086
456,829,-1.0,9821.760236042668
456,830,-1.0,9823.444178223459
456,831,-1.0,9822.35955601673
456,832,-1.0,9814.16996587726
456,833,-1.0,9811.575980456515
456,834,-1.0,9813.004345915115
456,835,-1.0,9832.024826871959
456,836,-1.0,9842.965566197874
456,837,-1.0,9858.39810961815
456,838,-1.0,9864.980699380796
456,839,-1.0,9873.201633395485
456,840,-1.0,9870.102148018488
456,841,-1.0,9873.452455608918
456,842,0.0,9870.490419872236
456,843,1.0,9870.471043713458
456,844,1.0,9872.011062074263
456,845,1.0,9862.41460586854
456,846,1.0,9841.532932084876
456,847,1.0,9809.282138909577
456,848,1.0,9778.778387362789
456,849,1.0,9741.026603418402
456,850,1.0,9712.426173608554
456,851,1.0,9704.578134301906
456,852,1.0,9712.653576353421
456,853,1.0,9707.664964586193
456,854,1.0,9720.995931103114
456,855,1.0,9732.552032378184
456,856,1.0,9731.443280263877
456,857,1.0,9724.67314575688
456,858,1.0,9731.878080761466
456,859,1.0,9733.21089653775
456,860,1.0,9738.266478647984
456,861,1.0,9743.89401232017
456,862,1.0,9750.955856292345
456,863,1.0,9757.650807992415
456,864,1.0,9763.934622794135
456,865,1.0,9768.493675578353
456,866,1.0,9775.143929642258
456,867,0.0,9772.211386463365
456,868,0.0,9772.211386463365
456,869,0.0,9772.211386463365
456,870,0.0,9772.211386463365
456,871,0.0,9772.211386463365
456,872,-1.0,9771.62510875403
456,873,-1.0,9776.849328917955
456,874,-1.0,9783.663607479402
456,875,-1.0,9778.516037185405
456,876,-1.0,9777.946413513799
456,877,-1.0,9776.474512750881
456,878,-1.0,9775.48617016102
456,879,-1.0,9778.398027721854
456,880,-1.0,9791.778148401361
456,881,-1.0,9806.955151906599
456,882,-1.0,9813.978270794161
456,883,-1.0,9823.475578945994
456,884,-1.0,9826.002785345145
456,885,-1.0,9836.404912460523
456,886,-1.0,9840.096095310253
456,887,-1.0,9849.126116117419
456,888,-1.0,9858.526015937601
456,889,-1.0,9866.31335764253
456,890,-1.0,9873.073980469288
456,891,-1.0,9880.189541827469
456,892,0.0,9877.225484964922
456,893,1.0,9875.797387255756
456,894,1.0,9877.046531510063
456,895,1.0,9885.679065770799
456,896,1.0,9894.537920403962
456,897,1.0,9910.61311917768
456,898,1.0,9920.929139925507
456,899,1.0,9931.735795814673
456,900,0.0,9928.75627507593
456,901,0.0,9928.75627507593
456,902,0.0,9928.75627507593
456,903,-1.0,9929.46937224504
456,904,-1.0,9936.751571067916
456,905,-1.0,9936.836098545271
456,906,-1.0,9941.790097897276
456,907,-1.0,9935.629111508813
456,908,-1.0,9921.697946401284
456,909,-1.0,9917.624337638044
456,910,-1.0,9916.208202668638
456,911,-1.0,9919.654263349727
456,912,-1.0,9934.166684846825
456,913,-1.0,9960.050500107844
456,914,-1.0,9976.262028437119
456,915,-1.0,9994.814351757323
456,916,-1.0,10009.760535251047
456,917,-1.0,10024.532754019237
456,918,-1.0,10023.663497364969
456,919,-1.0,10014.961971675539
456,920,-1.0,10016.360938875629
456,921,-1.0,10018.83313521409
456,922,0.0,10015.827485273527
456,923,1.0,10015.882035945817
456,924,1.0,10012.85840527784
456,925,1.0,10025.390318024349
456,926,1.0,10040.347346742143
456,927,1.0,10044.272690167232
456,928,1.0,10048.546399083285
456,929,1.0,10051.113269504978
456,930,0.0,10048.097935524127
456,931,0.0,10048.097935524127
456,932,-1.0,10044.952102209543
456,933,-1.0,10045.630032155534
456,934,-1.0,10038.822373768937
456,935,-1.0,10032.427464917208
456,936,-1.0,10031.253086250323
456,937,-1.0,10024.596366082082
456,938,-1.0,10023.349833917808
456,939,-1.0,10027.089454612526
456,940,-1.0,10018.652439133431
456,941,-1.0,10001.519873003495
456,942,-1.0,9988.023682062709
456,943,-1.0,9972.972944794381
456,944,-1.0,9958.584222284962
456,945,-1.0,9952.760782205123
456,946,-1.0,9954.555014030659
456,947,-1.0,9954.959872537967
456,948,-1.0,9959.271773975393
456,949,-1.0,9965.673628125673
456,950,-1.0,9983.91425733995
456,951,-1.0,10003.873746277526
456,952,-1.0,10030.144889737274
456,953,-1.0,10050.545626496596
456,954,-1.0,10070.07702042359
456,955,-1.0,10081.90879100863
456,956,-1.0,10089.854014163544
456,957,-1.0,10093.032069868825
456,958,-1.0,10090.182053498784
456,959,0.0,10087.154998882734
456,960,1.0,10102.09790775235
456,961,1.0,10123.355616709488
456,962,1.0,10139.883048084046
456,963,1.0,10150.681964106452
456,964,1.0,10162.143266738114
456,965,1.0,10170.377314855472
456,966,1.0,10174.513910234386
456,967,0.0,10171.461556061315
456,968,0.0,10171.461556061315
456,969,0.0,10171.461556061315
456,970,-1.0,10163.744585698905
456,971,-1.0,10156.95836859795
456,972,-1.0,10143.821938507037
456,973,-1.0,10139.331741830867
456,974,-1.0,10137.44928309771
456,975,-1.0,10137.53848638806
456,976,-1.0,10129.488499638715
456,977,-1.0,10144.05287400673
456,978,-1.0,10148.039750374579
456,979,-1.0,10144.697060749924
456,980,-1.0,10122.983426745825
456,981,-1.0,10116.83585413891
456,982,-1.0,10088.739915071861
456,983,-1.0,10062.218757794572
456,984,-1.0,10037.991180004183
456,985,-1.0,10025.8612597309
456,986,-1.0,10007.6399876771
456,987,-1.0,9993.494245112435
456,988,-1.0,9976.439577458641
456,989,-1.0,9962.479821363362
456,990,-1.0,9950.329140519714
456,991,-1.0,9940.653485520923
456,992,-1.0,9926.441911260248
456,993,-1.0,9921.122623343996
456,994,-1.0,9919.1507634081
456,995,-1.0,9926.56900055638
456,996,-1.0,9930.42027113339
456,997,-1.0,9941.70044395221
456,998,-1.0,9954.288616744001
456,999,-1.0,9962.564597675751
456,1000,-1.0,9959.86636351186
456,1001,-1.0,9965.222329968068
456,1002,-1.0,9962.658793546818
456,1003,-1.0,9956.635568314112
456,1004,-1.0,9951.200630177587
456,1005,-1.0,9949.844395305123
456,1006,-1.0,9943.711543673284
456,1007,0.0,9940.728430210182
456,1008,1.0,9939.944530392017
456,1009,1.0,9941.40684289867
456,1010,1.0,9945.86148379241
456,1011,1.0,9954.907116856193
456,1012,1.0,9963.303469886474
456,1013,1.0,9968.813538786153
456,1014,1.0,9970.303970445606
456,1015,1.0,9974.302825180466
456,1016,1.0,9978.802827125544
456,1017,1.0,9978.884179401399
456,1018,1.0,9971.262902501077
456,1019,1.0,9976.46335269646
456,1020,1.0,9981.860566393252
456,1021,1.0,9979.941302902116
456,1022,1.0,9980.215519253235
456,1023,1.0,9987.092887013814
456,1024,1.0,9981.612578624721
456,1025,1.0,9971.97192448304
456,1026,1.0,9966.71246444887
456,1027,1.0,9963.528636273519
456,1028,1.0,9956.881060277534
456,1029,1.0,9951.666918984127
456,1030,1.0,9945.694731059459
456,1031,1.0,9945.096891694278
456,1032,1.0,9943.850346797059
456,1033,1.0,9948.557640776546
456,1034,1.0,9954.834299021119
456,1035,1.0,9962.987043005147
456,1036,1.0,9968.443487802404
456,1037,1.0,9969.268543290958
456,1038,1.0,9967.582791990912
456,1039,1.0,9966.186192755848
456,1040,1.0,9967.263543148745
456,1041,1.0,9964.94339904686
456,1042,1.0,9977.675042936045
456,1043,1.0,9989.484237449778
456,1044,1.0,10004.475454302556
456,1045,1.0,10018.08927081072
456,1046,1.0,10031.0255180633
456,1047,1.0,10029.42177068618
456,1048,0.0,10026.412944154974
456,1049,0.0,10026.412944154974
456,1050,0.0,10026.412944154974
456,1051,0.0,10026.412944154974
456,1052,0.0,10026.412944154974
456,1053,-1.0,10022.537073987263
456,1054,-1.0,10025.060998477433
456,1055,-1.0,10029.01854369078
456,1056,-1.0,10031.968630562955
456,1057,-1.0,10038.84370721797
456,1058,-1.0,10048.332489282751
456,1059,-1.0,10054.664680210513
456,1060,-1.0,10063.091632587493
456,1061,-1.0,10065.754996797086
456,1062,-1.0,10066.775857344546
456,1063,-1.0,10062.992318136941
456,1064,-1.0,10059.948699590213
456,1065,0.0,10056.930714980337
456,1066,1.0,10062.954389496941
456,1067,1.0,10074.108964162251
456,1068,1.0,10085.396701018903
456,1069,1.0,10102.838343943129
456,1070,1.0,10121.84683083551
456,1071,1.0,10135.727453999529
456,1072,0.0,10132.68673576333
456,1073,0.0,10132.68673576333
456,1074,-1.0,10126.383938541489
456,1075,-1.0,10126.551690802939
456,1076,-1.0,10128.961139987896
456,1077,-1.0,10132.33789662325
456,1078,-1.0,10136.849301638644
456,1079,-1.0,10146.10493093685
456,1080,-1.0,10153.393566705638
456,1081,-1.0,10156.617486673154
456,1082,-1.0,10162.161692353653
456,1083,-1.0,10161.968741016852
456,1084,-1.0,10161.319383016556
456,1085,-1.0,10160.670066288962
456,1086,-1.0,10163.46865372975
456,1087,-1.0,10165.193377322135
456,1088,-1.0,10169.090244821999
456,1089,-1.0,10169.68484709538
456,1090,-1.0,10171.695579137606
456,1091,0.0,10168.644070463864
456,1092,1.0,10169.333426765465
456,1093,1.0,10173.736200094034
456,1094,1.0,10177.823897484739
456,1095,1.0,10183.631999856452
456,1096,0.0,10180.576910256495
456,1097,0.0,10180.576910256495
456,1098,0.0,10180.576910256495
456,1099,1.0,10181.826256254179
456,1100,1.0,10176.964021449881
456,1101,1.0,10169.59831479181
456,1102,0.0,10166.547435297372
456,1103,-1.0,10170.00134384882
456,1104,-1.0,10169.492904434604
456,1105,-1.0,10154.009548905971
456,1106,-1.0,10141.106419741613
456,1107,-1.0,10124.935988394696
456,1108,-1.0,10109.838141729935
456,1109,-1.0,10094.103562970344
456,1110,-1.0,10088.947985583382
456,1111,-1.0,10085.746940320889
456,1112,-1.0,10090.34666418737
456,1113,-1.0,10097.460995389594
456,1114,-1.0,10108.093640478346
456,1115,-1.0,10114.254121539065
456,1116,-1.0,10118.39354961316
456,1117,-1.0,10121.493694105202
456,1118,-1.0,10118.523218993314
456,1119,-1.0,10117.877529715775
456,1120,-1.0,10115.611669885668
456,1121,-1.0,10116.604454663171
456,1122,-1.0,10122.711129754118
456,1123,-1.0,10134.23457835318
456,1124,-1.0,10142.33296172872
456,1125,-1.0,10153.977060241854
456,1126,-1.0,10160.666218510738
456,1127,-1.0,10163.010819112687
456,1128,0.0,10159.961915866954
456,1129,1.0,10154.257476207422
456,1130,1.0,10152.730890920819
456,1131,1.0,10148.460747441204
456,1132,1.0,10144.791309299299
456,1133,1.0,10144.399988340794
456,1134,1.0,10146.936916018572
456,1135,1.0,10144.866959382402
456,1136,1.0,10143.02618863379
456,1137,1.0,10137.501587946155
456,1138,1.0,10127.997121613884
456,1139,1.0,10116.385647645016
456,1140,1.0,10112.059174557853
456,1141,1.0,10108.657134105706
456,1142,1.0,10110.080846187268
456,1143,1.0,10112.901829444692
456,1144,1.0,10113.49958699145
456,1145,1.0,10115.734792499145
456,1146,1.0,10123.138496287922
456,1147,1.0,10133.520291083249
456,1148,1.0,10151.186619752572
456,1149,0.0,10148.141263766647
456,1150,1.0,10162.570757712905
456,1151,1.0,10178.492385712821
456,1152,0.0,10175.438837997108
456,1153,0.0,10175.438837997108
456,1154,0.0,10175.438837997108
456,1155,0.0,10175.438837997108
456,1156,0.0,10175.438837997108
456,1157,-1.0,10180.357588556742
456,1158,-1.0,10183.652953920584
456,1159,-1.0,10182.69665776216
456,1160,-1.0,10188.534557193414
456,1161,-1.0,10192.410562931162
456,1162,-1.0,10191.588146900964
456,1163,-1.0,10192.137136059458
456,1164,-1.0,10186.171203842468
456,1165,-1.0,10168.82858643914
456,1166,-1.0,10158.593343404007
456,1167,-1.0,10148.93221104898
456,1168,-1.0,10142.78083791326
456,1169,-1.0,10142.442212685337
456,1170,-1.0,10150.25059717131
456,1171,-1.0,10151.596982184996
456,1172,-1.0,10152.519072188199
456,1173,-1.0,10151.26406915129
456,1174,-1.0,10144.638782618575
456,1175,-1.0,10130.703491673985
456,1176,-1.0,10123.30708244524
456,1177,-1.0,10116.340017434455
456,1178,-1.0,10113.608051923547
456,1179,-1.0,10113.249353422914
456,1180,-1.0,10120.392519451876
456,1181,-1.0,10126.40700672149
456,1182,-1.0,10138.841270589404
456,1183,-1.0,10153.60685493561
456,1184,-1.0,10174.24571801307
456,1185,-1.0,10189.946733559476
456,1186,-1.0,10203.245590767649
456,1187,-1.0,10208.493504398351
456,1188,-1.0,10208.425884354247
456,1189,0.0,10205.363356588941
456,1190,1.0,10201.290751770452
456,1191,1.0,10206.031435453087
456,1192,1.0,10210.327727099944
456,1193,1.0,10219.88532215739
456,1194,1.0,10235.002862960337
456,1195,1.0,10257.937257876474
456,1196,1.0,10280.056648654949
456,1197,1.0,10299.305401870954
456,1198,1.0,10315.322371725542
456,1199,1.0,10324.202903377727
456,1200,0.0,10321.105642506715
456,1201,0.0,10321.105642506715
456,1202,-1.0,10315.42952270469
456,1203,-1.0,10325.306240403701
456,1204,-1.0,10333.846484021713
456,1205,-1.0,10346.462599423403
456,1206,-1.0,10357.9688218757
456,1207,-1.0,10370.96037365135
456,1208,-1.0,10372.974443527124
456,1209,-1.0,10370.476076250012
456,1210,-1.0,10365.443615316433
456,1211,-1.0,10367.881327080464
456,1212,-1.0,10372.071773284297
456,1213,-1.0,10377.694780642116
456,1214,-1.0,10387.964926418657
456,1215,-1.0,10388.7895790715
456,1216,-1.0,10383.611396838403
456,1217,-1.0,10380.228229713706
456,1218,0.0,10377.114161244792
456,1219,1.0,10384.19021418546
456,1220,1.0,10391.185279804791
456,1221,1.0,10388.895242763901
456,1222,0.0,10385.778574191072
456,1223,0.0,10385.778574191072
456,1224,1.0,10389.356806381305
456,1225,0.0,10386.239999339392
456,1226,0.0,10386.239999339392
456,1227,1.0,10387.894554022527
456,1228,0.0,10384.77818565632
456,1229,0.0,10384.77818565632
456,1230,0.0,10384.77818565632
456,1231,0.0,10384.77818565632
456,1232,0.0,10384.77818565632
456,1233,-1.0,10404.683601538834
456,1234,-1.0,10428.648604690705
456,1235,-1.0,10448.068263277313
456,1236,-1.0,10464.100331867949
456,1237,-1.0,10470.391652099423
456,1238,-1.0,10466.875675733354
456,1239,0.0,10463.735613030634
456,1240,1.0,10465.86375708913
456,1241,1.0,10478.977574484057
456,1242,1.0,10489.530631806392
456,1243,1.0,10495.294065260301
456,1244,1.0,10506.418037612812
456,1245,1.0,10514.551213146968
456,1246,1.0,10526.349105596124
456,1247,1.0,10536.711119137004
456,1248,1.0,10549.402663466319
456,1249,1.0,10555.00644382799
456,1250,0.0,10551.839941894841
456,1251,-1.0,10557.846320484225
456,1252,-1.0,10562.356854520349
456,1253,-1.0,10561.706102252216
456,1254,-1.0,10578.134394370778
456,1255,-1.0,10595.16215065649
456,1256,-1.0,10617.434828739963
456,1257,-1.0,10655.405264931342
456,1258,-1.0,10697.952480716738
456,1259,-1.0,10716.003709276
456,1260,-1.0,10717.901909720878
456,1261,-1.0,10711.414081594276
456,1262,-1.0,10697.523796864298
456,1263,0.0,10694.31453972524
456,1264,1.0,10690.63209977825
456,1265,1.0,10678.414242119536
456,1266,1.0,10666.623427728191
456,1267,1.0,10671.832725904931
456,1268,1.0,10682.742437218609
456,1269,1.0,10681.147481523589
456,1270,1.0,10688.93179508207
456,1271,1.0,10696.191943936794
456,1272,1.0,10693.549119852134
456,1273,1.0,10699.62050079831
456,1274,1.0,10718.015193011915
456,1275,1.0,10728.867284743366
456,1276,1.0,10735.855344603375
456,1277,1.0,10744.384667928656
456,1278,0.0,10741.161352528277
456,1279,0.0,10741.161352528277
456,1280,0.0,10741.161352528277
456,1281,0.0,10741.161352528277
456,1282,0.0,10741.161352528277
456,1283,-1.0,10741.058248938925
456,1284,-1.0,10744.423399345884
456,1285,-1.0,10752.238288254557
456,1286,-1.0,10760.176748760554
456,1287,-1.0,10769.056216315916
456,1288,-1.0,10781.037039292969
456,1289,-1.0,10795.058785869322
456,1290,-1.0,10810.84848419546
456,1291,-1.0,10820.745845408892
456,1292,-1.0,10827.55532081733
456,1293,-1.0,10826.748535281657
456,1294,-1.0,10820.571004539124
456,1295,-1.0,10806.12194671792
456,1296,-1.0,10798.348945262524
456,1297,-1.0,10785.994220057006
456,1298,0.0,10782.75842179099
456,1299,0.0,10782.75842179099
456,1300,0.0,10782.75842179099
456,1301,0.0,10782.75842179099
456,1302,0.0,10782.75842179099
456,1303,-1.0,10779.247330048584
456,1304,-1.0,10779.907043753
456,1305,-1.0,10779.861548820332
456,1306,-1.0,10776.725985737632
456,1307,-1.0,10776.021060013501
456,1308,-1.0,10775.699502731344
456,1309,-1.0,10773.486967579021
456,1310,-1.0,10774.279403635113
456,1311,-1.0,10776.26960708716
456,1312,-1.0,10777.96839244919
456,1313,-1.0,10779.098885568386
456,1314,-1.0,10776.255741065364
456,1315,-1.0,10766.444478262689
456,1316,-1.0,10756.04132959168
456,1317,-1.0,10741.845359333674
456,1318,-1.0,10725.15997015592
456,1319,-1.0,10706.681506277062
456,1320,-1.0,10692.230945935507
456,1321,-1.0,10680.628150190441
456,1322,-1.0,10667.563202970383
456,1323,-1.0,10662.355582465703
456,1324,-1.0,10661.983484368688
456,1325,-1.0,10664.456127634077
456,1326,-1.0,10668.962774884694
456,1327,-1.0,10672.799727958525
456,1328,-1.0,10671.711325896635
456,1329,-1.0,10669.274598318227
456,1330,-1.0,10665.872000697971
456,1331,-1.0,10662.258261204279
456,1332,-1.0,10662.399382065092
456,1333,-1.0,10664.766273388786
456,1334,-1.0,10668.124654656127
456,1335,-1.0,10669.87977432054
456,1336,-1.0,10670.29700655593
456,1337,-1.0,10669.972821517309
456,1338,-1.0,10668.996932736007
456,1339,-1.0,10666.91370346766
456,1340,-1.0,10668.142670817655
456,1341,-1.0,10667.72869929221
456,1342,-1.0,10663.740057940093
456,1343,-1.0,10657.891888634123
456,1344,-1.0,10655.40728573562
456,1345,0.0,10652.2106635499
456,1346,1.0,10649.008592020939
456,1347,1.0,10648.188866100796
456,1348,1.0,10642.72700833777
456,1349,0.0,10639.534190235268
456,1350,0.0,10639.534190235268
456,1351,1.0,10635.074989937131
456,1352,1.0,10623.68651702169
456,1353,1.0,10620.608932805188
456,1354,1.0,10617.056781898575
456,1355,1.0,10615.204523824272
456,1356,1.0,10614.683997043154
456,1357,1.0,10620.228017656505
456,1358,1.0,10622.551302642873
456,1359,1.0,10625.136893826508
456,1360,1.0,10628.896020740325
456,1361,1.0,10632.407085810075
456,1362,1.0,10639.995268491359
456,1363,1.0,10647.171827773187
456,1364,1.0,10648.654660086979
456,1365,1.0,10644.424185763619
456,1366,1.0,10649.056474936024
456,1367,1.0,10648.707479864144
456,1368,0.0,10645.512867620186
456,1369,0.0,10645.512867620186
456,1370,0.0,10645.512867620186
456,1371,0.0,10645.512867620186
456,1372,0.0,10645.512867620186
456,1373,-1.0,10613.834380442893
456,1374,-1.0,10581.802555562836
456,1375,-1.0,10559.259416813764
456,1376,-1.0,10544.43722356699
456,1377,-1.0,10550.439520148433
456,1378,-1.0,10573.590536923428
456,1379,-1.0,10600.91341744311
456,1380,-1.0,10625.849732400433
456,1381,-1.0,10645.004691830478
456,1382,-1.0,10660.042325362465
456,1383,-1.0,10658.902047382408
456,1384,-1.0,10650.611233384123
456,1385,-1.0,10639.414283284617
456,1386,-1.0,10624.355228342554
456,1387,-1.0,10608.645124482153
456,1388,-1.0,10606.171823384157
456,1389,-1.0,10606.885315965854
456,1390,0.0,10603.703250371065
456,1391,1.0,10595.412833843184
456,1392,1.0,10595.352394783205
456,1393,1.0,10600.775388439366
456,1394,1.0,10605.184990395685
456,1395,1.0,10617.160197205987
456,1396,1.0,10620.696736542905
456,1397,1.0,10623.435754412076
456,1398,1.0,10632.241442044498
456,1399,0.0,10629.051769611886
456,1400,1.0,10636.632707879442
456,1401,0.0,10633.441718067079
456,1402,0.0,10633.441718067079
456,1403,0.0,10633.441718067079
456,1404,0.0,10633.441718067079
456,1405,0.0,10633.441718067079
456,1406,-1.0,10619.604268725783
456,1407,-1.0,10612.293109408372
456,1408,-1.0,10613.206436143642
456,1409,-1.0,10617.525038942866
456,1410,-1.0,10618.900097239304
456,1411,-1.0,10620.431199458599
456,1412,-1.0,10626.20651584716
456,1413,-1.0,10628.472308922215
456,1414,-1.0,10624.729199731792
456,1415,-1.0,10626.91769153014
456,1416,-1.0,10628.580797791657
456,1417,-1.0,10629.836839582156
456,1418,-1.0,10632.92015582287
456,1419,-1.0,10642.664363689586
456,1420,-1.0,10653.100935944609
456,1421,-1.0,10665.431231458744
456,1422,-1.0,10675.282043400073
456,1423,0.0,10672.079458787053
456,1424,1.0,10669.2526126356
456,1425,1.0,10671.481710352833
456,1426,1.0,10677.28022024894
456,1427,1.0,10686.638153856375
456,1428,1.0,10695.240331078847
456,1429,1.0,10703.727748099785
456,1430,1.0,10724.952103432453
456,1431,1.0,10748.48460795108
456,1432,1.0,10762.127141458595
456,1433,1.0,10773.12710641485
456,1434,1.0,10774.803933215324
456,1435,1.0,10756.930944967462
456,1436,0.0,10753.703865683972
456,1437,-1.0,10762.305346467681
456,1438,-1.0,10772.439532340159
456,1439,-1.0,10769.83924472054
456,1440,-1.0,10757.159980675477
456,1441,-1.0,10732.603827264633
456,1442,-1.0,10703.728337681467
456,1443,-1.0,10673.950807228708
456,1444,-1.0,10654.866804674715
456,1445,-1.0,10644.824959684287
456,1446,-1.0,10652.874563259309
456,1447,-1.0,10676.595843194573
456,1448,-1.0,10702.88751239815
456,1449,-1.0,10732.180454574373
456,1450,-1.0,10755.73244764539
456,1451,-1.0,10779.445915497512
456,1452,-1.0,10785.948072824023
456,1453,-1.0,10786.80198464392
456,1454,-1.0,10779.522455895081
456,1455,-1.0,10773.69412576135
456,1456,-1.0,10763.644185562676
456,1457,0.0,10760.415092307008
456,1458,1.0,10769.692030743307
456,1459,1.0,10785.74896142713
456,1460,1.0,10804.411951153996
456,1461,1.0,10826.766356620685
456,1462,1.0,10845.23448145857
456,1463,1.0,10856.309557636132
456,1464,0.0,10853.052664768842
456,1465,0.0,10853.052664768842
456,1466,0.0,10853.052664768842
456,1467,-1.0,10862.631803235274
456,1468,-1.0,10876.879478698787
456,1469,-1.0,10889.373383117585
456,1470,-1.0,10905.2855472594
456,1471,-1.0,10912.85731351743
456,1472,-1.0,10929.743273365368
456,1473,-1.0,10943.47226787336
456,1474,-1.0,10957.066793435586
456,1475,-1.0,10968.742282439986
456,1476,-1.0,10983.403078377945
456,1477,-1.0,10979.709494823033
456,1478,-1.0,10973.40118571373
456,1479,0.0,10970.109165358017
456,1480,1.0,10974.262973425759
456,1481,1.0,10977.619810121661
456,1482,1.0,10981.425430047731
456,1483,1.0,10987.227307086681
456,1484,1.0,10999.743500458688
456,1485,1.0,11008.36044691869
456,1486,1.0,11028.316951969324
456,1487,1.0,11048.335484507252
456,1488,1.0,11067.188847288762
456,1489,1.0,11085.902521307175
456,1490,1.0,11099.403660831773
456,1491,0.0,11096.073839733524
456,1492,-1.0,11079.629432064621
456,1493,-1.0,11068.196635261618
456,1494,-1.0,11056.04091958524
456,1495,-1.0,11042.55945903652
456,1496,-1.0,11039.051016747686
456,1497,-1.0,11041.446408498417
456,1498,-1.0,11044.172197001686
456,1499,-1.0,11052.176956320147
456,1500,-1.0,11050.38752737554
456,1501,-1.0,11058.850042902513
456,1502,-1.0,11062.281746390043
456,1503,-1.0,11062.73811647505
456,1504,-1.0,11055.474813375482
456,1505,-1.0,11058.274892383379
456,1506,-1.0,11043.229454145787
456,1507,-1.0,11026.542286160478
456,1508,-1.0,11015.673787381274
456,1509,-1.0,11013.754969513056
456,1510,-1.0,11010.987782894445
456,1511,-1.0,11014.200233238367
456,1512,-1.0,11027.697374186488
456,1513,-1.0,11030.661596558191
456,1514,-1.0,11035.011243305165
456,1515,-1.0,11038.76854069285
456,1516,-1.0,11029.387625448588
456,1517,-1.0,11011.499486550025
456,1518,-1.0,10994.561198583942
456,1519,-1.0,10962.827924532412
456,1520,0.0,10959.539076155053
456,1521,1.0,10970.806666145521
456,1522,1.0,10992.719809846594
456,1523,0.0,10989.421993903641
456,1524,0.0,10989.421993903641
456,1525,-1.0,10977.553609387787
456,1526,-1.0,10991.082995157447
456,1527,-1.0,11003.7797260511
456,1528,-1.0,11006.362170610188
456,1529,-1.0,11000.967954359992
456,1530,-1.0,11015.914084402173
456,1531,-1.0,11008.948075127892
456,1532,-1.0,11006.837006271257
456,1533,-1.0,11023.329843055539
456,1534,-1.0,11041.840454438181
456,1535,-1.0,11040.92174390223
456,1536,-1.0,11039.861467132563
456,1537,-1.0,11050.065871285702
456,1538,-1.0,11043.132886890095
456,1539,0.0,11039.819947024029
456,1540,1.0,11047.206977648353
456,1541,1.0,11059.402635297403
456,1542,1.0,11089.421780254093
456,1543,1.0,11111.369521623968
456,1544,1.0,11138.055534935738
456,1545,1.0,11152.588682893243
456,1546,1.0,11173.355136419123
456,1547,1.0,11184.741998448351
456,1548,1.0,11200.115008233119
456,1549,1.0,11215.873486640228
456,1550,0.0,11212.508724594236
456,1551,0.0,11212.508724594236
456,1552,0.0,11212.508724594236
456,1553,0.0,11212.508724594236
456,1554,0.0,11212.508724594236
456,1555,-1.0,11229.939106278593
456,1556,-1.0,11252.773435629035
456,1557,-1.0,11269.649451940619
456,1558,-1.0,11278.049315665121
456,1559,-1.0,11281.833071268173
456,1560,-1.0,11293.569806558276
456,1561,-1.0,11307.45209185531
456,1562,-1.0,11318.934882409698
456,1563,0.0,11315.539201944976
456,1564,1.0,11304.63019695552
456,1565,1.0,11299.742590371292
456,1566,1.0,11295.397715824123
456,1567,1.0,11290.641232993741
456,1568,1.0,11287.817951824309
456,1569,1.0,11281.00321887431
456,1570,1.0,11272.696969372748
456,1571,1.0,11265.09023201649
456,1572,1.0,11256.478751160028
456,1573,1.0,11245.794163007733
456,1574,1.0,11239.865809759065
456,1575,1.0,11231.94923524493
456,1576,1.0,11233.708752776889
456,1577,1.0,11234.62715093366
456,1578,1.0,11237.775036015639
456,1579,1.0,11240.621323149044
456,1580,1.0,11252.245291060724
456,1581,1.0,11257.153213645272
456,1582,1.0,11268.851003770178
456,1583,1.0,11280.781501947722
456,1584,1.0,11287.799838443505
456,1585,1.0,11302.995098829842
456,1586,0.0,11299.604200300193
456,1587,1.0,11297.561400710423
456,1588,0.0,11294.17213229021
456,1589,0.0,11294.17213229021
456,1590,0.0,11294.17213229021
456,1591,0.0,11294.17213229021
456,1592,0.0,11294.17213229021
456,1593,-1.0,11296.222868964
456,1594,-1.0,11298.2718808218
456,1595,-1.0,11302.390247697387
456,1596,-1.0,11301.208573141324
456,1597,-1.0,11299.144658587078
456,1598,-1.0,11296.740812368518
456,1599,-1.0,11291.760144326234
456,1600,-1.0,11282.89273052062
456,1601,-1.0,11279.707037981045
456,1602,-1.0,11273.158615257717
456,1603,-1.0,11269.96489657332
456,1604,-1.0,11270.975010456259
456,1605,-1.0,11280.73846455813
456,1606,-1.0,11289.2934431824
456,1607,-1.0,11299.80264301625
456,1608,-1.0,11303.955371511278
456,1609,-1.0,11309.156279062197
456,1610,-1.0,11311.78442932676
456,1611,-1.0,11316.877474274715
456,1612,-1.0,11318.732153346857
456,1613,-1.0,11318.850178062401
456,1614,-1.0,11313.960386022794
456,1615,-1.0,11307.099102358747
456,1616,-1.0,11296.700286923924
456,1617,0.0,11293.311276837847
456,1618,1.0,11306.998609574657
456,1619,1.0,11334.566569438555
456,1620,0.0,11331.166199467723
456,1621,1.0,11358.967225105103
456,1622,0.0,11355.559534937573
456,1623,0.0,11355.559534937573
456,1624,-1.0,11346.734991866486
456,1625,-1.0,11333.630825237537
456,1626,-1.0,11324.575470906479
456,1627,-1.0,11330.011688538916
456,1628,-1.0,11324.645486060565
456,1629,-1.0,11312.16974631646
456,1630,-1.0,11304.75048148159
456,1631,-1.0,11295.319452507301
456,1632,-1.0,11283.15896494763
456,1633,-1.0,11286.866188016917
456,1634,-1.0,11297.093798591799
456,1635,-1.0,11311.654905947384
456,1636,-1.0,11325.789904794461
456,1637,-1.0,11341.815219212805
456,1638,-1.0,11341.077757037274
456,1639,-1.0,11339.885854077564
456,1640,-1.0,11338.821726152226
456,1641,-1.0,11345.91506323532
456,1642,-1.0,11351.473798898092
456,1643,-1.0,11352.387084035052
456,1644,-1.0,11354.924664512793
456,1645,0.0,11351.51818711344
456,1646,1.0,11363.507906031846
456,1647,1.0,11380.90344719953
456,1648,1.0,11393.96015362128
456,1649,1.0,11407.495769351179
456,1650,1.0,11407.739512743166
456,1651,1.0,11405.779858499263
456,1652,1.0,11393.316196576048
456,1653,1.0,11381.784100497509
456,1654,1.0,11351.685364685725
456,1655,1.0,11336.832808216242
456,1656,1.0,11317.973717860206
456,1657,1.0,11299.243897972588
456,1658,1.0,11275.136036981074
456,1659,1.0,11268.564802222587
456,1660,1.0,11249.0402528031
456,1661,1.0,11233.72990433823
456,1662,1.0,11218.259554227552
456,1663,1.0,11211.694790969148
456,1664,1.0,11203.942506729907
456,1665,1.0,11196.828991861097
456,1666,1.0,11183.295230771257
456,1667,1.0,11177.432821403787
456,1668,1.0,11165.824043860941
456,1669,1.0,11160.844090338429
456,1670,1.0,11166.482040156885
456,1671,1.0,11168.758123537127
456,1672,1.0,11166.345084731498
456,1673,1.0,11165.19712964971
456,1674,1.0,11165.067427419324
456,1675,1.0,11159.662860641294
456,1676,1.0,11162.987758106066
456,1677,1.0,11171.615520953139
456,1678,1.0,11179.515994143796
456,1679,1.0,11183.77506654486
456,1680,1.0,11178.701917495442
456,1681,1.0,11176.933911640363
456,1682,1.0,11175.289428797494
456,1683,1.0,11171.59195401004
456,1684,0.0,11168.240476423838
456,1685,0.0,11168.240476423838
456,1686,0.0,11168.240476423838
456,1687,0.0,11168.240476423838
456,1688,0.0,11168.240476423838
456,1689,-1.0,11172.367245020043
456,1690,-1.0,11179.840685015924
456,1691,-1.0,11183.744204920255
456,1692,-1.0,11188.879696328815
456,1693,-1.0,11194.209219788678
456,1694,-1.0,11191.456902132637
456,1695,-1.0,11182.624866063408
456,1696,-1.0,11163.4788414949
456,1697,-1.0,11145.643766845764
456,1698,-1.0,11131.542988953492
456,1699,-1.0,11121.566502785154
456,1700,-1.0,11115.77064653462
456,1701,-1.0,11122.53357494803
456,1702,-1.0,11125.278033096678
456,1703,-1.0,11128.599446682143
456,1704,-1.0,11129.35807897785
456,1705,-1.0,11141.11418457862
456,1706,-1.0,11152.37408600405
456,1707,-1.0,11157.855844831302
456,1708,-1.0,11158.6465207584
456,1709,-1.0,11162.789024778102
456,1710,-1.0,11159.067257927476
456,1711,-1.0,11156.190857506235
456,1712,-1.0,11154.79518256425
456,1713,-1.0,11157.346088244387
456,1714,-1.0,11157.12013632298
456,1715,-1.0,11148.685908829413
456,1716,-1.0,11133.93570997375
456,1717,-1.0,11129.316533773539
456,1718,-1.0,11119.969183500192
456,1719,-1.0,11115.395830924543
456,1720,-1.0,11110.00338331941
456,1721,-1.0,11104.618770536257
456,1722,-1.0,11085.20659211214
456,1723,-1.0,11060.083270573376
456,1724,-1.0,11028.340904049648
456,1725,-1.0,11000.805582164816
456,1726,-1.0,10973.66607053972
456,1727,-1.0,10964.427083572518
456,1728,-1.0,10955.48440258313
456,1729,-1.0,10952.089351826407
456,1730,-1.0,10937.068080982248
456,1731,-1.0,10929.427427785056
456,1732,-1.0,10916.8193466035
456,1733,-1.0,10913.927224342484
456,1734,-1.0,10910.876439548068
456,1735,-1.0,10922.85899882514
456,1736,-1.0,10927.47957025936
456,1737,-1.0,10929.638080190252
456,1738,-1.0,10931.29778095494
456,1739,-1.0,10926.55670007057
456,1740,-1.0,10926.025095268575
456,1741,-1.0,10933.234698000319
456,1742,-1.0,10944.54751536104
456,1743,-1.0,10957.699159692545
456,1744,-1.0,10980.060817619318
456,1745,-1.0,10990.005070421465
456,1746,-1.0,10996.717025959975
456,1747,-1.0,10997.59219727517
456,1748,-1.0,11001.55733667839
456,1749,0.0,10998.256869477387
456,1750,1.0,10992.005324162861
456,1751,1.0,10988.800091786636
456,1752,1.0,10991.933026066281
456,1753,1.0,10998.581938948435
456,1754,1.0,11004.455060613354
456,1755,1.0,10997.297527909444
456,1756,1.0,10992.72441637931
456,1757,1.0,10983.661098189179
456,1758,1.0,10980.934698111107
456,1759,1.0,10981.029276016305
456,1760,1.0,10998.478916363718
456,1761,1.0,11023.895849492872
456,1762,1.0,11053.13442383786
456,1763,1.0,11076.25766962437
456,1764,1.0,11095.051093818614
456,1765,1.0,11100.999918024825
456,1766,1.0,11092.72615055419
456,1767,0.0,11089.398332709025
456,1768,-1.0,11093.02920574508
456,1769,-1.0,11098.403415112161
456,1770,-1.0,11102.306932260326
456,1771,-1.0,11098.746205321313
456,1772,-1.0,11094.706142757077
456,1773,-1.0,11095.508956123567
456,1774,-1.0,11097.595652811742
456,1775,-1.0,11095.113297649896
456,1776,-1.0,11093.820040863704
456,1777,-1.0,11098.99517199995
456,1778,-1.0,11106.625399071427
456,1779,-1.0,11105.350142455485
456,1780,-1.0,11107.385718216257
456,1781,-1.0,11111.44390877978
456,1782,-1.0,11119.003333223736
456,1783,-1.0,11127.16406359591
456,1784,-1.0,11149.369565013427
456,1785,-1.0,11165.443889265918
456,1786,-1.0,11190.84347619504
456,1787,0.0,11187.486223152182
456,1788,1.0,11169.981943956027
456,1789,1.0,11155.578570379948
456,1790,1.0,11129.082389037601
456,1791,1.0,11109.690745548922
456,1792,1.0,11074.63826362623
456,1793,1.0,11037.680362072651
456,1794,1.0,11006.001281774825
456,1795,1.0,10986.4578943626
456,1796,1.0,10963.036987165615
456,1797,1.0,10966.811773962123
456,1798,1.0,10961.105059995125
456,1799,1.0,10970.534352878045
456,1800,1.0,10971.287072003246
456,1801,1.0,10982.919553908212
456,1802,1.0,10992.019865133767
456,1803,1.0,11017.414831142798
456,1804,1.0,11032.204078848246
456,1805,1.0,11048.309562680457
456,1806,1.0,11062.495286024377
456,1807,1.0,11068.132904688915
456,1808,1.0,11060.653071162966
456,1809,0.0,11057.334875241617
456,1810,0.0,11057.334875241617
456,1811,-1.0,11074.324815415379
456,1812,-1.0,11096.412893334644
456,1813,-1.0,11121.415257721135
456,1814,-1.0,11122.583023711499
456,1815,-1.0,11146.660561625335
456,1816,-1.0,11172.819577720575
456,1817,-1.0,11200.550836327262
456,1818,-1.0,11212.70935371995
456,1819,-1.0,11244.936058809531
456,1820,-1.0,11259.592669527017
456,1821,-1.0,11253.471144155674
456,1822,-1.0,11232.524314527122
456,1823,-1.0,11217.788538737179
456,1824,0.0,11214.423202175558
456,1825,1.0,11223.487496014648
456,1826,1.0,11227.647143567418
456,1827,1.0,11226.047691947831
456,1828,1.0,11225.823065795506
456,1829,0.0,11222.455318875767
456,1830,0.0,11222.455318875767
456,1831,-1.0,11222.381231649446
456,1832,-1.0,11231.79379599916
456,1833,-1.0,11247.301245127914
456,1834,-1.0,11257.912112407268
456,1835,-1.0,11259.113037783512
456,1836,-1.0,11256.538856278272
456,1837,-1.0,11246.965209779526
456,1838,-1.0,11231.506161954327
456,1839,-1.0,11221.376938572512
456,1840,-1.0,11212.92978093364
456,1841,-1.0,11207.994679069066
456,1842,-1.0,11213.170252056469
456,1843,-1.0,11216.864063920055
456,1844,-1.0,11218.904204551292
456,1845,-1.0,11218.79365069982
456,1846,-1.0,11216.706194585904
456,1847,-1.0,11210.49183022503
456,1848,-1.0,11206.439321416388
456,1849,-1.0,11200.085804442719
456,1850,-1.0,11194.500549020771
456,1851,-1.0,11189.51312940574
456,1852,-1.0,11181.947088401654
456,1853,-1.0,11173.728712571945
456,1854,-1.0,11169.408828355312
456,1855,-1.0,11168.322061225255
456,1856,-1.0,11166.031965859722
456,1857,-1.0,11166.721819112752
456,1858,-1.0,11174.699703119506
456,1859,-1.0,11180.362224803908
456,1860,-1.0,11181.029541974083
456,1861,-1.0,11185.450511764271
456,1862,-1.0,11189.17641890901
456,1863,-1.0,11185.250111891684
456,1864,-1.0,11182.63849838187
456,1865,-1.0,11182.695235275662
456,1866,-1.0,11181.38658325665
456,1867,-1.0,11180.541936314483
456,1868,-1.0,11183.258895724308
456,1869,-1.0,11183.682857932781
456,1870,-1.0,11187.414510588882
456,1871,-1.0,11188.499820809422
456,1872,-1.0,11185.152742902515
456,1873,-1.0,11185.486740523598
456,1874,-1.0,11190.862654322089
456,1875,-1.0,11196.265133259463
456,1876,-1.0,11202.565523607042
456,1877,-1.0,11216.344484167805
456,1878,-1.0,11230.328188812706
456,1879,-1.0,11243.747842888843
456,1880,-1.0,11256.38237361896
456,1881,-1.0,11268.641030348877
456,1882,0.0,11265.260438039773
456,1883,1.0,11263.82430934038
456,1884,1.0,11265.558882650048
456,1885,1.0,11265.81153975229
456,1886,1.0,11267.677802858923
456,1887,1.0,11267.873187265272
456,1888,1.0,11259.536405475497
456,1889,1.0,11250.794116324954
456,1890,1.0,11244.247245749877
456,1891,1.0,11236.68678082541
456,1892,1.0,11228.946784769849
456,1893,0.0,11225.578100734418
456,1894,1.0,11221.179288520245
456,1895,1.0,11219.997494702691
456,1896,1.0,11221.753052847956
456,1897,1.0,11223.189943458892
456,1898,1.0,11226.594106609069
456,1899,1.0,11234.253472165794
456,1900,0.0,11230.883196124145
456,1901,-1.0,11222.313519681997
456,1902,-1.0,11217.999827444253
456,1903,-1.0,11216.366140726084
456,1904,-1.0,11210.872252900042
456,1905,-1.0,11206.139171920375
456,1906,-1.0,11205.090469802615
456,1907,-1.0,11205.944852145978
456,1908,-1.0,11205.944852145978
456,1909,-1.0,11210.379279187828
456,1910,-1.0,11214.218927601416
456,1911,-1.0,11214.751989080489
456,1912,-1.0,11209.865701078399
456,1913,-1.0,11205.30072353859
456,1914,-1.0,11201.809608226118
456,1915,-1.0,11199.937481270741
456,1916,-1.0,11198.089121728306
456,1917,-1.0,11195.347746715372
456,1918,-1.0,11193.932401895145
456,1919,-1.0,11190.278616873919
456,1920,-1.0,11184.12036555566
456,1921,-1.0,11176.153527203052
456,1922,-1.0,11172.139029769078
456,1923,-1.0,11167.909010474186
456,1924,-1.0,11167.932370097731
456,1925,-1.0,11168.522937970438
456,1926,-1.0,11169.437045302428
456,1927,-1.0,11172.65356859823
456,1928,-1.0,11172.603506087798
456,1929,-1.0,11167.044905573654
456,1930,-1.0,11162.637450964996
456,1931,-1.0,11158.365735034995
456,1932,-1.0,11148.569575934103
456,1933,-1.0,11145.079430600494
456,1934,-1.0,11144.493593764746
456,1935,-1.0,11140.599364084781
456,1936,-1.0,11138.214036763682
456,1937,-1.0,11146.943091748195
456,1938,-1.0,11150.60140261047
456,1939,-1.0,11156.282540335158
456,1940,-1.0,11165.898440108602
456,1941,-1.0,11172.42574127123
456,1942,-1.0,11165.926296335912
456,1943,-1.0,11158.688203124007
456,1944,-1.0,11146.0182189966
456,1945,-1.0,11131.383717816292
456,1946,-1.0,11122.774524763805
456,1947,-1.0,11122.422454545418
456,1948,-1.0,11122.49550287962
456,1949,-1.0,11126.880724494938
456,1950,-1.0,11133.82054160247
456,1951,-1.0,11137.532840005068
456,1952,-1.0,11130.908008045728
456,1953,-1.0,11120.304525857056
456,1954,-1.0,11104.636134379376
456,1955,-1.0,11087.273995364923
456,1956,-1.0,11072.667346751487
456,1957,-1.0,11059.132590029456
456,1958,-1.0,11053.69028828832
456,1959,-1.0,11046.363847865345
456,1960,-1.0,11040.360040386571
456,1961,-1.0,11027.34550832133
456,1962,-1.0,11019.52611341391
456,1963,-1.0,11008.560998506906
456,1964,-1.0,11003.017604377179
456,1965,-1.0,10996.545526342841
456,1966,-1.0,10992.660912649864
456,1967,-1.0,10981.158713827419
456,1968,-1.0,10975.42924616754
456,1969,-1.0,10968.205646604074
456,1970,-1.0,10960.709334261137
456,1971,-1.0,10954.567306641367
456,1972,-1.0,10957.794137059982
456,1973,-1.0,10955.670845769551
456,1974,-1.0,10954.581816453789
456,1975,-1.0,10955.51419978196
456,1976,-1.0,10956.003228317802
456,1977,-1.0,10951.382657246259
456,1978,-1.0,10943.942259262274
456,1979,-1.0,10936.54291756176
456,1980,-1.0,10926.52405700712
456,1981,-1.0,10913.27009385257
456,1982,-1.0,10906.32210373091
456,1983,-1.0,10900.389868733939
456,1984,-1.0,10894.82728255917
456,1985,-1.0,10890.975389897143
456,1986,-1.0,10891.522477099928
456,1987,-1.0,10890.916935022506
456,1988,-1.0,10897.97378881315
456,1989,-1.0,10911.523482353008
456,1990,-1.0,10917.926002790424
456,1991,-1.0,10922.440321216645
456,1992,-1.0,10930.149185259592
456,1993,-1.0,10940.197582045064
456,1994,0.0,10936.91552277045
456,1995,1.0,10922.984514972937
456,1996,1.0,10920.56458880184
456,1997,1.0,10921.665979431133
456,1998,1.0,10930.174689523912
456,1999,1.0,10928.509070751043
456,2000,1.0,10925.909484977321
456,2001,1.0,10913.504949826844
456,2002,1.0,10907.541106562145
456,2003,1.0,10903.23878087278
456,2004,1.0,10906.890125324882
456,2005,1.0,10920.755348966326
456,2006,1.0,10935.317678139309
456,2007,1.0,10944.170678943843
456,2008,1.0,10951.960872846492
456,2009,1.0,10962.050896243483
456,2010,1.0,10967.08459412919
456,2011,1.0,10972.015859338317
456,2012,1.0,10978.068837034256
456,2013,1.0,10980.696786747467
456,2014,1.0,10982.263792367063
456,2015,1.0,10980.167868255996
456,2016,0.0,10976.87381789552
456,2017,0.0,10976.87381789552
456,2018,0.0,10976.87381789552
456,2019,0.0,10976.87381789552
456,2020,0.0,10976.87381789552
456,2021,-1.0,10962.407591944226
456,2022,-1.0,10948.33654807073
456,2023,-1.0,10929.526004088597
456,2024,0.0,10926.247146287371
456,2025,1.0,10928.902703266403
456,2026,1.0,10934.431586911289
456,2027,1.0,10937.748868902323
456,2028,1.0,10925.427478653099
456,2029,1.0,10930.96979180172
456,2030,1.0,10922.11611795942
456,2031,0.0,10918.839483124033
456,2032,0.0,10918.839483124033
456,2033,0.0,10918.839483124033
456,2034,0.0,10918.839483124033
456,2035,0.0,10918.839483124033
456,2036,-1.0,10906.284237436674
456,2037,-1.0,10899.018962140584
456,2038,-1.0,10892.162483650052
456,2039,-1.0,10882.682171852226
456,2040,-1.0,10872.383016943637
456,2041,-1.0,10868.827172255813
456,2042,-1.0,10874.644646216453
456,2043,-1.0,10877.259779373866
456,2044,-1.0,10881.746875039471
456,2045,-1.0,10890.454297936087
456,2046,-1.0,10897.287394995585
456,2047,-1.0,10901.007291343223
456,2048,-1.0,10907.619270251162
456,2049,-1.0,10915.639552028877
456,2050,-1.0,10924.17659068627
456,2051,-1.0,10929.940249218498
456,2052,-1.0,10938.250181289255
456,2053,-1.0,10946.30110479157
456,2054,-1.0,10954.850821060028
456,2055,-1.0,10962.584092782712
456,2056,0.0,10959.295317554877
456,2057,1.0,10948.729205853044
456,2058,1.0,10940.716789609358
456,2059,1.0,10931.304665103115
456,2060,1.0,10922.05897929692
456,2061,1.0,10910.429967301194
456,2062,1.0,10896.471340153299
456,2063,1.0,10884.845453711105
456,2064,1.0,10870.493682035514
456,2065,1.0,10870.982945176314
456,2066,1.0,10871.73164149978
456,2067,1.0,10873.560463728561
456,2068,1.0,10858.262376798548
456,2069,1.0,10860.352448475407
456,2070,1.0,10857.251417160753
456,2071,1.0,10846.298110051943
456,2072,1.0,10831.61041481243
456,2073,0.0,10828.360931687987
456,2074,1.0,10815.138709777586
456,2075,1.0,10790.949041372145
456,2076,1.0,10769.978609326932
456,2077,1.0,10751.2579332382
456,2078,1.0,10717.519653208998
456,2079,1.0,10686.70601307773
456,2080,1.0,10654.683794910105
456,2081,1.0,10635.565800120723
456,2082,1.0,10626.225059428034
456,2083,1.0,10635.366245743407
456,2084,1.0,10659.823557334043
456,2085,1.0,10681.500417751855
456,2086,1.0,10707.54804302494
456,2087,1.0,10730.062368676978
456,2088,1.0,10732.440215134082
456,2089,1.0,10732.267033097778
456,2090,1.0,10743.636870873628
456,2091,0.0,10740.413779812367
456,2092,0.0,10740.413779812367
456,2093,-1.0,10719.654453239948
456,2094,-1.0,10716.015497811959
456,2095,-1.0,10716.643041276158
456,2096,-1.0,10726.361813666519
456,2097,-1.0,10734.705867854607
456,2098,-1.0,10745.363751143466
456,2099,-1.0,10751.873425882743
456,2100,-1.0,10765.042095291696
456,2101,-1.0,10789.414641960955
456,2102,-1.0,10831.967216544985
456,2103,-1.0,10898.283178586751
456,2104,-1.0,10949.508199406524
456,2105,-1.0,10986.540207592183
456,2106,-1.0,11021.33762080465
456,2107,-1.0,11040.959140975549
456,2108,-1.0,11031.588383952676
456,2109,-1.0,11041.159555378661
456,2110,0.0,11037.847207512048
456,2111,1.0,11010.741938767143
456,2112,1.0,10991.805665436274
456,2113,1.0,10974.543583947481
456,2114,1.0,10970.51916900767
456,2115,1.0,10966.894380661215
456,2116,1.0,10976.68409624288
456,2117,1.0,10988.560800416695
456,2118,1.0,11003.887737421774
456,2119,1.0,11014.694064040787
456,2120,1.0,11028.673388032717
456,2121,1.0,11037.832950129974
456,2122,1.0,11049.620213194461
456,2123,1.0,11058.513982587217
456,2124,1.0,11065.755719127841
456,2125,1.0,11069.318805271323
456,2126,0.0,11065.998009629742
456,2127,-1.0,11068.218326441098
456,2128,-1.0,11078.841070595081
456,2129,-1.0,11088.785289645417
456,2130,-1.0,11098.327979141344
456,2131,-1.0,11103.008376073578
456,2132,-1.0,11102.578007500679
456,2133,-1.0,11097.536949556592
456,2134,-1.0,11093.69901933872
456,2135,-1.0,11089.724934218102
456,2136,-1.0,11092.49085725953
456,2137,-1.0,11100.039877756479
456,2138,-1.0,11109.82839323621
456,2139,-1.0,11114.563553907306
456,2140,-1.0,11112.984188763447
456,2141,-1.0,11102.953388606926
456,2142,-1.0,11087.63385504416
456,2143,-1.0,11076.464381942782
456,2144,-1.0,11073.202581731173
456,2145,-1.0,11072.903229128542
456,2146,-1.0,11079.24773194981
456,2147,-1.0,11089.613414470146
456,2148,-1.0,11095.258470243765
456,2149,-1.0,11099.754732362537
456,2150,-1.0,11107.60969642364
456,2151,-1.0,11109.739050629514
456,2152,-1.0,11107.555424492039
456,2153,-1.0,11103.019757087628
456,2154,-1.0,11097.984650839993
456,2155,-1.0,11086.385884347985
456,2156,-1.0,11076.337153483844
456,2157,-1.0,11069.19153992836
456,2158,-1.0,11066.14951382582
456,2159,-1.0,11061.615401513627
456,2160,-1.0,11066.896508992444
456,2161,-1.0,11075.001155337983
456,2162,-1.0,11081.905180549293
456,2163,-1.0,11087.112753549476
456,2164,-1.0,11095.085857774335
456,2165,-1.0,11102.078686400564
456,2166,-1.0,11109.864782100914
456,2167,-1.0,11120.757290757309
456,2168,-1.0,11132.600280588938
456,2169,-1.0,11138.949329929103
456,2170,-1.0,11136.039587603727
456,2171,-1.0,11131.304811523238
456,2172,-1.0,11124.34784854404
456,2173,-1.0,11120.052355148839
456,2174,-1.0,11119.106211833921
456,2175,0.0,11115.770479970372
456,2176,0.0,11115.770479970372
456,2177,0.0,11115.770479970372
456,2178,1.0,11109.127634109103
456,2179,0.0,11105.794895818872
456,2180,-1.0,11100.773631479069
456,2181,-1.0,11098.5411712039
456,2182,-1.0,11096.442512499476
456,2183,-1.0,11086.629239418853
456,2184,-1.0,11078.959749696201
456,2185,-1.0,11067.403229738939
456,2186,-1.0,11061.385934059235
456,2187,-1.0,11050.886525655698
456,2188,-1.0,11044.840663747269
456,2189,-1.0,11040.543526475558
456,2190,-1.0,11038.471399735094
456,2191,-1.0,11031.475036069878
456,2192,-1.0,11028.603040307873
456,2193,-1.0,11029.563396049576
456,2194,-1.0,11028.54649714911
456,2195,-1.0,11033.029833156103
456,2196,-1.0,11035.798730507544
456,2197,-1.0,11034.990357796205
456,2198,-1.0,11030.453795681578
456,2199,-1.0,11026.190818991816
456,2200,-1.0,11017.335018268328
456,2201,-1.0,11012.57452270193
456,2202,-1.0,11016.065435729699
456,2203,-1.0,11016.650727934908
456,2204,-1.0,11019.256575553263
456,2205,-1.0,11029.005844040621
456,2206,-1.0,11033.289334850246
456,2207,-1.0,11028.021573730864
456,2208,-1.0,11022.274544845905
456,2209,-1.0,11013.822377739587
456,2210,-1.0,11000.621961083403
456,2211,-1.0,10993.404830273388
456,2212,-1.0,10986.221806442763
456,2213,-1.0,10991.492485848175
456,2214,-1.0,10998.978067842048
456,2215,-1.0,11001.637836418617
456,2216,-1.0,11007.177206450302
456,2217,-1.0,11021.905117750592
456,2218,-1.0,11033.246752175553
456,2219,-1.0,11040.017289450741
456,2220,-1.0,11050.493232628573
456,2221,-1.0,11057.483213598658
456,2222,-1.0,11059.372870771742
456,2223,-1.0,11054.085667820162
456,2224,0.0,11050.769442119816
456,2225,1.0,11044.72894150122
456,2226,1.0,11039.556378790665
456,2227,1.0,11027.79051250497
456,2228,1.0,11016.857200440369
456,2229,1.0,11015.345131688664
456,2230,1.0,11013.796226280227
456,2231,1.0,11016.964020777921
456,2232,1.0,11030.613338982921
456,2233,1.0,11048.723418437488
456,2234,1.0,11060.216112794313
456,2235,1.0,11078.961081468115
456,2236,1.0,11098.690628824594
456,2237,1.0,11113.830874990857
456,2238,1.0,11120.802694347389
456,2239,0.0,11117.466453539086
456,2240,-1.0,11111.109588430081
456,2241,-1.0,11109.066776621734
456,2242,-1.0,11109.666529182945
456,2243,-1.0,11109.406597422127
456,2244,-1.0,11111.86199915565
456,2245,-1.0,11115.76107126599
456,2246,-1.0,11114.48776416099
456,2247,-1.0,11103.84972161718
456,2248,-1.0,11092.145867242034
456,2249,-1.0,11083.245671462151
456,2250,-1.0,11069.060690187529
456,2251,-1.0,11060.428282174536
456,2252,-1.0,11056.73938043124
456,2253,-1.0,11054.82445910024
456,2254,-1.0,11047.081224014966
456,2255,-1.0,11042.4802706284
456,2256,-1.0,11039.956014173546
456,2257,-1.0,11036.556274637309
456,2258,-1.0,11031.871116432716
456,2259,-1.0,11031.57704898945
456,2260,-1.0,11036.36126527537
456,2261,-1.0,11040.784347818651
456,2262,-1.0,11048.131101043096
456,2263,-1.0,11050.370925555259
456,2264,-1.0,11052.85973069002
456,2265,-1.0,11046.49439820476
456,2266,-1.0,11033.44597005185
456,2267,-1.0,11021.57940084712
456,2268,-1.0,11015.87827355966
456,2269,-1.0,11004.582394396779
456,2270,-1.0,11002.499661234471
456,2271,0.0,10999.198911336101
456,2272,0.0,10999.198911336101
456,2273,0.0,10999.198911336101
456,2274,0.0,10999.198911336101
456,2275,0.0,10999.198911336101
456,2276,-1.0,11002.799068903196
456,2277,-1.0,11008.777977162998
456,2278,-1.0,11017.893555675239
456,2279,-1.0,11022.912014809688
456,2280,-1.0,11019.508492856923
456,2281,0.0,11016.202640309066
456,2282,1.0,11012.518282913945
456,2283,1.0,11015.283207894365
456,2284,1.0,11015.623125259695
456,2285,1.0,11003.64154849857
456,2286,1.0,10994.88085763453
456,2287,1.0,10991.583867109011
456,2288,1.0,10989.081692843078
456,2289,1.0,10996.959968137879
456,2290,1.0,11008.261888556264
456,2291,1.0,11018.48798621891
456,2292,1.0,11027.68668639043
456,2293,1.0,11035.232795356325
456,2294,1.0,11036.104965567429
456,2295,1.0,11035.77122945354
456,2296,1.0,11035.232691239238
456,2297,0.0,11031.922121431866
456,2298,1.0,11034.759259462926
456,2299,1.0,11040.189839200373
456,2300,0.0,11036.877782248614
456,2301,0.0,11036.877782248614
456,2302,0.0,11036.877782248614
456,2303,0.0,11036.877782248614
456,2304,0.0,11036.877782248614
456,2305,-1.0,11037.456944729009
456,2306,-1.0,11046.463050712939
456,2307,-1.0,11051.938087919953
456,2308,-1.0,11052.86117542993
456,2309,-1.0,11048.476521875089
456,2310,-1.0,11048.999033421536
456,2311,-1.0,11044.406526701589
456,2312,-1.0,11042.554491626237
456,2313,-1.0,11044.366192996848
456,2314,-1.0,11053.766517430447
456,2315,-1.0,11062.52815336202
456,2316,-1.0,11074.08493097214
456,2317,-1.0,11080.434184085465
456,2318,-1.0,11083.314129531936
456,2319,-1.0,11081.159579436975
456,2320,0.0,11077.835231563144
456,2321,1.0,11077.33673049825
456,2322,1.0,11073.809257614412
456,2323,1.0,11070.870583696438
456,2324,1.0,11056.88942404493
456,2325,1.0,11043.70498444193
456,2326,1.0,11036.591974955814
456,2327,1.0,11033.04328467841
456,2328,1.0,11022.703821912399
456,2329,1.0,11019.656448407824
456,2330,1.0,11023.952466604776
456,2331,1.0,11025.832776915113
456,2332,1.0,11024.256244746817
456,2333,1.0,11035.717871357056
456,2334,1.0,11051.314567199413
456,2335,1.0,11064.996561616446
456,2336,1.0,11074.070028360075
456,2337,1.0,11081.39070122964
456,2338,1.0,11083.38910190429
456,2339,0.0,11080.064085173719
456,2340,-1.0,11093.432935190767
456,2341,-1.0,11103.190013713742
456,2342,-1.0,11114.55023019618
456,2343,-1.0,11120.442446196615
456,2344,-1.0,11132.310759507793
456,2345,-1.0,11135.578675510544
456,2346,-1.0,11152.514068634586
456,2347,-1.0,11150.841686592963
456,2348,-1.0,11159.215678076342
456,2349,-1.0,11156.09369775905
456,2350,-1.0,11155.976583289876
456,2351,-1.0,11145.019021731121
456,2352,-1.0,11130.387678749774
456,2353,-1.0,11116.608604800367
456,2354,0.0,11113.273622218927
456,2355,0.0,11113.273622218927
456,2356,0.0,11113.273622218927
456,2357,1.0,11069.815746414093
456,2358,0.0,11066.494801690169
456,2359,-1.0,11101.622972904495
456,2360,-1.0,11113.523322256797
456,2361,-1.0,11121.072809719322
456,2362,-1.0,11129.19181592432
456,2363,0.0,11125.853058379542
456,2364,1.0,11123.610075472803
456,2365,1.0,11128.765933576971
456,2366,1.0,11125.436806562617
456,2367,1.0,11115.789467291299
456,2368,1.0,11111.561749680812
456,2369,1.0,11117.369062144171
456,2370,1.0,11114.082311846647
456,2371,1.0,11148.653183001716
456,2372,1.0,11203.550187067849
456,2373,1.0,11271.538000039609
456,2374,1.0,11359.784490375665
456,2375,1.0,11432.616117209316
456,2376,1.0,11548.855484798918
456,2377,0.0,11545.390828153479
456,2378,-1.0,11478.227785934307
456,2379,-1.0,11401.130911953207
456,2380,-1.0,11335.098042580135
456,2381,-1.0,11365.341612901386
456,2382,-1.0,11394.547653972963
456,2383,-1.0,11413.851454034448
456,2384,-1.0,11516.219849002022
456,2385,-1.0,11602.88969724903
456,2386,-1.0,11642.410729097839
456,2387,-1.0,11658.569412267823
456,2388,-1.0,11688.395623139631
456,2389,-1.0,11663.113991508997
456,2390,-1.0,11630.498163953016
456,2391,-1.0,11621.427028650087
456,2392,-1.0,11637.440421765059
456,2393,-1.0,11630.372681459006
456,2394,-1.0,11622.268037192855
456,2395,0.0,11618.781356781697
456,2396,1.0,11606.570120885723
456,2397,1.0,11609.70243373079
456,2398,1.0,11617.289496240435
456,2399,1.0,11610.827978242825
456,2400,1.0,11616.5226001703
456,2401,1.0,11625.825380420414
456,2402,1.0,11628.788555190007
456,2403,1.0,11622.872418114865
456,2404,1.0,11634.126775569837
456,2405,1.0,11645.85610436856
456,2406,1.0,11662.044146574875
456,2407,1.0,11673.996855344438
456,2408,1.0,11684.982536970952
456,2409,1.0,11685.818547044666
456,2410,1.0,11689.054397286081
456,2411,1.0,11687.23646877297
456,2412,1.0,11690.52501412478
456,2413,1.0,11689.476105252912
456,2414,1.0,11685.07870961085
456,2415,1.0,11678.3202065484
456,2416,1.0,11668.979980788714
456,2417,1.0,11659.23336523447
456,2418,1.0,11652.115067422788
456,2419,1.0,11646.329798429808
456,2420,1.0,11633.84640784937
456,2421,1.0,11619.323134311566
456,2422,1.0,11601.164931959056
456,2423,1.0,11585.499096548296
456,2424,1.0,11573.276957414346
456,2425,1.0,11561.245447404546
456,2426,1.0,11555.58047677236
456,2427,1.0,11554.33441678304
456,2428,1.0,11549.58208049715
456,2429,1.0,11545.453135984812
456,2430,1.0,11545.98782927815
456,2431,1.0,11545.891249450233
456,2432,1.0,11544.63920167176
456,2433,1.0,11548.130346300908
456,2434,1.0,11549.610486580037
456,2435,1.0,11556.146143607964
456,2436,1.0,11561.994413341052
456,2437,1.0,11567.808088847656
456,2438,1.0,11570.68316958753
456,2439,1.0,11567.803900682045
456,2440,1.0,11561.741783921429
456,2441,1.0,11555.83840581349
456,2442,1.0,11552.587772820425
456,2443,1.0,11548.216341860254
456,2444,0.0,11544.751876957696
456,2445,0.0,11544.751876957696
456,2446,0.0,11544.751876957696
456,2447,0.0,11544.751876957696
456,2448,0.0,11544.751876957696
456,2449,-1.0,11530.100804114794
456,2450,-1.0,11527.492474446986
456,2451,-1.0,11521.92397984918
456,2452,-1.0,11526.493396758842
456,2453,-1.0,11538.103131673512
456,2454,-1.0,11544.00167049235
456,2455,-1.0,11552.151209774665
456,2456,-1.0,11557.28422131707
456,2457,-1.0,11559.109354407854
456,2458,-1.0,11556.920716263716
456,2459,-1.0,11556.820643732972
456,2460,-1.0,11557.262333157956
456,2461,-1.0,11561.040462264284
456,2462,-1.0,11565.289656792751
456,2463,-1.0,11568.991597207269
456,2464,-1.0,11575.454688491596
456,2465,-1.0,11584.942491211652
456,2466,-1.0,11594.21113683554
456,2467,-1.0,11600.475704180875
456,2468,-1.0,11605.513694769603
456,2469,-1.0,11610.284552417412
456,2470,-1.0,11612.439197895861
456,2471,-1.0,11618.290847898292
456,2472,-1.0,11623.87046196492
456,2473,-1.0,11629.730111184801
456,2474,0.0,11626.241192151447
456,2475,0.0,11626.241192151447
456,2476,0.0,11626.241192151447
456,2477,0.0,11626.241192151447
456,2478,1.0,11609.169602045518
456,2479,1.0,11599.178704343401
456,2480,0.0,11595.6989507321
456,2481,0.0,11595.6989507321
456,2482,0.0,11595.6989507321
456,2483,0.0,11595.6989507321
456,2484,1.0,11589.221788814117
456,2485,1.0,11587.872350178986
456,2486,1.0,11590.491773089412
456,2487,0.0,11587.014625557485
456,2488,1.0,11584.377883431054
456,2489,1.0,11587.245869526005
456,2490,1.0,11594.27714007292
456,2491,1.0,11601.294627046667
456,2492,1.0,11621.552987640998
456,2493,0.0,11618.066521744706
456,2494,1.0,11619.038825892478
456,2495,0.0,11615.55311424471
456,2496,0.0,11615.55311424471
456,2497,0.0,11615.55311424471
456,2498,0.0,11615.55311424471
456,2499,0.0,11615.55311424471
456,2500,-1.0,11614.432843420418
456,2501,-1.0,11617.607518673536
456,2502,-1.0,11619.499641187493
456,2503,-1.0,11617.241781395825
456,2504,-1.0,11614.783172933037
456,2505,-1.0,11609.705980600667
456,2506,-1.0,11611.906748226018
456,2507,-1.0,11616.590302171571
456,2508,-1.0,11623.934647093945
456,2509,-1.0,11633.734398222206
456,2510,-1.0,11641.077263694422
456,2511,-1.0,11635.480979176149
456,2512,-1.0,11627.652567287154
456,2513,-1.0,11617.57987750177
456,2514,-1.0,11606.451407671877
456,2515,-1.0,11598.09232569878
456,2516,-1.0,11593.717306647286
456,2517,-1.0,11595.112505920202
456,2518,-1.0,11602.320103658167
456,2519,-1.0,11610.96866925776
456,2520,-1.0,11617.254148750064
456,2521,-1.0,11621.561733613551
456,2522,-1.0,11618.110169789918
456,2523,-1.0,11610.194894614506
456,2524,-1.0,11594.319490620068
456,2525,-1.0,11584.398066127778
456,2526,-1.0,11579.983154686786
456,2527,-1.0,11574.479271481541
456,2528,-1.0,11570.243024613814
456,2529,-1.0,11577.890017416039
456,2530,-1.0,11583.442126664677
456,2531,-1.0,11587.851525590862
456,2532,-1.0,11600.206591011274
456,2533,-1.0,11610.197426038241
456,2534,-1.0,11614.043611988533
456,2535,-1.0,11622.744181497446
456,2536,-1.0,11632.525322219042
456,2537,-1.0,11639.133915802426
456,2538,-1.0,11648.724337760272
456,2539,-1.0,11658.983408075255
456,2540,-1.0,11656.633209222271
456,2541,-1.0,11656.675121377877
456,2542,-1.0,11662.539741741111
456,2543,0.0,11659.04097981859
456,2544,1.0,11640.626994958518
456,2545,1.0,11609.58834528299
456,2546,1.0,11584.372003048647
456,2547,0.0,11580.896691447733
456,2548,1.0,11569.948670253027
456,2549,1.0,11555.81467966236
456,2550,1.0,11564.010290632923
456,2551,1.0,11579.40032985503
456,2552,1.0,11599.38247620902
456,2553,1.0,11614.80576589641
456,2554,1.0,11637.088338729174
456,2555,1.0,11641.117764082535
456,2556,1.0,11627.073511819794
456,2557,1.0,11602.26103702073
456,2558,0.0,11598.780358709624
456,2559,0.0,11598.780358709624
456,2560,0.0,11598.780358709624
456,2561,-1.0,11604.839278404766
456,2562,-1.0,11612.876010980326
456,2563,-1.0,11622.571764215403
456,2564,-1.0,11635.166542972285
456,2565,-1.0,11640.747593905999
456,2566,-1.0,11641.769001735136
456,2567,-1.0,11630.897469815483
456,2568,0.0,11627.408200574539
456,2569,1.0,11640.159052407318
456,2570,1.0,11651.41525187047
456,2571,1.0,11664.559826221144
456,2572,1.0,11671.329074406009
456,2573,0.0,11667.827675683688
456,2574,-1.0,11661.328508139708
456,2575,-1.0,11661.479045241193
456,2576,-1.0,11670.195440003137
456,2577,-1.0,11673.937083274706
456,2578,-1.0,11682.083291307481
456,2579,-1.0,11692.869816293467
456,2580,-1.0,11693.396372886511
456,2581,-1.0,11682.00095768459
456,2582,-1.0,11681.57998808382
456,2583,-1.0,11678.206880679743
456,2584,-1.0,11678.006882004356
456,2585,-1.0,11685.594023931379
456,2586,-1.0,11704.167123342471
456,2587,-1.0,11719.508394781205
456,2588,-1.0,11731.819154022387
456,2589,-1.0,11738.065093035619
456,2590,-1.0,11744.532501857097
456,2591,-1.0,11743.3004255598
456,2592,-1.0,11737.322460478334
456,2593,-1.0,11730.708297734938
456,2594,-1.0,11723.013823809533
456,2595,-1.0,11712.597426375858
456,2596,-1.0,11699.874933010267
456,2597,-1.0,11687.209788697042
456,2598,-1.0,11678.888942178915
456,2599,-1.0,11682.28162440827
456,2600,-1.0,11695.9365272197
456,2601,-1.0,11712.019260893972
456,2602,-1.0,11722.7641134754
456,2603,-1.0,11729.389819027132
456,2604,-1.0,11730.549430973206
456,2605,-1.0,11733.053652467206
456,2606,-1.0,11732.199995457975
456,2607,-1.0,11741.527881841708
456,2608,-1.0,11750.799980037724
456,2609,-1.0,11759.356656950187
456,2610,-1.0,11763.416546542296
456,2611,-1.0,11769.987139844625
456,2612,-1.0,11773.95485944024
456,2613,-1.0,11777.984216403385
456,2614,-1.0,11786.977831601997
456,2615,-1.0,11782.814803993695
456,2616,-1.0,11783.137325362271
456,2617,0.0,11779.602384164664
456,2618,0.0,11779.602384164664
456,2619,0.0,11779.602384164664
456,2620,1.0,11749.20180412212
456,2621,1.0,11708.48455179667
456,2622,1.0,11663.547234013624
456,2623,0.0,11660.04816984342
456,2624,0.0,11660.04816984342
456,2625,0.0,11660.04816984342
456,2626,1.0,11664.250945565735
456,2627,1.0,11671.112824079324
456,2628,1.0,11693.48306527869
456,2629,1.0,11704.463408440934
456,2630,1.0,11722.90186119779
456,2631,1.0,11720.758927932298
456,2632,1.0,11724.87236505742
456,2633,1.0,11715.395673680847
456,2634,1.0,11716.487314702816
456,2635,1.0,11722.865548897877
456,2636,1.0,11738.699932294749
456,2637,1.0,11745.071957586708
456,2638,0.0,11741.548435999432
456,2639,0.0,11741.548435999432
456,2640,-1.0,11706.48722964056
456,2641,-1.0,11677.328500124142
456,2642,-1.0,11640.245522087598
456,2643,-1.0,11609.386600548238
456,2644,-1.0,11580.597810974874
456,2645,-1.0,11564.957528316752
456,2646,-1.0,11544.811656459586
456,2647,-1.0,11532.667758046895
456,2648,-1.0,11523.996548318339
456,2649,-1.0,11517.388635028105
456,2650,-1.0,11518.539424910954
456,2651,-1.0,11517.654726713776
456,2652,-1.0,11517.212496356144
456,2653,-1.0,11514.52503173
456,2654,-1.0,11506.531318153515
456,2655,-1.0,11489.7536148712
456,2656,-1.0,11477.97538276873
456,2657,-1.0,11467.443582706901
456,2658,-1.0,11460.47011175139
456,2659,-1.0,11457.880563789886
456,2660,-1.0,11459.820382400538
456,2661,-1.0,11462.492384939284
456,2662,-1.0,11463.711843203178
456,2663,-1.0,11463.296161334143
456,2664,-1.0,11467.135915035458
456,2665,-1.0,11460.104503434142
456,2666,-1.0,11450.581750475138
456,2667,-1.0,11443.683652221927
456,2668,-1.0,11444.030007574342
456,2669,-1.0,11436.49460265912
456,2670,-1.0,11434.67915182716
456,2671,-1.0,11432.949592851686
456,2672,0.0,11429.519707973832
456,2673,1.0,11432.656807200465
456,2674,1.0,11436.392606985626
456,2675,1.0,11435.735044435198
456,2676,1.0,11438.974779892747
456,2677,1.0,11444.28173456665
456,2678,1.0,11448.967229384898
456,2679,1.0,11446.588223172259
456,2680,1.0,11440.28403000151
456,2681,1.0,11429.05326004347
456,2682,1.0,11421.149611045545
456,2683,1.0,11412.273246025929
456,2684,1.0,11406.336724934665
456,2685,1.0,11403.246958824777
456,2686,1.0,11403.36656522677
456,2687,1.0,11399.034866876707
456,2688,1.0,11394.485713298522
456,2689,1.0,11393.260038666704
456,2690,1.0,11395.411419041418
456,2691,1.0,11397.9282310599
456,2692,1.0,11401.743717914907
456,2693,1.0,11408.814434370313
456,2694,1.0,11412.626392346434
456,2695,1.0,11415.95067956943
456,2696,1.0,11418.888753003908
456,2697,1.0,11421.605003630693
456,2698,1.0,11425.416317532283
456,2699,1.0,11429.84519808517
456,2700,1.0,11436.748407447416
456,2701,1.0,11442.047951426603
456,2702,1.0,11445.447628210797
456,2703,1.0,11448.364248269705
456,2704,1.0,11451.487314181442
456,2705,1.0,11452.9307648184
456,2706,1.0,11452.62558832564
456,2707,0.0,11449.189800649143
456,2708,0.0,11449.189800649143
456,2709,0.0,11449.189800649143
456,2710,0.0,11449.189800649143
456,2711,0.0,11449.189800649143
456,2712,-1.0,11448.192271892476
456,2713,-1.0,11449.79307587775
456,2714,-1.0,11450.42741590581
456,2715,-1.0,11451.768127451445
456,2716,-1.0,11454.594227374248
456,2717,-1.0,11457.887253934428
456,2718,-1.0,11462.478237558038
456,2719,-1.0,11465.533477644352
456,2720,-1.0,11466.340433691043
456,2721,-1.0,11454.32843224703
456,2722,-1.0,11446.972061816621
456,2723,0.0,11443.537970198076
456,2724,0.0,11443.537970198076
456,2725,0.0,11443.537970198076
456,2726,0.0,11443.537970198076
456,2727,0.0,11443.537970198076
456,2728,-1.0,11429.952103296888
456,2729,-1.0,11417.088372662263
456,2730,-1.0,11402.468403222567
456,2731,-1.0,11390.097731233871
456,2732,-1.0,11378.686902560721
456,2733,-1.0,11376.389141383064
456,2734,-1.0,11377.406684697378
456,2735,-1.0,11381.575157851492
456,2736,-1.0,11386.007859997491
456,2737,-1.0,11392.727213919145
456,2738,-1.0,11398.894975037165
456,2739,-1.0,11400.374998460878
456,2740,-1.0,11402.206681063259
456,2741,-1.0,11404.58486830381
456,2742,-1.0,11403.813479676415
456,2743,-1.0,11409.61176955841
456,2744,-1.0,11416.449694271767
456,2745,-1.0,11421.65273864117
456,2746,-1.0,11425.385811936678
456,2747,-1.0,11428.199828412155
456,2748,-1.0,11426.827684965265
456,2749,-1.0,11429.57820352639
456,2750,-1.0,11433.475634879469
456,2751,0.0,11430.045592189006
456,2752,0.0,11430.045592189006
456,2753,0.0,11430.045592189006
456,2754,0.0,11430.045592189006
456,2755,1.0,11426.21607486415
456,2756,1.0,11430.576291928424
456,2757,1.0,11430.100471646505
456,2758,1.0,11430.994007759518
456,2759,1.0,11432.051841946002
456,2760,1.0,11428.333563725368
456,2761,1.0,11418.06134740428
456,2762,0.0,11414.63592900006
456,2763,0.0,11414.63592900006
456,2764,0.0,11414.63592900006
456,2765,1.0,11406.235837942679
456,2766,1.0,11408.091946077016
456,2767,1.0,11412.745201106656
456,2768,1.0,11413.40175159312
456,2769,1.0,11423.999766417732
456,2770,1.0,11438.226581961482
456,2771,1.0,11458.207603539317
456,2772,1.0,11476.843278244998
456,2773,0.0,11473.400225261525
456,2774,-1.0,11456.86813258816
456,2775,-1.0,11456.093042215347
456,2776,-1.0,11464.889237464953
456,2777,-1.0,11477.875015778227
456,2778,-1.0,11495.10015030835
456,2779,-1.0,11514.498980737628
456,2780,-1.0,11524.711321933239
456,2781,-1.0,11535.564447267401
456,2782,-1.0,11545.277353014717
456,2783,-1.0,11552.74321117665
456,2784,-1.0,11555.934596732706
456,2785,-1.0,11563.301935796062
456,2786,-1.0,11571.55122388428
456,2787,-1.0,11580.106254716693
456,2788,-1.0,11582.48715010634
456,2789,-1.0,11584.739986967215
456,2790,0.0,11581.264564971125
456,2791,1.0,11581.321709135022
456,2792,1.0,11582.009419178432
456,2793,1.0,11580.269958511726
456,2794,1.0,11580.506003793627
456,2795,1.0,11577.746484194167
456,2796,1.0,11576.143169579986
456,2797,1.0,11582.253051236798
456,2798,1.0,11581.225169941554
456,2799,0.0,11577.750802390572
456,2800,0.0,11577.750802390572
456,2801,1.0,11571.198824302592
456,2802,1.0,11569.631193092042
456,2803,0.0,11566.160303734116
456,2804,0.0,11566.160303734116
456,2805,0.0,11566.160303734116
456,2806,0.0,11566.160303734116
456,2807,0.0,11566.160303734116
456,2808,-1.0,11550.045433112242
456,2809,-1.0,11540.454387235588
456,2810,-1.0,11540.45092990959
456,2811,-1.0,11551.266534789314
456,2812,-1.0,11561.093222972344
456,2813,-1.0,11577.762443659902
456,2814,-1.0,11593.69862988221
456,2815,-1.0,11604.517885017278
456,2816,-1.0,11611.95950629053
456,2817,-1.0,11626.794822153372
456,2818,-1.0,11631.013653020926
456,2819,-1.0,11624.600335698817
456,2820,-1.0,11615.00745029287
456,2821,-1.0,11601.017591930078
456,2822,-1.0,11578.483875233691
456,2823,-1.0,11558.470087014004
456,2824,-1.0,11550.47232775513
456,2825,-1.0,11547.28502056811
456,2826,-1.0,11535.517850971952
456,2827,-1.0,11528.514929886842
456,2828,-1.0,11518.785919241132
456,2829,-1.0,11507.854599352744
456,2830,-1.0,11489.482182986105
456,2831,-1.0,11478.896662548816
456,2832,-1.0,11466.0846503859
456,2833,-1.0,11452.429823799523
456,2834,-1.0,11442.490036947871
456,2835,-1.0,11433.805152183002
456,2836,-1.0,11418.698796281185
456,2837,-1.0,11407.746849447334
456,2838,-1.0,11399.953086512061
456,2839,-1.0,11388.101197612317
456,2840,-1.0,11376.445606032808
456,2841,-1.0,11371.029780051567
456,2842,-1.0,11371.175826927632
456,2843,-1.0,11374.836817437294
456,2844,-1.0,11382.20411764874
456,2845,-1.0,11391.813244303285
456,2846,-1.0,11396.577489388812
456,2847,-1.0,11394.419281417308
456,2848,-1.0,11392.475521449123
456,2849,-1.0,11384.44863838682
456,2850,-1.0,11378.322727942259
456,2851,-1.0,11377.755262393574
456,2852,-1.0,11381.36037928265
456,2853,-1.0,11376.849041649091
456,2854,-1.0,11366.970438473021
456,2855,-1.0,11355.467001939422
456,2856,-1.0,11346.07731620336
456,2857,0.0,11342.6734930085
456,2858,1.0,11348.614742975038
456,2859,1.0,11353.61538266547
456,2860,0.0,11350.209298050671
456,2861,0.0,11350.209298050671
456,2862,1.0,11350.342717701362
456,2863,1.0,11353.055106894677
456,2864,1.0,11349.361519568547
456,2865,0.0,11345.956711112676
456,2866,0.0,11345.956711112676
456,2867,0.0,11345.956711112676
456,2868,0.0,11345.956711112676
456,2869,0.0,11345.956711112676
456,2870,-1.0,11339.85335752079
456,2871,-1.0,11335.601770230964
456,2872,0.0,11332.201089699895
456,2873,1.0,11334.22038078276
456,2874,1.0,11335.87432464167
456,2875,1.0,11337.613364103267
456,2876,1.0,11337.89754322851
456,2877,1.0,11337.285439598612
456,2878,1.0,11340.512360485174
456,2879,1.0,11345.229213527075
456,2880,1.0,11351.716057534126
456,2881,1.0,11358.852904707224
456,2882,1.0,11360.760473285822
456,2883,1.0,11363.640745903305
456,2884,1.0,11370.520767739403
456,2885,1.0,11380.219674749294
456,2886,1.0,11388.82918583571
456,2887,1.0,11393.299101650535
456,2888,1.0,11396.360158914633
456,2889,1.0,11407.413590708868
456,2890,1.0,11413.9742972026
456,2891,0.0,11410.55010491344
456,2892,0.0,11410.55010491344
456,2893,0.0,11410.55010491344
456,2894,0.0,11410.55010491344
456,2895,0.0,11410.55010491344
456,2896,-1.0,11409.555569265325
456,2897,-1.0,11404.232956452965
456,2898,-1.0,11400.853626486574
456,2899,-1.0,11394.62001365177
456,2900,-1.0,11391.461800211948
456,2901,-1.0,11393.666420923295
456,2902,-1.0,11399.874202556895
456,2903,-1.0,11395.753877424482
456,2904,-1.0,11399.654494250977
456,2905,-1.0,11406.226423875098
456,2906,-1.0,11405.621797441658
456,2907,-1.0,11414.773439306231
456,2908,-1.0,11437.633303756289
456,2909,-1.0,11448.60913797794
456,2910,-1.0,11461.950021239645
456,2911,-1.0,11473.943975794913
456,2912,-1.0,11475.752558130804
456,2913,0.0,11472.309832363364
456,2914,1.0,11473.555694127117
456,2915,1.0,11476.55914793438
456,2916,1.0,11472.152743606755
456,2917,1.0,11472.27924199843
456,2918,1.0,11466.406104151447
456,2919,1.0,11462.0337239756
456,2920,1.0,11463.314896629343
456,2921,1.0,11468.716104433373
456,2922,1.0,11467.454931255501
456,2923,1.0,11469.390030283166
456,2924,1.0,11466.77175472446
456,2925,1.0,11463.716517919504
456,2926,1.0,11461.485219794793
456,2927,1.0,11454.058761279595
456,2928,1.0,11450.767344427954
456,2929,1.0,11448.241470210702
456,2930,1.0,11446.30978149082
456,2931,1.0,11440.74404060354
456,2932,1.0,11442.801514761066
456,2933,1.0,11447.919451279162
456,2934,1.0,11451.851512373441
456,2935,1.0,11453.780721767012
456,2936,1.0,11457.484055951492
456,2937,1.0,11461.235308811029
456,2938,1.0,11454.44786354409
456,2939,0.0,11451.011529185027
456,2940,0.0,11451.011529185027
456,2941,0.0,11451.011529185027
456,2942,0.0,11451.011529185027
456,2943,0.0,11451.011529185027
456,2944,-1.0,11434.76650146407
456,2945,-1.0,11431.14520347718
456,2946,-1.0,11425.318713051409
456,2947,-1.0,11427.734244827394
456,2948,-1.0,11436.66504856251
456,2949,-1.0,11444.914208122136
456,2950,-1.0,11450.260546646416
456,2951,-1.0,11458.565007315894
456,2952,-1.0,11459.95596739423
456,2953,-1.0,11465.795749940886
456,2954,-1.0,11468.740277473531
456,2955,-1.0,11472.242901483964
456,2956,-1.0,11473.60497467812
456,2957,-1.0,11476.753668744841
456,2958,-1.0,11479.6331089632
456,2959,-1.0,11481.294185265622
456,2960,-1.0,11480.14670253919
456,2961,-1.0,11476.375712590292
456,2962,-1.0,11477.752264989604
456,2963,-1.0,11480.125780514581
456,2964,-1.0,11480.83144217307
456,2965,-1.0,11481.533534610493
456,2966,-1.0,11485.769452774068
456,2967,-1.0,11482.681298963822
456,2968,-1.0,11476.999058208099
456,2969,-1.0,11476.02640936901
456,2970,-1.0,11477.008987485282
456,2971,-1.0,11478.186933476818
456,2972,-1.0,11480.327114850526
456,2973,-1.0,11479.402427351273
456,2974,-1.0,11477.874767346577
456,2975,-1.0,11478.696638208949
456,2976,-1.0,11478.463730264815
456,2977,-1.0,11479.933060142
456,2978,-1.0,11485.86407773945
456,2979,-1.0,11495.410915848008
456,2980,-1.0,11505.114214565294
456,2981,-1.0,11512.395459003928
456,2982,-1.0,11519.592991078754
456,2983,-1.0,11528.26701830063
456,2984,-1.0,11530.828037622263
456,2985,-1.0,11532.842434589149
456,2986,-1.0,11533.327951526993
456,2987,-1.0,11529.522358000157
456,2988,-1.0,11523.482392537913
456,2989,-1.0,11518.227120695357
456,2990,-1.0,11512.230762428051
456,2991,-1.0,11511.653283712634
456,2992,-1.0,11512.405848700035
456,2993,-1.0,11508.467476268806
456,2994,-1.0,11502.276678148064
456,2995,-1.0,11498.904784836875
456,2996,-1.0,11495.15913934839
456,2997,-1.0,11504.126094165598
456,2998,-1.0,11518.27340162328
456,2999,-1.0,11539.497805592506
456,3000,-1.0,11550.400881690897
456,3001,-1.0,11558.698952547487
456,3002,-1.0,11555.490806178987
456,3003,-1.0,11553.215573754267
456,3004,-1.0,11546.305355280123
456,3005,-1.0,11548.871479857778
456,3006,-1.0,11551.786304112955
456,3007,-1.0,11552.779993412289
456,3008,-1.0,11554.522780529669
456,3009,-1.0,11556.73532589886
456,3010,-1.0,11559.242185867859
456,3011,-1.0,11563.217124301014
456,3012,-1.0,11568.58467325618
456,3013,-1.0,11570.596243402382
456,3014,-1.0,11571.813168155793
456,3015,-1.0,11569.720938767072
456,3016,-1.0,11566.557065387771
456,3017,-1.0,11561.403239638574
456,3018,-1.0,11551.823186753338
456,3019,-1.0,11542.775687580706
456,3020,-1.0,11536.119254765003
456,3021,-1.0,11525.96842862998
456,3022,-1.0,11517.058049203131
456,3023,-1.0,11511.735002425597
456,3024,-1.0,11507.589672814544
456,3025,-1.0,11497.026075181318
456,3026,-1.0,11486.057084621518
456,3027,-1.0,11474.393711139219
456,3028,-1.0,11465.041839410715
456,3029,-1.0,11452.274055378068
456,3030,-1.0,11447.637486262685
456,3031,-1.0,11450.286827082398
456,3032,-1.0,11449.453751638488
456,3033,-1.0,11436.712277295272
456,3034,-1.0,11426.76239965106
456,3035,-1.0,11414.525034103019
456,3036,-1.0,11396.12435141981
456,3037,-1.0,11382.08105384439
456,3038,-1.0,11379.2569743889
456,3039,-1.0,11377.74175682918
456,3040,-1.0,11377.646849750663
456,3041,-1.0,11380.621994934821
456,3042,-1.0,11383.905982215114
456,3043,-1.0,11389.44177698185
456,3044,-1.0,11396.755642263619
456,3045,-1.0,11404.13335636384
456,3046,-1.0,11412.769356108474
456,3047,-1.0,11417.807566153992
456,3048,-1.0,11418.589957935419
456,3049,-1.0,11412.739860695157
456,3050,-1.0,11413.018836072531
456,3051,-1.0,11413.536023442075
456,3052,-1.0,11422.328466013158
456,3053,0.0,11418.901767473353
456,3054,1.0,11403.288349736173
456,3055,1.0,11401.99997551653
456,3056,1.0,11401.41527569262
456,3057,1.0,11406.7844112628
456,3058,1.0,11419.380114887646
456,3059,1.0,11427.3553862714
456,3060,1.0,11430.104806131072
456,3061,1.0,11433.056109607738
456,3062,1.0,11429.57636726684
456,3063,1.0,11415.201991470682
456,3064,1.0,11404.255309470418
456,3065,1.0,11392.53466477394
456,3066,1.0,11380.594705488422
456,3067,1.0,11372.806473984749
456,3068,1.0,11369.657959701055
456,3069,1.0,11368.352276984302
456,3070,1.0,11367.572106950358
456,3071,1.0,11372.208980544192
456,3072,1.0,11379.14166961173
456,3073,1.0,11391.457603149995
456,3074,1.0,11403.779753119341
456,3075,1.0,11419.061941975278
456,3076,1.0,11433.32278794413
456,3077,1.0,11445.443717075725
456,3078,1.0,11456.664856912335
456,3079,0.0,11453.227857455262
456,3080,0.0,11453.227857455262
456,3081,-1.0,11440.19418173745
456,3082,-1.0,11419.88602832949
456,3083,-1.0,11400.304421340805
456,3084,-1.0,11375.407501105568
456,3085,-1.0,11348.213885812032
456,3086,-1.0,11316.756458160424
456,3087,-1.0,11302.373444153756
456,3088,-1.0,11290.640291204796
456,3089,-1.0,11282.591162025476
456,3090,-1.0,11282.313040628816
456,3091,-1.0,11290.01885672336
456,3092,-1.0,11293.723946458456
456,3093,-1.0,11293.539478848594
456,3094,-1.0,11295.75625647325
456,3095,-1.0,11293.582418968754
456,3096,-1.0,11288.302380826952
456,3097,-1.0,11275.458042569802
456,3098,-1.0,11266.544396301933
456,3099,-1.0,11258.145150386537
456,3100,-1.0,11254.48804613167
456,3101,-1.0,11247.83873849341
456,3102,-1.0,11250.28534160149
456,3103,-1.0,11255.683473924635
456,3104,-1.0,11253.979769450047
456,3105,-1.0,11253.014349876275
456,3106,-1.0,11259.72230119228
456,3107,-1.0,11267.957106091892
456,3108,-1.0,11279.200361926902
456,3109,-1.0,11292.176952279964
456,3110,-1.0,11300.626343326388
456,3111,0.0,11297.23615542339
456,3112,1.0,11290.397390321526
456,3113,1.0,11293.26945993008
456,3114,1.0,11288.15963532285
456,3115,1.0,11281.7790300653
456,3116,1.0,11272.758710832593
456,3117,1.0,11266.91737737868
456,3118,1.0,11260.945629603453
456,3119,1.0,11260.078752392952
456,3120,1.0,11261.009071050292
456,3121,1.0,11265.410763613574
456,3122,1.0,11272.252649170552
456,3123,1.0,11276.60862850954
456,3124,1.0,11279.870055974918
456,3125,1.0,11283.681365308823
456,3126,1.0,11284.77100047353
456,3127,1.0,11284.747531854293
456,3128,1.0,11287.004216425354
456,3129,1.0,11285.109178372311
456,3130,1.0,11282.735608872545
456,3131,1.0,11282.69873556626
456,3132,1.0,11282.2864332754
456,3133,1.0,11278.914552480246
456,3134,1.0,11276.829478742673
456,3135,1.0,11270.355840772658
456,3136,1.0,11264.38555128718
456,3137,1.0,11258.910296982887
456,3138,1.0,11259.572770443741
456,3139,0.0,11256.194898612608
456,3140,0.0,11256.194898612608
456,3141,0.0,11256.194898612608
456,3142,0.0,11256.194898612608
456,3143,1.0,11256.500688936234
456,3144,0.0,11253.123738729553
456,3145,0.0,11253.123738729553
456,3146,0.0,11253.123738729553
456,3147,0.0,11253.123738729553
456,3148,0.0,11253.123738729553
456,3149,-1.0,11254.455676093714
456,3150,-1.0,11256.07761387492
456,3151,-1.0,11246.65286894618
456,3152,-1.0,11236.067576138537
456,3153,-1.0,11221.62651110996
456,3154,-1.0,11203.963992410767
456,3155,-1.0,11185.813916436946
456,3156,-1.0,11167.05455944091
456,3157,-1.0,11145.420095906902
456,3158,-1.0,11131.85851794288
456,3159,-1.0,11124.236620873056
456,3160,-1.0,11112.694293136426
456,3161,-1.0,11105.11694910328
456,3162,-1.0,11104.586958047686
456,3163,-1.0,11093.679929002876
456,3164,-1.0,11079.311497151512
456,3165,-1.0,11072.494119808167
456,3166,-1.0,11065.723829107616
456,3167,-1.0,11051.05222680872
456,3168,-1.0,11032.740224954425
456,3169,-1.0,11014.505214161156
456,3170,-1.0,10988.37111534292
456,3171,-1.0,10958.774798429562
456,3172,-1.0,10933.51675050583
456,3173,-1.0,10915.549135403597
456,3174,-1.0,10898.434938751507
456,3175,-1.0,10887.752008482435
456,3176,-1.0,10876.234154515616
456,3177,-1.0,10870.97900082526
456,3178,-1.0,10870.282400603648
456,3179,-1.0,10863.263316596442
456,3180,-1.0,10860.02732942136
456,3181,-1.0,10865.395367388985
456,3182,-1.0,10868.394329152894
456,3183,-1.0,10862.701260801177
456,3184,-1.0,10862.252539815816
456,3185,-1.0,10852.59325434987
456,3186,-1.0,10843.90029065099
456,3187,-1.0,10837.621199777905
456,3188,-1.0,10836.620097965018
456,3189,-1.0,10829.59558143741
456,3190,-1.0,10818.667795840425
456,3191,-1.0,10802.901214330277
456,3192,-1.0,10779.198195875924
456,3193,-1.0,10750.700757878169
456,3194,0.0,10747.475547650805
456,3195,1.0,10760.977185535454
456,3196,1.0,10777.039456823715
456,3197,1.0,10784.144782302868
456,3198,0.0,10780.909538868178
456,3199,-1.0,10775.836026794957
456,3200,-1.0,10777.268597290535
456,3201,-1.0,10779.259385050616
456,3202,-1.0,10784.099855864093
456,3203,-1.0,10788.305674592422
456,3204,-1.0,10787.66795461252
456,3205,-1.0,10785.982929396778
456,3206,-1.0,10781.899029458928
456,3207,-1.0,10781.952990885713
456,3208,-1.0,10788.399338084477
456,3209,-1.0,10794.078249678365
456,3210,0.0,10790.840026203461
456,3211,1.0,10780.027818787565
456,3212,1.0,10783.315737248528
456,3213,1.0,10788.376231136954
456,3214,1.0,10785.633687587302
456,3215,1.0,10786.249471718804
456,3216,1.0,10786.046316570344
456,3217,1.0,10783.551183074105
456,3218,1.0,10784.030350453577
456,3219,1.0,10780.920057373405
456,3220,1.0,10773.51209067467
456,3221,1.0,10766.194321893308
456,3222,1.0,10758.860421584885
456,3223,1.0,10750.008600091605
456,3224,1.0,10741.701345048123
456,3225,1.0,10734.533513224183
456,3226,1.0,10726.605007002943
456,3227,1.0,10719.138260925412
456,3228,1.0,10707.303432307097
456,3229,1.0,10700.972282097635
456,3230,1.0,10698.16267465017
456,3231,1.0,10696.472718077479
456,3232,1.0,10695.558296714496
456,3233,1.0,10698.538196886419
456,3234,1.0,10701.155864838038
456,3235,1.0,10702.931680361804
456,3236,1.0,10708.215983490994
456,3237,1.0,10715.290616587894
456,3238,1.0,10719.213189399325
456,3239,1.0,10724.691135890635
456,3240,1.0,10729.274026700763
456,3241,1.0,10729.843008829945
456,3242,1.0,10729.378312997307
456,3243,1.0,10729.87463179008
456,3244,1.0,10726.012298442687
456,3245,1.0,10725.156032347451
456,3246,0.0,10721.938485537748
456,3247,0.0,10721.938485537748
456,3248,0.0,10721.938485537748
456,3249,0.0,10721.938485537748
456,3250,0.0,10721.938485537748
456,3251,-1.0,10705.951396359806
456,3252,-1.0,10698.84434222942
456,3253,-1.0,10691.538370249991
456,3254,-1.0,10681.2126702226
456,3255,-1.0,10675.24844890459
456,3256,-1.0,10676.941542219563
456,3257,-1.0,10677.73344093848
456,3258,-1.0,10679.665845720941
456,3259,-1.0,10681.817807004403
456,3260,-1.0,10683.832118311491
456,3261,-1.0,10682.53041980252
456,3262,-1.0,10679.499282190332
456,3263,-1.0,10678.251427822706
456,3264,-1.0,10680.66116266812
456,3265,-1.0,10682.631637960565
456,3266,-1.0,10685.599067111085
456,3267,-1.0,10687.098919448228
456,3268,-1.0,10687.256173415706
456,3269,-1.0,10689.954690999919
456,3270,-1.0,10691.51511628349
456,3271,-1.0,10691.017898001619
456,3272,-1.0,10687.613514074572
456,3273,-1.0,10685.370931633779
456,3274,-1.0,10678.910352305387
456,3275,-1.0,10672.724481114983
456,3276,-1.0,10665.929904602255
456,3277,-1.0,10662.716594606985
456,3278,-1.0,10657.70006509151
456,3279,-1.0,10652.147406363158
456,3280,-1.0,10650.223416101304
456,3281,-1.0,10651.200805178092
456,3282,-1.0,10654.361720640085
456,3283,-1.0,10657.404212456251
456,3284,-1.0,10659.926764025182
456,3285,-1.0,10657.83868300513
456,3286,-1.0,10654.377438857835
456,3287,-1.0,10650.578321263389
456,3288,-1.0,10644.114650562435
456,3289,-1.0,10640.354994868649
456,3290,-1.0,10644.122175588918
456,3291,-1.0,10662.799681662906
456,3292,-1.0,10680.997571094276
456,3293,-1.0,10698.029930368519
456,3294,-1.0,10716.995386564678
456,3295,-1.0,10726.285923293672
456,3296,-1.0,10734.510987504447
456,3297,-1.0,10741.888943065638
456,3298,0.0,10738.666376382718
456,3299,1.0,10729.264787555518
456,3300,1.0,10719.336401773797
456,3301,1.0,10728.908696689541
456,3302,1.0,10739.798754332305
456,3303,1.0,10749.55508873329
456,3304,1.0,10756.365788394012
456,3305,1.0,10759.728946725592
456,3306,1.0,10757.627704563894
456,3307,1.0,10754.646421687068
456,3308,1.0,10753.727668972806
456,3309,1.0,10745.170461477834
456,3310,1.0,10738.203170474066
456,3311,1.0,10730.442928848657
456,3312,1.0,10719.679461877047
456,3313,1.0,10711.304228597875
456,3314,0.0,10708.090837329297
456,3315,-1.0,10710.765533877538
456,3316,-1.0,10722.240871108552
456,3317,-1.0,10730.818921973001
456,3318,0.0,10727.59967629641
456,3319,1.0,10707.754854034954
456,3320,1.0,10695.63024748451
456,3321,1.0,10692.735562687705
456,3322,1.0,10694.688913797117
456,3323,1.0,10699.371273188304
456,3324,1.0,10715.508978753447
456,3325,1.0,10723.719927269027
456,3326,1.0,10729.193660207866
456,3327,1.0,10732.584272035088
456,3328,1.0,10737.575712009939
456,3329,0.0,10734.354439296336
456,3330,0.0,10734.354439296336
456,3331,-1.0,10723.177724508583
456,3332,-1.0,10719.657235699699
456,3333,-1.0,10719.366343469077
456,3334,-1.0,10725.29268761317
456,3335,-1.0,10726.115109303126
456,3336,-1.0,10730.093641119623
456,3337,-1.0,10731.05551655346
456,3338,-1.0,10727.80807454675
456,3339,-1.0,10724.275983657964
456,3340,-1.0,10716.431488085753
456,3341,-1.0,10708.418601542826
456,3342,-1.0,10703.536402478638
456,3343,-1.0,10699.679677118194
456,3344,-1.0,10697.170960391692
456,3345,-1.0,10705.63623420274
456,3346,-1.0,10713.076569701208
456,3347,-1.0,10719.543927422512
456,3348,-1.0,10726.213965461948
456,3349,-1.0,10731.207872729392
456,3350,-1.0,10732.249269192798
456,3351,-1.0,10737.370890280083
456,3352,-1.0,10740.82287943248
456,3353,-1.0,10745.66976830536
456,3354,-1.0,10746.757049158592
456,3355,-1.0,10742.74036401757
456,3356,-1.0,10738.806382248087
456,3357,-1.0,10739.348179431456
456,3358,-1.0,10741.772385078944
456,3359,-1.0,10747.8475232429
456,3360,-1.0,10757.526779357591
456,3361,-1.0,10764.51418934477
456,3362,-1.0,10765.62266556672
456,3363,-1.0,10768.336136355647
456,3364,-1.0,10771.994843998444
456,3365,-1.0,10776.426863601939
456,3366,-1.0,10784.849759138022
456,3367,-1.0,10795.288285032835
456,3368,-1.0,10797.034720074354
456,3369,-1.0,10797.12718007047
456,3370,0.0,10793.88804191645
456,3371,1.0,10796.194673298447
456,3372,1.0,10795.687636335162
456,3373,1.0,10789.57708607561
456,3374,1.0,10788.238923709408
456,3375,0.0,10785.002452032297
456,3376,0.0,10785.002452032297
456,3377,0.0,10785.002452032297
456,3378,0.0,10785.002452032297
456,3379,1.0,10777.495672040719
456,3380,1.0,10778.756487960356
456,3381,0.0,10775.522861013967
456,3382,0.0,10775.522861013967
456,3383,0.0,10775.522861013967
456,3384,0.0,10775.522861013967
456,3385,0.0,10775.522861013967
456,3386,-1.0,10769.109655786448
456,3387,-1.0,10763.993483627062
456,3388,-1.0,10759.423434060647
456,3389,-1.0,10754.746912441895
456,3390,-1.0,10748.094650180836
456,3391,-1.0,10741.726219849781
456,3392,-1.0,10739.51843707258
456,3393,-1.0,10736.502156590272
456,3394,-1.0,10729.881122149709
456,3395,-1.0,10722.3546765403
456,3396,-1.0,10718.116456645172
456,3397,-1.0,10713.629225002791
456,3398,-1.0,10707.461064807816
456,3399,-1.0,10702.635031075659
456,3400,-1.0,10702.789810654582
456,3401,-1.0,10701.700235460856
456,3402,-1.0,10699.656808728794
456,3403,-1.0,10699.45474690779
456,3404,-1.0,10702.302073481733
456,3405,-1.0,10696.332103271336
456,3406,-1.0,10697.045350695656
456,3407,-1.0,10701.01601862586
456,3408,-1.0,10710.485533792129
456,3409,-1.0,10719.876202412232
456,3410,-1.0,10734.30819710281
456,3411,-1.0,10744.345618968257
456,3412,-1.0,10748.503413128887
456,3413,-1.0,10748.836722894364
456,3414,-1.0,10747.093714578912
456,3415,-1.0,10744.922397894552
456,3416,-1.0,10742.593065328228
456,3417,-1.0,10740.797612626398
456,3418,0.0,10737.57537334261
456,3419,1.0,10736.28843388133
456,3420,1.0,10741.722855128774
456,3421,1.0,10744.828091389536
456,3422,1.0,10746.801266818835
456,3423,1.0,10748.298850608493
456,3424,1.0,10751.209072280048
456,3425,1.0,10750.209448945607
456,3426,0.0,10746.984386110924
456,3427,0.0,10746.984386110924
456,3428,0.0,10746.984386110924
456,3429,0.0,10746.984386110924
456,3430,0.0,10746.984386110924
456,3431,-1.0,10740.22588536185
456,3432,-1.0,10739.103365825782
456,3433,-1.0,10737.838331619883
456,3434,-1.0,10737.974625516501
456,3435,-1.0,10736.637254345942
456,3436,-1.0,10733.696776049563
456,3437,-1.0,10725.27753944549
456,3438,-1.0,10717.140773152005
456,3439,-1.0,10705.448269812756
456,3440,-1.0,10694.091187026752
456,3441,-1.0,10680.268261784087
456,3442,-1.0,10666.929228778281
456,3443,-1.0,10651.14980334561
456,3444,-1.0,10624.080541927678
456,3445,-1.0,10598.681649825008
456,3446,-1.0,10582.07034901343
456,3447,-1.0,10563.439592720599
456,3448,-1.0,10536.865836952265
456,3449,-1.0,10531.160438838011
456,3450,-1.0,10520.382865258094
456,3451,-1.0,10493.805331957412
456,3452,-1.0,10464.76457349886
456,3453,-1.0,10436.906358907854
456,3454,-1.0,10411.61978515935
456,3455,-1.0,10387.862714462739
456,3456,-1.0,10370.611812611727
456,3457,-1.0,10352.654727311074
456,3458,-1.0,10343.038513612872
456,3459,-1.0,10324.727854699253
456,3460,-1.0,10310.477071215792
456,3461,-1.0,10293.742530582862
456,3462,-1.0,10291.015087762984
456,3463,-1.0,10301.86061357165
456,3464,-1.0,10317.668695597882
456,3465,-1.0,10333.714217132057
456,3466,-1.0,10342.736610212189
456,3467,-1.0,10341.256264962774
456,3468,-1.0,10318.536248415603
456,3469,-1.0,10285.706971147893
456,3470,-1.0,10246.404468265908
456,3471,-1.0,10214.78806742277
456,3472,-1.0,10188.233112120906
456,3473,-1.0,10172.524009685667
456,3474,-1.0,10157.272951873449
456,3475,-1.0,10150.580762121383
456,3476,-1.0,10140.50245616218
456,3477,-1.0,10138.84190849908
456,3478,-1.0,10130.426197247722
456,3479,-1.0,10134.180546747244
456,3480,-1.0,10130.081169600571
456,3481,-1.0,10143.124044421767
456,3482,-1.0,10148.94687251125
456,3483,-1.0,10153.811211175142
456,3484,-1.0,10157.196217071592
456,3485,-1.0,10166.453322658723
456,3486,-1.0,10165.14147744167
456,3487,-1.0,10158.812873693665
456,3488,0.0,10155.765229831557
456,3489,1.0,10163.190253370569
456,3490,1.0,10177.156134220231
456,3491,1.0,10182.978739284385
456,3492,1.0,10190.446739070994
456,3493,1.0,10190.443765503205
456,3494,1.0,10194.807724000766
456,3495,1.0,10193.107269492957
456,3496,1.0,10197.874065235657
456,3497,1.0,10203.15276070129
456,3498,1.0,10217.363301005542
456,3499,1.0,10225.496792105947
456,3500,1.0,10239.069098540738
456,3501,1.0,10243.123657441889
456,3502,1.0,10232.103943593229
456,3503,1.0,10222.261775821546
456,3504,1.0,10216.945406530056
456,3505,1.0,10203.697032982122
456,3506,1.0,10195.241405407229
456,3507,1.0,10199.712540613586
456,3508,1.0,10202.854135070404
456,3509,1.0,10194.535156196775
456,3510,1.0,10191.642278162151
456,3511,1.0,10195.605476449704
456,3512,1.0,10194.713393642753
456,3513,1.0,10193.036835484429
456,3514,1.0,10198.898221601417
456,3515,1.0,10206.160855335524
456,3516,1.0,10208.946597359665
456,3517,1.0,10212.915952779338
456,3518,1.0,10215.402932077075
456,3519,1.0,10217.520735018059
456,3520,1.0,10218.17006578399
456,3521,1.0,10214.446429497191
456,3522,1.0,10212.52548580721
456,3523,1.0,10212.01631973111
456,3524,1.0,10209.429288392575
456,3525,1.0,10207.402609433262
456,3526,1.0,10210.638450511535
456,3527,1.0,10217.77291624931
456,3528,1.0,10223.764203572615
456,3529,1.0,10230.227447532283
456,3530,1.0,10234.600068803366
456,3531,1.0,10239.86356353282
456,3532,1.0,10240.821457835536
456,3533,1.0,10242.1643605994
456,3534,1.0,10240.770515121412
456,3535,1.0,10241.976247691508
456,3536,0.0,10238.9036548172
456,3537,0.0,10238.9036548172
456,3538,0.0,10238.9036548172
456,3539,0.0,10238.9036548172
456,3540,0.0,10238.9036548172
456,3541,-1.0,10240.748152969329
456,3542,-1.0,10243.427686585765
456,3543,-1.0,10249.540015644116
456,3544,-1.0,10255.428655087873
456,3545,-1.0,10260.226388581394
456,3546,-1.0,10263.241075374837
456,3547,-1.0,10262.974856157525
456,3548,-1.0,10255.595932521852
456,3549,0.0,10252.519253742095
456,3550,1.0,10252.31070901672
456,3551,1.0,10250.026859621094
456,3552,1.0,10243.386095277203
456,3553,1.0,10238.074680867918
456,3554,1.0,10230.527341793726
456,3555,1.0,10226.017733283168
456,3556,1.0,10225.633012745435
456,3557,1.0,10225.925260589933
456,3558,1.0,10221.201653976255
456,3559,1.0,10220.703727216873
456,3560,1.0,10220.766328123475
456,3561,1.0,10222.25678331717
456,3562,1.0,10230.8153812121
456,3563,1.0,10233.964429321904
456,3564,1.0,10235.970662317039
456,3565,1.0,10238.445583809447
456,3566,1.0,10237.537951957258
456,3567,0.0,10234.466690571671
456,3568,-1.0,10232.199322598188
456,3569,-1.0,10235.479140590833
456,3570,-1.0,10241.493039173436
456,3571,-1.0,10245.907506810741
456,3572,-1.0,10239.46775521481
456,3573,-1.0,10228.948530425363
456,3574,-1.0,10213.358159269384
456,3575,-1.0,10194.143986087862
456,3576,-1.0,10164.172388299683
456,3577,-1.0,10159.811466035662
456,3578,-1.0,10164.826456943796
456,3579,-1.0,10167.666202408314
456,3580,-1.0,10175.039002575217
456,3581,-1.0,10193.04456769108
456,3582,-1.0,10199.877903900095
456,3583,-1.0,10203.74059174895
456,3584,-1.0,10224.827374989236
456,3585,-1.0,10246.40091563155
456,3586,-1.0,10263.34063437029
456,3587,-1.0,10278.442323159816
456,3588,-1.0,10292.869892428376
456,3589,-1.0,10291.926164624032
456,3590,-1.0,10293.06230667245
456,3591,-1.0,10304.867341964105
456,3592,0.0,10301.775881761516
456,3593,1.0,10294.855333631407
456,3594,1.0,10288.873778190418
456,3595,1.0,10280.814080861228
456,3596,1.0,10284.344322371018
456,3597,1.0,10279.412645996714
456,3598,1.0,10277.340411470132
456,3599,1.0,10277.15426034112
456,3600,1.0,10279.951019238866
456,3601,1.0,10275.452259714068
456,3602,1.0,10270.219250822012
456,3603,1.0,10264.592080121649
456,3604,1.0,10260.429790993132
456,3605,1.0,10266.597361399978
456,3606,1.0,10272.001422677158
456,3607,1.0,10278.85085674056
456,3608,1.0,10290.944290881105
456,3609,1.0,10300.364362960521
456,3610,1.0,10302.030902657541
456,3611,0.0,10298.940293386744
456,3612,-1.0,10287.005063481145
456,3613,-1.0,10276.003770281764
456,3614,-1.0,10273.792348310071
456,3615,-1.0,10267.909448687264
456,3616,-1.0,10261.726406609094
456,3617,-1.0,10259.608767960304
456,3618,-1.0,10270.607950148984
456,3619,-1.0,10277.399216586038
456,3620,-1.0,10283.787692396172
456,3621,-1.0,10290.59785761629
456,3622,-1.0,10301.74218795206
456,3623,-1.0,10305.382462496134
456,3624,-1.0,10306.19228547134
456,3625,-1.0,10309.343292779438
456,3626,-1.0,10312.71845285459
456,3627,-1.0,10312.875116951613
456,3628,-1.0,10311.058394271113
456,3629,-1.0,10308.874412198715
456,3630,-1.0,10311.159960013547
456,3631,-1.0,10309.590518245377
456,3632,-1.0,10308.211066677537
456,3633,-1.0,10312.17945154894
456,3634,-1.0,10319.242775624392
456,3635,-1.0,10323.243626066707
456,3636,-1.0,10326.729469476204
456,3637,-1.0,10329.444325413535
456,3638,-1.0,10329.878957454046
456,3639,-1.0,10331.14103175049
456,3640,-1.0,10341.3986327887
456,3641,-1.0,10351.310001620832
456,3642,-1.0,10360.837119231988
456,3643,-1.0,10366.208043802337
456,3644,-1.0,10362.795919802815
456,3645,-1.0,10349.358679198607
456,3646,-1.0,10336.733120892333
456,3647,0.0,10333.632100956065
456,3648,1.0,10341.251211629196
456,3649,1.0,10345.850718572725
456,3650,0.0,10342.746963357153
456,3651,0.0,10342.746963357153
456,3652,-1.0,10340.45973233228
456,3653,-1.0,10340.568454434539
456,3654,-1.0,10338.445062422614
456,3655,-1.0,10331.691256873608
456,3656,-1.0,10315.990722825705
456,3657,-1.0,10303.124623307183
456,3658,-1.0,10289.402735888032
456,3659,-1.0,10274.922076049386
456,3660,-1.0,10270.053129891248
456,3661,-1.0,10268.275705670703
456,3662,-1.0,10273.128359677256
456,3663,-1.0,10281.311621710138
456,3664,-1.0,10298.818853836005
456,3665,-1.0,10315.439377312869
456,3666,-1.0,10335.658003798251
456,3667,-1.0,10352.550671706798
456,3668,-1.0,10360.676848919358
456,3669,-1.0,10361.74524795562
456,3670,-1.0,10349.984528091423
456,3671,-1.0,10330.635776291821
456,3672,-1.0,10312.89921079533
456,3673,-1.0,10309.250713084375
456,3674,0.0,10306.15793787045
456,3675,1.0,10306.454345796501
456,3676,1.0,10307.152139012873
456,3677,0.0,10304.05999337117
456,3678,0.0,10304.05999337117
456,3679,0.0,10304.05999337117
456,3680,-1.0,10293.834970215483
456,3681,-1.0,10284.592143908812
456,3682,-1.0,10271.286229982197
456,3683,-1.0,10253.276994720589
456,3684,-1.0,10240.952280495518
456,3685,-1.0,10231.262391129001
456,3686,-1.0,10225.708220504706
456,3687,-1.0,10220.303321748504
456,3688,-1.0,10224.507471665313
456,3689,-1.0,10229.815581801413
456,3690,-1.0,10231.9559038732
456,3691,-1.0,10233.861075663863
456,3692,-1.0,10245.935159102732
456,3693,-1.0,10261.525789755586
456,3694,-1.0,10279.244918169732
456,3695,-1.0,10300.627231518121
456,3696,-1.0,10326.817189379886
456,3697,-1.0,10340.139047288343
456,3698,-1.0,10350.415973066969
456,3699,-1.0,10352.785380710025
456,3700,-1.0,10355.6397575728
456,3701,0.0,10352.53306564553
456,3702,1.0,10347.815495045901
456,3703,1.0,10348.338548877946
456,3704,1.0,10345.032164782922
456,3705,1.0,10340.607556921143
456,3706,1.0,10339.685921210383
456,3707,1.0,10333.435984262687
456,3708,1.0,10333.568823712101
456,3709,1.0,10340.790128167317
456,3710,1.0,10357.171137063633
456,3711,1.0,10374.599833867353
456,3712,1.0,10398.810563625202
456,3713,1.0,10418.503784910748
456,3714,1.0,10428.017997413694
456,3715,1.0,10431.952596865054
456,3716,1.0,10437.24845982369
456,3717,1.0,10436.746200438083
456,3718,0.0,10433.615176577952
456,3719,0.0,10433.615176577952
456,3720,0.0,10433.615176577952
456,3721,0.0,10433.615176577952
456,3722,0.0,10433.615176577952
456,3723,-1.0,10440.529308002584
456,3724,-1.0,10445.740593859417
456,3725,-1.0,10451.437140393919
456,3726,-1.0,10467.957246957343
456,3727,-1.0,10479.392073540668
456,3728,-1.0,10510.968230154154
456,3729,-1.0,10543.895296577395
456,3730,-1.0,10567.188416515279
456,3731,-1.0,10586.142352210582
456,3732,-1.0,10613.604214916706
456,3733,0.0,10610.420133652231
456,3734,1.0,10578.041244668377
456,3735,1.0,10552.26127326515
456,3736,1.0,10546.389027823783
456,3737,1.0,10550.346451704056
456,3738,1.0,10564.111217697451
456,3739,1.0,10586.727858262064
456,3740,1.0,10614.698450268552
456,3741,1.0,10636.233645263377
456,3742,1.0,10649.701797566238
456,3743,1.0,10652.684201386066
456,3744,1.0,10650.689951478162
456,3745,1.0,10636.976762614882
456,3746,1.0,10623.173738784699
456,3747,0.0,10619.986786663063
456,3748,0.0,10619.986786663063
456,3749,-1.0,10615.347535593273
456,3750,-1.0,10609.567290878509
456,3751,-1.0,10613.516169162323
456,3752,-1.0,10631.600207547433
456,3753,-1.0,10631.597093521994
456,3754,-1.0,10626.09623112039
456,3755,-1.0,10629.734695407811
456,3756,-1.0,10630.027408735321
456,3757,-1.0,10624.604119266836
456,3758,-1.0,10632.047964069492
456,3759,-1.0,10643.265516080557
456,3760,-1.0,10651.133631707598
456,3761,-1.0,10666.732142253555
456,3762,-1.0,10683.096753806865
456,3763,-1.0,10725.384986302148
456,3764,-1.0,10804.231260401157
456,3765,-1.0,10864.091785975897
456,3766,-1.0,10929.480922691284
456,3767,-1.0,10995.974752151942
456,3768,-1.0,11037.755629415868
456,3769,-1.0,11045.777436581535
456,3770,0.0,11042.46370335056
456,3771,1.0,11045.314359072598
456,3772,1.0,11057.255683366046
456,3773,1.0,11070.421983629889
456,3774,1.0,11079.003381296632
456,3775,1.0,11091.307952858393
456,3776,1.0,11080.942504350302
456,3777,1.0,11070.596900327386
456,3778,1.0,11072.72980286599
456,3779,1.0,11082.454021697762
456,3780,1.0,11086.965586326303
456,3781,1.0,11093.562092611224
456,3782,1.0,11097.161904402354
456,3783,1.0,11090.284238023458
456,3784,1.0,11083.988805732411
456,3785,1.0,11084.315879946085
456,3786,0.0,11080.990585182102
456,3787,0.0,11080.990585182102
456,3788,0.0,11080.990585182102
456,3789,0.0,11080.990585182102
456,3790,0.0,11080.990585182102
456,3791,-1.0,11067.00028186235
456,3792,-1.0,11059.779263001095
456,3793,-1.0,11054.123012557298
456,3794,-1.0,11050.757985777267
456,3795,-1.0,11046.495638980841
456,3796,-1.0,11052.2217454759
456,3797,-1.0,11058.575597124336
456,3798,-1.0,11062.071501793162
456,3799,-1.0,11064.453742181628
456,3800,-1.0,11063.117566869654
456,3801,-1.0,11059.733629657692
456,3802,-1.0,11059.626078270367
456,3803,-1.0,11057.22715581223
456,3804,-1.0,11056.3930685606
456,3805,-1.0,11070.41750718668
456,3806,-1.0,11084.287428302758
456,3807,-1.0,11095.749004273528
456,3808,-1.0,11109.254657751946
456,3809,-1.0,11121.044857235394
456,3810,-1.0,11119.037866377637
456,3811,-1.0,11119.828259785889
456,3812,-1.0,11124.249971802059
456,3813,-1.0,11124.158083231443
456,3814,-1.0,11127.685276613018
456,3815,-1.0,11135.959361093082
456,3816,-1.0,11139.063558681235
456,3817,-1.0,11140.322549823059
456,3818,-1.0,11143.02401090901
456,3819,-1.0,11141.662895890613
456,3820,0.0,11138.320397021846
456,3821,1.0,11134.485929221873
456,3822,1.0,11134.05215035947
456,3823,0.0,11130.711934714363
456,3824,1.0,11130.886262391537
456,3825,1.0,11136.49575022304
456,3826,0.0,11133.154801497974
456,3827,-1.0,11127.163102404764
456,3828,-1.0,11121.679818773488
456,3829,-1.0,11128.423465075748
456,3830,-1.0,11134.005914093523
456,3831,-1.0,11143.34679272848
456,3832,-1.0,11145.165147321277
456,3833,-1.0,11146.217648162816
456,3834,-1.0,11148.513519989483
456,3835,-1.0,11156.70093061014
456,3836,-1.0,11159.819133098603
456,3837,-1.0,11163.030355881298
456,3838,-1.0,11162.203399134543
456,3839,-1.0,11159.435926086011
456,3840,-1.0,11148.48307847423
456,3841,-1.0,11138.395517383133
456,3842,-1.0,11129.165581295145
456,3843,-1.0,11123.480266603861
456,3844,-1.0,11121.372986698161
456,3845,-1.0,11119.14216405895
456,3846,-1.0,11116.800542910225
456,3847,-1.0,11117.449803300819
456,3848,-1.0,11111.071608423614
456,3849,-1.0,11110.576617611148
456,3850,-1.0,11112.090489825967
456,3851,-1.0,11114.78075210771
456,3852,-1.0,11115.636489831366
456,3853,-1.0,11124.251361988363
456,3854,-1.0,11125.380310507304
456,3855,-1.0,11125.255609982998
456,3856,-1.0,11122.853560613225
456,3857,-1.0,11115.972626784276
456,3858,-1.0,11107.868973154395
456,3859,-1.0,11100.740787932702
456,3860,-1.0,11090.456248690944
456,3861,-1.0,11097.805101758711
456,3862,-1.0,11104.00536929988
456,3863,-1.0,11102.8596140118
456,3864,-1.0,11104.427739105293
456,3865,-1.0,11118.223941226313
456,3866,-1.0,11122.866386776028
456,3867,-1.0,11125.366608478842
456,3868,-1.0,11136.235023020907
456,3869,-1.0,11139.916445976585
456,3870,-1.0,11145.175463231339
456,3871,-1.0,11144.277236665086
456,3872,-1.0,11150.34065185254
456,3873,-1.0,11157.055789899498
456,3874,-1.0,11182.668535229253
456,3875,0.0,11179.313734668685
456,3876,1.0,11176.514343807687
456,3877,1.0,11177.114851542206
456,3878,1.0,11174.313143567011
456,3879,1.0,11185.781174802823
456,3880,1.0,11178.769998786205
456,3881,1.0,11168.016292184608
456,3882,1.0,11157.95114031988
456,3883,1.0,11150.339280718163
456,3884,1.0,11134.214365430831
456,3885,1.0,11111.613430991014
456,3886,1.0,11093.638839079698
456,3887,1.0,11075.810858940738
456,3888,1.0,11060.999844379045
456,3889,1.0,11058.588505035059
456,3890,1.0,11073.021920325786
456,3891,1.0,11083.340969941088
456,3892,1.0,11101.679636514806
456,3893,1.0,11122.18250899448
456,3894,1.0,11142.11724241274
456,3895,1.0,11146.290807464644
456,3896,1.0,11155.587528391568
456,3897,1.0,11151.599416066427
456,3898,1.0,11143.990554989996
456,3899,0.0,11140.6473578235
456,3900,-1.0,11135.66226341228
456,3901,-1.0,11140.833600636075
456,3902,-1.0,11140.692011146306
456,3903,-1.0,11137.412278629996
456,3904,-1.0,11139.10406362676
456,3905,-1.0,11148.237819207217
456,3906,-1.0,11149.918218120909
456,3907,-1.0,11152.824780230556
456,3908,-1.0,11163.703292650303
456,3909,-1.0,11171.879903327661
456,3910,-1.0,11176.723328936161
456,3911,-1.0,11187.797723194555
456,3912,-1.0,11192.967313722194
456,3913,-1.0,11193.03683655351
456,3914,-1.0,11194.920668315617
456,3915,-1.0,11198.994535528393
456,3916,-1.0,11205.25076978717
456,3917,-1.0,11212.140930297968
456,3918,-1.0,11219.24445063146
456,3919,-1.0,11222.414178744744
456,3920,-1.0,11225.20085833571
456,3921,-1.0,11232.262858463188
456,3922,-1.0,11244.10034929206
456,3923,-1.0,11248.40660515728
456,3924,0.0,11245.032083175734
456,3925,0.0,11245.032083175734
456,3926,0.0,11245.032083175734
456,3927,1.0,11243.97396194153
456,3928,1.0,11236.31037024491
456,3929,1.0,11235.08525146074
456,3930,1.0,11249.455925619606
456,3931,1.0,11251.132258411842
456,3932,1.0,11253.028516447854
456,3933,1.0,11247.777380070193
456,3934,1.0,11256.4128928638
456,3935,1.0,11256.159508519184
456,3936,1.0,11253.91895389124
456,3937,1.0,11252.632462634552
456,3938,0.0,11249.256672895763
456,3939,0.0,11249.256672895763
456,3940,0.0,11249.256672895763
456,3941,0.0,11249.256672895763
456,3942,0.0,11249.256672895763
456,3943,-1.0,11277.349266055693
456,3944,-1.0,11301.15670884155
456,3945,-1.0,11336.724761543215
456,3946,-1.0,11345.647819053887
456,3947,-1.0,11343.377764652128
456,3948,-1.0,11331.622645011319
456,3949,-1.0,11314.528182973449
456,3950,0.0,11311.133824518556
456,3951,1.0,11320.235869225535
456,3952,1.0,11334.451256256592
456,3953,1.0,11335.194279149775
456,3954,1.0,11329.020045502815
456,3955,1.0,11314.893712944373
456,3956,1.0,11295.229165741084
456,3957,0.0,11291.840596991362
456,3958,0.0,11291.840596991362
456,3959,0.0,11291.840596991362
456,3960,0.0,11291.840596991362
456,3961,0.0,11291.840596991362
456,3962,-1.0,11301.200056411268
456,3963,-1.0,11308.736797285808
456,3964,-1.0,11313.660851319393
456,3965,-1.0,11313.718026422126
456,3966,-1.0,11315.655704883377
456,3967,0.0,11312.261008171912
456,3968,1.0,11308.285591224054
456,3969,1.0,11306.520300262659
456,3970,1.0,11302.78271757298
456,3971,1.0,11305.118855415285
456,3972,1.0,11307.276611379399
456,3973,1.0,11309.219467220433
456,3974,0.0,11305.826701380267
456,3975,1.0,11303.37968676162
456,3976,1.0,11308.562090267173
456,3977,0.0,11305.169521640093
456,3978,0.0,11305.169521640093
456,3979,0.0,11305.169521640093
456,3980,0.0,11305.169521640093
456,3981,0.0,11305.169521640093
456,3982,-1.0,11305.458384571859
456,3983,-1.0,11303.973115047771
456,3984,-1.0,11307.033985492228
456,3985,-1.0,11314.364827141197
456,3986,-1.0,11317.626534414552
456,3987,-1.0,11319.94689164428
456,3988,-1.0,11328.633263026675
456,3989,-1.0,11329.49550782751
456,3990,-1.0,11332.473303417892
456,3991,-1.0,11337.580612958585
456,3992,-1.0,11346.519780621291
456,3993,-1.0,11342.514024111932
456,3994,-1.0,11347.272659925242
456,3995,-1.0,11345.75741067602
456,3996,-1.0,11346.040860918252
456,3997,-1.0,11346.854147093181
456,3998,-1.0,11348.854690812761
456,3999,-1.0,11348.69602685244
456,4000,-1.0,11355.367793729383
456,4001,-1.0,11381.873240314033
456,4002,-1.0,11406.259225893395
456,4003,-1.0,11438.027368339646
456,4004,-1.0,11459.206727019837
456,4005,-1.0,11467.611289391478
456,4006,-1.0,11454.705644171849
456,4007,-1.0,11451.08626200189
456,4008,0.0,11447.650936123291
456,4009,1.0,11456.375176868352
456,4010,1.0,11460.178685045392
456,4011,1.0,11478.600211376037
456,4012,1.0,11516.243400833011
456,4013,1.0,11565.986947501604
456,4014,1.0,11599.302327775264
456,4015,1.0,11624.119827672614
456,4016,0.0,11620.632591724312
456,4017,-1.0,11612.4005085905
456,4018,-1.0,11615.503659324775
456,4019,-1.0,11598.036580854427
456,4020,-1.0,11578.734905795194
456,4021,-1.0,11558.2396098472
456,4022,-1.0,11536.709591401524
456,4023,-1.0,11515.626472824342
456,4024,-1.0,11507.667068592307
456,4025,-1.0,11497.119459191568
456,4026,-1.0,11488.911706171408
456,4027,-1.0,11491.50268296581
456,4028,-1.0,11506.424635897354
456,4029,-1.0,11518.696990259441
456,4030,-1.0,11534.186348318894
456,4031,-1.0,11545.36363402296
456,4032,-1.0,11543.857865547061
456,4033,-1.0,11537.25166384607
456,4034,-1.0,11533.735061272344
456,4035,-1.0,11524.924543151266
456,4036,-1.0,11520.368811446357
456,4037,-1.0,11526.364405054004
456,4038,-1.0,11534.432431130239
456,4039,-1.0,11538.34370034079
456,4040,-1.0,11539.123532172182
456,4041,-1.0,11546.63155499408
456,4042,-1.0,11550.373891471303
456,4043,0.0,11546.908779303862
456,4044,1.0,11542.848965318946
456,4045,1.0,11531.676521124073
456,4046,1.0,11526.422587542445
456,4047,1.0,11524.805387276981
456,4048,1.0,11522.730269220907
456,4049,1.0,11509.332965054877
456,4050,1.0,11502.15410597933
456,4051,1.0,11492.688947447135
456,4052,1.0,11479.34757328148
456,4053,1.0,11471.841245583124
456,4054,1.0,11473.813132886664
456,4055,1.0,11474.705724038544
456,4056,1.0,11481.286546600688
456,4057,1.0,11497.157041331262
456,4058,1.0,11506.980491218745
456,4059,1.0,11514.269216184848
456,4060,1.0,11523.48229681851
456,4061,1.0,11526.872024034212
456,4062,1.0,11518.974388587101
456,4063,1.0,11514.887838042281
456,4064,1.0,11506.618414005112
456,4065,1.0,11496.688309548417
456,4066,1.0,11489.94366509865
456,4067,1.0,11485.544412732075
456,4068,0.0,11482.098749408256
456,4069,0.0,11482.098749408256
456,4070,0.0,11482.098749408256
456,4071,0.0,11482.098749408256
456,4072,0.0,11482.098749408256
456,4073,-1.0,11466.051641159569
456,4074,-1.0,11458.966466292906
456,4075,-1.0,11458.076057465345
456,4076,-1.0,11460.30113373741
456,4077,-1.0,11461.198240500224
456,4078,-1.0,11465.177280609101
456,4079,-1.0,11463.575550446281
456,4080,-1.0,11461.54598350769
456,4081,-1.0,11461.749908617245
456,4082,-1.0,11463.146826695665
456,4083,-1.0,11461.392559537551
456,4084,-1.0,11462.208344374569
456,4085,-1.0,11463.97221903601
456,4086,-1.0,11466.130921627555
456,4087,-1.0,11470.813466528896
456,4088,-1.0,11478.643709738428
456,4089,-1.0,11483.6925267245
456,4090,-1.0,11491.988316461264
456,4091,-1.0,11497.90203165185
456,4092,-1.0,11502.469837906305
456,4093,-1.0,11503.306075086357
456,4094,-1.0,11505.476919809622
456,4095,-1.0,11506.26906604009
456,4096,-1.0,11511.10737583596
456,4097,-1.0,11517.277812563025
456,4098,0.0,11513.822629219256
456,4099,0.0,11513.822629219256
456,4100,1.0,11510.00284892671
456,4101,1.0,11506.81818710966
456,4102,1.0,11506.114245867762
456,4103,1.0,11503.17923043569
456,4104,1.0,11499.962037548108
456,4105,1.0,11490.282400278238
456,4106,1.0,11486.02750092396
456,4107,1.0,11483.84772813722
456,4108,1.0,11483.95688139942
456,4109,1.0,11484.01144981236
456,4110,1.0,11485.942227141073
456,4111,0.0,11482.49644447293
456,4112,1.0,11486.023418524916
456,4113,1.0,11498.435013093416
456,4114,1.0,11510.17512778584
456,4115,1.0,11521.910717016157
456,4116,0.0,11518.454143801053
456,4117,-1.0,11516.574964093115
456,4118,-1.0,11521.724436683256
456,4119,-1.0,11525.597298013223
456,4120,-1.0,11529.09550611674
456,4121,-1.0,11534.182628391061
456,4122,-1.0,11530.11081910063
456,4123,-1.0,11528.10860866817
456,4124,-1.0,11529.976627411535
456,4125,-1.0,11529.189591287819
456,4126,-1.0,11522.60108171038
456,4127,-1.0,11514.512969734049
456,4128,-1.0,11505.969573045866
456,4129,-1.0,11495.942360993913
456,4130,-1.0,11488.348222827704
456,4131,-1.0,11483.095677927235
456,4132,-1.0,11482.077342414086
456,4133,-1.0,11482.65963257232
456,4134,-1.0,11482.993359433358
456,4135,-1.0,11481.992151172728
456,4136,-1.0,11483.129450403316
456,4137,-1.0,11491.953133539939
456,4138,-1.0,11497.600698911712
456,4139,-1.0,11510.636771154035
456,4140,-1.0,11527.051671201836
456,4141,-1.0,11540.248196744924
456,4142,-1.0,11545.37212241736
456,4143,-1.0,11555.005567578457
456,4144,-1.0,11553.001967995391
456,4145,-1.0,11544.74740022743
456,4146,-1.0,11535.056552575425
456,4147,0.0,11531.596035609653
456,4148,1.0,11533.95153389623
456,4149,1.0,11530.11668064592
456,4150,1.0,11517.545775215234
456,4151,0.0,11514.09051148267
456,4152,0.0,11514.09051148267
456,4153,0.0,11514.09051148267
456,4154,0.0,11514.09051148267
456,4155,1.0,11503.097372141052
456,4156,1.0,11497.457754260202
456,4157,1.0,11492.626492082261
456,4158,1.0,11484.169893563085
456,4159,1.0,11481.660680429144
456,4160,1.0,11478.005186561119
456,4161,1.0,11471.102371917837
456,4162,1.0,11462.822077906369
456,4163,1.0,11460.020946528977
456,4164,1.0,11455.175536733348
456,4165,1.0,11450.209047886125
456,4166,1.0,11447.749950308415
456,4167,1.0,11445.297737472181
456,4168,1.0,11437.613031582585
456,4169,1.0,11436.680818661043
456,4170,1.0,11434.938817339047
456,4171,1.0,11428.450935087203
456,4172,1.0,11433.922883138928
456,4173,1.0,11441.948734846152
456,4174,1.0,11445.614631931745
456,4175,1.0,11447.80097749488
456,4176,1.0,11455.162044204377
456,4177,0.0,11451.725495591116
456,4178,0.0,11451.725495591116
456,4179,0.0,11451.725495591116
456,4180,0.0,11451.725495591116
456,4181,0.0,11451.725495591116
456,4182,-1.0,11449.029381510109
456,4183,-1.0,11450.463313718239
456,4184,-1.0,11445.082503417905
456,4185,-1.0,11438.154539039195
456,4186,-1.0,11440.271620246975
456,4187,-1.0,11442.480946965423
456,4188,-1.0,11448.864371389725
456,4189,-1.0,11458.604549593072
456,4190,-1.0,11466.658299796169
456,4191,-1.0,11471.49079787861
456,4192,-1.0,11482.935029867089
456,4193,-1.0,11491.364894452834
456,4194,-1.0,11500.567949185253
456,4195,-1.0,11498.975505362456
456,4196,-1.0,11495.698887836674
456,4197,-1.0,11497.716078505851
456,4198,-1.0,11496.84603927032
456,4199,-1.0,11491.868664051923
456,4200,-1.0,11500.425951214247
456,4201,-1.0,11512.174713829514
456,4202,-1.0,11512.888212507629
456,4203,-1.0,11513.30662516218
456,4204,-1.0,11509.630731770292
456,4205,-1.0,11504.147139830715
456,4206,-1.0,11496.293800771942
456,4207,-1.0,11483.988462306412
456,4208,-1.0,11479.578629297677
456,4209,-1.0,11484.490106521878
456,4210,-1.0,11485.523027455152
456,4211,-1.0,11483.265811336487
456,4212,-1.0,11482.363400827644
456,4213,-1.0,11479.658710703514
456,4214,-1.0,11481.265807839101
456,4215,-1.0,11493.60377962287
456,4216,-1.0,11512.0470571028
456,4217,-1.0,11529.786149711823
456,4218,-1.0,11547.488292684284
456,4219,-1.0,11557.05160680646
456,4220,-1.0,11556.19358009037
456,4221,-1.0,11556.662225397538
456,4222,-1.0,11558.68794881329
456,4223,-1.0,11570.53025926248
456,4224,-1.0,11584.239614161257
456,4225,-1.0,11613.67239190911
456,4226,-1.0,11633.734717569707
456,4227,-1.0,11651.605415938293
456,4228,0.0,11648.109934313512
456,4229,1.0,11636.62532659655
456,4230,1.0,11638.214862264782
456,4231,1.0,11630.68123125677
456,4232,1.0,11620.192420268859
456,4233,1.0,11607.991647490222
456,4234,1.0,11597.523520102432
456,4235,1.0,11600.015599473345
456,4236,1.0,11609.634053865913
456,4237,1.0,11614.74877554769
456,4238,1.0,11627.588750931318
456,4239,1.0,11638.480325859311
456,4240,1.0,11639.975662983701
456,4241,1.0,11635.612754478288
456,4242,1.0,11631.77851285804
456,4243,0.0,11628.288979304183
456,4244,0.0,11628.288979304183
456,4245,-1.0,11629.50781246255
456,4246,-1.0,11631.835792468943
456,4247,-1.0,11633.68861279018
456,4248,-1.0,11634.467464124138
456,4249,-1.0,11647.594198720697
456,4250,-1.0,11656.701053488165
456,4251,-1.0,11659.857031285537
456,4252,-1.0,11665.056860474784
456,4253,-1.0,11672.316010697366
456,4254,-1.0,11674.909588829696
456,4255,-1.0,11676.275003008144
456,4256,-1.0,11679.307998343349
456,4257,-1.0,11679.664234523478
456,4258,-1.0,11683.684865480109
456,4259,-1.0,11687.805305760061
456,4260,-1.0,11693.238671062976
456,4261,-1.0,11709.653293500922
456,4262,-1.0,11722.60255241043
456,4263,-1.0,11730.84450203977
456,4264,-1.0,11736.23968687767
456,4265,-1.0,11729.980419091316
456,4266,-1.0,11725.045907509011
456,4267,-1.0,11722.385192979431
456,4268,-1.0,11721.532356437294
456,4269,-1.0,11714.433584100645
456,4270,-1.0,11718.396722053387
456,4271,-1.0,11711.171963744247
456,4272,-1.0,11711.340214716223
456,4273,-1.0,11708.11815167411
456,4274,-1.0,11719.50956610035
456,4275,-1.0,11731.920151904344
456,4276,-1.0,11741.889357992175
456,4277,-1.0,11751.396007102452
456,4278,-1.0,11760.786603423447
456,4279,-1.0,11755.337946608766
456,4280,-1.0,11751.179344059656
456,4281,-1.0,11749.026451760463
456,4282,-1.0,11746.784556653887
456,4283,-1.0,11745.911966477286
456,4284,-1.0,11743.805885008458
456,4285,-1.0,11734.96526040189
456,4286,-1.0,11720.42433510112
456,4287,-1.0,11702.70824942311
456,4288,-1.0,11698.687961152333
456,4289,-1.0,11690.810188550484
456,4290,-1.0,11682.558277584558
456,4291,-1.0,11686.98649865691
456,4292,-1.0,11687.961582385378
456,4293,-1.0,11680.455310843387
456,4294,-1.0,11692.98971239826
456,4295,-1.0,11721.55398442821
456,4296,-1.0,11741.54806480474
456,4297,-1.0,11761.823656978142
456,4298,-1.0,11781.542193665733
456,4299,-1.0,11806.329526510743
456,4300,-1.0,11806.216285787308
456,4301,-1.0,11825.101857948708
456,4302,-1.0,11844.040805841445
456,4303,-1.0,11860.920264369064
456,4304,-1.0,11867.952245374847
456,4305,0.0,11864.391859701234
456,4306,1.0,11858.785688649046
456,4307,1.0,11862.643025862679
456,4308,1.0,11866.349488909578
456,4309,1.0,11863.991156246459
456,4310,1.0,11853.246021993755
456,4311,1.0,11845.38501977438
456,4312,1.0,11822.189389473624
456,4313,1.0,11806.528356759705
456,4314,1.0,11800.079671894646
456,4315,1.0,11791.420076965362
456,4316,1.0,11786.360260123407
456,4317,1.0,11791.085933316273
456,4318,1.0,11793.873954240687
456,4319,1.0,11801.045628134923
456,4320,1.0,11807.027895730203
456,4321,1.0,11807.499649190639
456,4322,1.0,11804.534010186315
456,4323,1.0,11799.537984495757
456,4324,1.0,11797.27763700513
456,4325,1.0,11798.443339828757
456,4326,0.0,11794.90380682681
456,4327,0.0,11794.90380682681
456,4328,0.0,11794.90380682681
456,4329,0.0,11794.90380682681
456,4330,0.0,11794.90380682681
456,4331,-1.0,11775.600011275903
456,4332,-1.0,11758.89344552409
456,4333,-1.0,11743.549504546863
456,4334,-1.0,11739.493654623218
456,4335,-1.0,11734.767105790706
456,4336,-1.0,11725.739792871333
456,4337,-1.0,11722.743678711307
456,4338,-1.0,11718.183482026478
456,4339,-1.0,11710.984891851558
456,4340,-1.0,11703.353204109811
456,4341,-1.0,11694.949943144116
456,4342,-1.0,11683.880124474312
456,4343,-1.0,11674.345125657625
456,4344,-1.0,11667.104376659328
456,4345,-1.0,11661.366434057953
456,4346,-1.0,11660.010927934587
456,4347,-1.0,11661.194937845468
456,4348,-1.0,11659.598505896562
456,4349,-1.0,11656.919336436255
456,4350,-1.0,11654.111894123287
456,4351,-1.0,11652.910992428837
456,4352,-1.0,11648.495026120223
456,4353,-1.0,11646.481870486714
456,4354,-1.0,11641.329623252592
456,4355,-1.0,11640.050138636656
456,4356,-1.0,11637.020438167847
456,4357,-1.0,11636.333932303756
456,4358,-1.0,11636.31650850538
456,4359,-1.0,11639.047755323925
456,4360,-1.0,11641.313179248427
456,4361,-1.0,11645.778607877846
456,4362,-1.0,11648.223147953348
456,4363,-1.0,11653.134695254917
456,4364,-1.0,11660.640797611033
456,4365,-1.0,11664.171627502652
456,4366,-1.0,11667.864867757713
456,4367,0.0,11664.364508297385
456,4368,1.0,11657.786436761242
456,4369,1.0,11657.978564422752
456,4370,1.0,11660.619025574051
456,4371,1.0,11665.968523249056
456,4372,1.0,11670.138467173796
456,4373,1.0,11669.757264173892
456,4374,1.0,11667.512344433913
456,4375,1.0,11661.483921053936
456,4376,1.0,11646.611677076658
456,4377,1.0,11625.967940007817
456,4378,1.0,11610.658575613144
456,4379,1.0,11595.170339248958
456,4380,1.0,11573.744319333568
456,4381,1.0,11563.053873458044
456,4382,1.0,11556.427282489833
456,4383,1.0,11543.273619129805
456,4384,1.0,11530.449348974284
456,4385,1.0,11510.616314998606
456,4386,1.0,11504.39007405437
456,4387,1.0,11517.459241049448
456,4388,1.0,11545.230189335736
456,4389,1.0,11568.83739183087
456,4390,1.0,11608.860661923874
456,4391,1.0,11630.76323232446
456,4392,1.0,11626.835999053535
456,4393,1.0,11606.270005284228
456,4394,0.0,11602.788124282644
456,4395,0.0,11602.788124282644
456,4396,0.0,11602.788124282644
456,4397,-1.0,11600.469794931187
456,4398,-1.0,11590.258110587703
456,4399,-1.0,11579.602873098005
456,4400,-1.0,11573.922194809076
456,4401,-1.0,11569.27511850484
456,4402,-1.0,11571.003604096753
456,4403,-1.0,11575.109722509696
456,4404,-1.0,11583.294236335176
456,4405,-1.0,11592.680510030883
456,4406,-1.0,11600.445508509223
456,4407,-1.0,11611.736984005753
456,4408,-1.0,11613.179522325781
456,4409,-1.0,11615.570119448244
456,4410,-1.0,11609.720059335745
456,4411,-1.0,11593.121816222321
456,4412,-1.0,11569.075692704017
456,4413,-1.0,11558.965164778903
456,4414,-1.0,11539.953502891114
456,4415,-1.0,11524.558479125864
456,4416,-1.0,11527.339213588573
456,4417,-1.0,11529.23600540194
456,4418,-1.0,11526.605194570708
456,4419,-1.0,11525.693368160273
456,4420,-1.0,11533.29688571903
456,4421,-1.0,11538.825879242562
456,4422,-1.0,11552.215692509997
456,4423,-1.0,11568.076895152653
456,4424,-1.0,11584.835201520054
456,4425,-1.0,11594.076894128624
456,4426,-1.0,11597.022481886235
456,4427,-1.0,11592.518727036084
456,4428,-1.0,11577.634746789054
456,4429,-1.0,11569.210449889348
456,4430,-1.0,11570.519054560773
456,4431,-1.0,11571.754904005991
456,4432,-1.0,11571.449406803069
456,4433,-1.0,11572.989742960508
456,4434,-1.0,11571.199213511241
456,4435,-1.0,11558.647610498745
456,4436,-1.0,11543.657635274612
456,4437,-1.0,11527.699953854602
456,4438,0.0,11524.241643868447
456,4439,0.0,11524.241643868447
456,4440,0.0,11524.241643868447
456,4441,0.0,11524.241643868447
456,4442,0.0,11524.241643868447
456,4443,-1.0,11519.703947969865
456,4444,-1.0,11511.774915599168
456,4445,-1.0,11498.796310401167
456,4446,-1.0,11480.259005231337
456,4447,-1.0,11469.09376959418
456,4448,-1.0,11457.59685283562
456,4449,-1.0,11448.292154280336
456,4450,-1.0,11440.93774138928
456,4451,-1.0,11448.644321168922
456,4452,-1.0,11453.190397532684
456,4453,-1.0,11456.038063010792
456,4454,-1.0,11461.690316516218
456,4455,-1.0,11470.108121515732
456,4456,-1.0,11470.846247120857
456,4457,-1.0,11469.623801062035
456,4458,-1.0,11475.744062291136
456,4459,-1.0,11478.612518168075
456,4460,-1.0,11480.591900371992
456,4461,-1.0,11486.911626747375
456,4462,-1.0,11494.981269687165
456,4463,-1.0,11495.858976986712
456,4464,-1.0,11499.552412816014
456,4465,-1.0,11499.225300268934
456,4466,0.0,11495.775532678854
456,4467,1.0,11495.164122220463
456,4468,1.0,11506.723388640641
456,4469,1.0,11522.953044976015
456,4470,1.0,11535.290955231698
456,4471,1.0,11542.997834460755
456,4472,1.0,11554.591416822068
456,4473,1.0,11552.517440648593
456,4474,1.0,11546.093923736618
456,4475,0.0,11542.630095559498
456,4476,1.0,11532.096271757437
456,4477,0.0,11528.63664287591
456,4478,0.0,11528.63664287591
456,4479,0.0,11528.63664287591
456,4480,0.0,11528.63664287591
456,4481,0.0,11528.63664287591
456,4482,-1.0,11515.543827037945
456,4483,0.0,11512.089163889834
456,4484,1.0,11513.300911796936
456,4485,1.0,11517.287152517261
456,4486,1.0,11523.996450409064
456,4487,1.0,11529.071535343202
456,4488,1.0,11528.298395488942
456,4489,0.0,11524.839905970295
456,4490,0.0,11524.839905970295
456,4491,1.0,11511.30914665494
456,4492,1.0,11494.116268472953
456,4493,0.0,11490.668033592412
456,4494,-1.0,11497.23878620327
456,4495,-1.0,11496.346070929683
456,4496,0.0,11492.897167108405
456,4497,1.0,11492.294381298423
456,4498,1.0,11498.30304941542
456,4499,1.0,11508.677747415042
456,4500,1.0,11511.134103638185
456,4501,1.0,11504.314014975049
456,4502,1.0,11498.312824229552
456,4503,1.0,11486.08186732245
456,4504,1.0,11470.7103868924
456,4505,1.0,11465.876807055065
456,4506,1.0,11463.883664931518
456,4507,1.0,11467.131306809715
456,4508,1.0,11479.503748205016
456,4509,1.0,11495.193506817317
456,4510,1.0,11509.410787434314
456,4511,1.0,11520.727113868574
456,4512,1.0,11529.510834574312
456,4513,0.0,11526.05198132394
456,4514,-1.0,11526.116227976436
456,4515,-1.0,11531.85971731188
456,4516,-1.0,11539.187902795331
456,4517,-1.0,11544.713436636595
456,4518,-1.0,11546.5982104628
456,4519,-1.0,11546.397518005975
456,4520,-1.0,11546.528975717216
456,4521,-1.0,11544.42874053326
456,4522,-1.0,11545.563241451997
456,4523,-1.0,11546.507581210824
456,4524,-1.0,11546.417617897592
456,4525,-1.0,11550.195346855127
456,4526,-1.0,11558.095655246063
456,4527,-1.0,11561.032516046875
456,4528,-1.0,11561.929701901325
456,4529,-1.0,11563.395279345168
456,4530,-1.0,11565.82818626148
456,4531,-1.0,11559.839727788836
456,4532,-1.0,11561.831920183908
456,4533,-1.0,11565.448906671714
456,4534,-1.0,11570.405595571601
456,4535,-1.0,11569.72576756911
456,4536,-1.0,11575.494727957894
456,4537,-1.0,11574.831963218958
456,4538,-1.0,11576.608361086204
456,4539,-1.0,11571.894677635168
456,4540,-1.0,11567.88826825546
456,4541,-1.0,11564.475655977765
456,4542,-1.0,11562.853347611646
456,4543,-1.0,11555.428171816922
456,4544,-1.0,11558.340796501108
456,4545,-1.0,11571.692553886676
456,4546,-1.0,11579.797782011512
456,4547,-1.0,11597.792722577728
456,4548,-1.0,11622.94616105857
456,4549,-1.0,11643.371723093976
456,4550,-1.0,11664.2179807292
456,4551,-1.0,11686.13196376274
456,4552,-1.0,11702.005198504008
456,4553,-1.0,11707.152555744886
456,4554,0.0,11703.640409978163
456,4555,1.0,11708.461999958226
456,4556,1.0,11712.546723965916
456,4557,1.0,11719.682997136373
456,4558,1.0,11723.020346560825
456,4559,1.0,11724.210796952862
456,4560,1.0,11719.83764189813
456,4561,1.0,11703.675160077264
456,4562,1.0,11692.79024442174
456,4563,1.0,11664.30982621699
456,4564,1.0,11625.940502493073
456,4565,1.0,11549.094334602214
456,4566,1.0,11472.149309999
456,4567,1.0,11408.78968276444
456,4568,1.0,11352.224903128325
456,4569,1.0,11320.561876846425
456,4570,1.0,11327.344291266083
456,4571,1.0,11352.315589481188
456,4572,1.0,11367.442096907418
456,4573,1.0,11388.990974435974
456,4574,1.0,11396.643057086254
456,4575,1.0,11411.527512632041
456,4576,1.0,11419.60621028298
456,4577,1.0,11412.120313594645
456,4578,1.0,11399.30463739206
456,4579,1.0,11393.145045235697
456,4580,1.0,11380.750422637218
456,4581,1.0,11373.69573519449
456,4582,1.0,11375.561767213807
456,4583,1.0,11392.98284568247
456,4584,1.0,11409.202759646749
456,4585,1.0,11432.133596232283
456,4586,0.0,11428.703956153413
456,4587,0.0,11428.703956153413
456,4588,0.0,11428.703956153413
456,4589,0.0,11428.703956153413
456,4590,0.0,11428.703956153413
456,4591,-1.0,11433.312311599864
456,4592,-1.0,11443.30920549641
456,4593,-1.0,11447.572911063111
456,4594,-1.0,11454.791456348337
456,4595,-1.0,11463.316639790179
456,4596,-1.0,11463.589920846598
456,4597,-1.0,11456.727646896496
456,4598,-1.0,11455.299604436243
456,4599,-1.0,11450.32993923866
456,4600,-1.0,11450.219317953484
456,4601,-1.0,11456.483928603571
456,4602,-1.0,11464.589040585577
456,4603,-1.0,11474.923078283775
456,4604,-1.0,11487.669584017218
456,4605,-1.0,11496.281011988802
456,4606,-1.0,11497.718081813187
456,4607,-1.0,11498.558120326767
456,4608,-1.0,11499.395126021484
456,4609,-1.0,11497.453144691019
456,4610,-1.0,11498.220835165133
456,4611,-1.0,11502.474283648284
456,4612,-1.0,11506.999502629944
456,4613,-1.0,11508.45588592603
456,4614,-1.0,11508.320314996608
456,4615,-1.0,11504.648362508879
456,4616,-1.0,11502.184282948045
456,4617,-1.0,11500.641737069329
456,4618,-1.0,11492.223327728547
456,4619,-1.0,11483.9479066806
456,4620,-1.0,11473.371666275729
456,4621,-1.0,11462.844270076126
456,4622,-1.0,11453.52495476309
456,4623,-1.0,11447.636646080922
456,4624,-1.0,11446.171608133413
456,4625,-1.0,11447.763978439983
456,4626,-1.0,11449.03862819803
456,4627,-1.0,11443.655929327064
456,4628,-1.0,11438.134814219175
456,4629,-1.0,11432.332055773806
456,4630,-1.0,11429.882222779896
456,4631,-1.0,11426.519132295996
456,4632,-1.0,11430.971960656014
456,4633,-1.0,11434.053904575423
456,4634,-1.0,11432.239737513337
456,4635,-1.0,11426.596024992996
456,4636,-1.0,11422.345482476678
456,4637,-1.0,11407.23582632384
456,4638,-1.0,11399.675654420726
456,4639,-1.0,11391.644319387367
456,4640,-1.0,11383.89325362036
456,4641,-1.0,11376.395237643688
456,4642,-1.0,11379.50113804261
456,4643,-1.0,11379.36391827601
456,4644,-1.0,11379.446226983919
456,4645,-1.0,11380.396265882111
456,4646,-1.0,11383.863837753966
456,4647,-1.0,11385.610386402825
456,4648,-1.0,11389.67079074282
456,4649,-1.0,11401.005435888634
456,4650,-1.0,11410.339046238225
456,4651,-1.0,11420.620955141321
456,4652,-1.0,11436.293223005543
456,4653,-1.0,11447.891547248135
456,4654,-1.0,11451.932311242846
456,4655,-1.0,11455.729034334272
456,4656,-1.0,11461.404959866197
456,4657,0.0,11457.966538378238
456,4658,1.0,11455.293553583873
456,4659,1.0,11456.773191376267
456,4660,1.0,11460.023066212243
456,4661,1.0,11467.015169695243
456,4662,1.0,11469.406210910605
456,4663,1.0,11470.261342017588
456,4664,1.0,11470.060594286813
456,4665,1.0,11466.942826479079
456,4666,1.0,11464.137007398396
456,4667,1.0,11455.908825324695
456,4668,1.0,11449.940770833451
456,4669,1.0,11442.539954623375
456,4670,1.0,11435.613280872087
456,4671,1.0,11431.113053212574
456,4672,1.0,11435.282086409723
456,4673,1.0,11439.46404550825
456,4674,1.0,11441.819787848824
456,4675,1.0,11448.43237421171
456,4676,1.0,11441.796233191717
456,4677,1.0,11433.083929657812
456,4678,0.0,11429.654004478916
456,4679,-1.0,11437.680751847272
456,4680,-1.0,11454.507336796316
456,4681,-1.0,11454.635362840714
456,4682,-1.0,11459.112165129227
456,4683,-1.0,11463.66114513423
456,4684,-1.0,11455.454376413209
456,4685,-1.0,11445.909465785946
456,4686,0.0,11442.475692946211
456,4687,1.0,11442.375826443831
456,4688,1.0,11448.642174724837
456,4689,1.0,11447.176313538432
456,4690,0.0,11443.742160644371
456,4691,-1.0,11430.95458414961
456,4692,-1.0,11419.929623291886
456,4693,-1.0,11402.771429933553
456,4694,-1.0,11379.890762526635
456,4695,-1.0,11357.025009676849
456,4696,-1.0,11346.196743606055
456,4697,-1.0,11332.963179961267
456,4698,-1.0,11321.296962579925
456,4699,-1.0,11315.45159801683
456,4700,-1.0,11319.282802318954
456,4701,-1.0,11317.631381823385
456,4702,-1.0,11315.465174470373
456,4703,-1.0,11313.947998618974
456,4704,-1.0,11312.898217514485
456,4705,-1.0,11311.111938275579
456,4706,-1.0,11305.681297113133
456,4707,-1.0,11303.078275788386
456,4708,-1.0,11303.371122547858
456,4709,-1.0,11308.726995652767
456,4710,-1.0,11309.418644028201
456,4711,-1.0,11314.270097030696
456,4712,-1.0,11323.56275695138
456,4713,-1.0,11332.777095524661
456,4714,-1.0,11340.929545822248
456,4715,-1.0,11353.757136542756
456,4716,-1.0,11364.042898688303
456,4717,-1.0,11372.177908094956
456,4718,-1.0,11389.126916636833
456,4719,-1.0,11396.552969654247
456,4720,0.0,11393.13400376335
456,4721,1.0,11386.189984092458
456,4722,1.0,11381.506923481727
456,4723,1.0,11386.174133417366
456,4724,1.0,11383.545473107104
456,4725,1.0,11381.528912698215
456,4726,1.0,11375.233865008462
456,4727,1.0,11369.78418004759
456,4728,1.0,11361.705536779307
456,4729,1.0,11358.955025815914
456,4730,1.0,11358.025887873608
456,4731,1.0,11362.559146873738
456,4732,1.0,11373.887425498011
456,4733,1.0,11391.656135059191
456,4734,1.0,11406.920361016662
456,4735,1.0,11417.508547628175
456,4736,1.0,11424.475701963234
456,4737,1.0,11426.954120526289
456,4738,1.0,11423.604410127198
456,4739,1.0,11419.405602765046
456,4740,0.0,11415.979781084217
456,4741,0.0,11415.979781084217
456,4742,0.0,11415.979781084217
456,4743,0.0,11415.979781084217
456,4744,0.0,11415.979781084217
456,4745,-1.0,11405.328747165244
456,4746,-1.0,11399.753690399939
456,4747,-1.0,11393.981805839847
456,4748,-1.0,11388.912450102116
456,4749,-1.0,11383.06716427776
456,4750,-1.0,11379.970799339984
456,4751,-1.0,11378.476264608586
456,4752,-1.0,11367.169075361144
456,4753,-1.0,11365.644987404501
456,4754,-1.0,11372.21140780617
456,4755,-1.0,11376.87252485436
456,4756,-1.0,11375.30321124662
456,4757,-1.0,11373.419362931616
456,4758,-1.0,11381.7522236453
456,4759,-1.0,11381.388600144535
456,4760,-1.0,11397.761802313367
456,4761,-1.0,11421.88033990539
456,4762,-1.0,11446.463134089367
456,4763,-1.0,11447.512199846664
456,4764,-1.0,11459.942982748567
456,4765,-1.0,11465.246915880749
456,4766,-1.0,11462.240253776248
456,4767,0.0,11458.801581700116
456,4768,1.0,11455.737071543406
456,4769,1.0,11464.706305157395
456,4770,1.0,11479.344737813928
456,4771,1.0,11504.910496957564
456,4772,1.0,11533.370613001589
456,4773,1.0,11569.482169428495
456,4774,1.0,11613.444163260043
456,4775,1.0,11649.413937109091
456,4776,1.0,11668.778240826614
456,4777,0.0,11665.277607354366
456,4778,-1.0,11669.673698823663
456,4779,-1.0,11678.681105584783
456,4780,-1.0,11679.920080669532
456,4781,-1.0,11685.129075070554
456,4782,-1.0,11690.403011192948
456,4783,-1.0,11693.293166205889
456,4784,-1.0,11703.998741440864
456,4785,-1.0,11713.961226284158
456,4786,-1.0,11726.24915199119
456,4787,-1.0,11738.055124420169
456,4788,-1.0,11734.336761738206
456,4789,-1.0,11727.918853703619
456,4790,-1.0,11726.38416533113
456,4791,-1.0,11716.63259313841
456,4792,-1.0,11709.24939636993
456,4793,-1.0,11703.555248287523
456,4794,-1.0,11708.049033531819
456,4795,-1.0,11706.862260730497
456,4796,0.0,11703.350202052277
456,4797,1.0,11696.731330969156
456,4798,1.0,11689.333766099884
456,4799,1.0,11690.567914161678
456,4800,1.0,11690.785904084622
456,4801,1.0,11696.501849114999
456,4802,1.0,11703.070966389521
456,4803,1.0,11706.717774273317
456,4804,1.0,11703.44681303576
456,4805,1.0,11700.134705214976
456,4806,1.0,11689.325574004846
456,4807,1.0,11668.51324222365
456,4808,1.0,11644.542507657625
456,4809,1.0,11629.786913627455
456,4810,1.0,11615.879932912085
456,4811,1.0,11609.25758211635
456,4812,1.0,11610.131722620845
456,4813,1.0,11611.142710753073
456,4814,1.0,11600.782785781594
456,4815,1.0,11588.553560702743
456,4816,1.0,11581.625407222944
456,4817,1.0,11566.682913594323
456,4818,1.0,11553.193121820479
456,4819,1.0,11556.408173657826
456,4820,1.0,11566.990211675466
456,4821,1.0,11574.993708120559
456,4822,1.0,11584.278393216884
456,4823,1.0,11609.730220320833
456,4824,1.0,11624.30495144978
456,4825,1.0,11626.391927254737
456,4826,1.0,11630.943645966121
456,4827,1.0,11640.493528375211
456,4828,1.0,11639.775317160002
456,4829,0.0,11636.283384564855
456,4830,-1.0,11622.446871465108
456,4831,-1.0,11620.858432477466
456,4832,-1.0,11621.901024957666
456,4833,-1.0,11627.438500117845
456,4834,-1.0,11628.00882608898
456,4835,-1.0,11631.826249572443
456,4836,-1.0,11635.624952987779
456,4837,-1.0,11656.393064009659
456,4838,-1.0,11670.307272018736
456,4839,-1.0,11680.418333405207
456,4840,-1.0,11701.647569709352
456,4841,-1.0,11711.336577704102
456,4842,-1.0,11703.367271509467
456,4843,-1.0,11716.013418827693
456,4844,-1.0,11729.165318242025
456,4845,-1.0,11723.79962802158
456,4846,-1.0,11722.83162147191
456,4847,-1.0,11702.619677758712
456,4848,0.0,11699.108891855385
456,4849,1.0,11724.085216276737
456,4850,1.0,11753.497796128539
456,4851,1.0,11783.997432928436
456,4852,1.0,11801.322600906156
456,4853,0.0,11797.782204125884
456,4854,-1.0,11778.432976527482
456,4855,-1.0,11759.35197274902
456,4856,-1.0,11745.62544772524
456,4857,-1.0,11739.121234178843
456,4858,-1.0,11735.702945847559
456,4859,-1.0,11743.31428343557
456,4860,-1.0,11762.582585443719
456,4861,-1.0,11787.11576480831
456,4862,-1.0,11806.063516547534
456,4863,-1.0,11827.72693668791
456,4864,-1.0,11844.038880142587
456,4865,-1.0,11864.088424654008
456,4866,-1.0,11876.800789993324
456,4867,-1.0,11889.81834531873
456,4868,-1.0,11897.902078437925
456,4869,-1.0,11896.83840767504
456,4870,-1.0,11890.721989424506
456,4871,-1.0,11887.420553774384
456,4872,0.0,11883.854327608251
456,4873,1.0,11884.415867689064
456,4874,1.0,11887.442012695426
456,4875,1.0,11891.034795905798
456,4876,1.0,11896.644394140336
456,4877,1.0,11901.406724323411
456,4878,1.0,11907.308150365723
456,4879,1.0,11909.131887880656
456,4880,1.0,11915.772882841238
456,4881,1.0,11922.323753709881
456,4882,1.0,11930.118288288042
456,4883,1.0,11943.200251473883
456,4884,1.0,11952.628890353157
456,4885,1.0,11955.957860949613
456,4886,1.0,11962.832847952175
456,4887,0.0,11959.24399809779
456,4888,0.0,11959.24399809779
456,4889,0.0,11959.24399809779
456,4890,0.0,11959.24399809779
456,4891,0.0,11959.24399809779
456,4892,-1.0,11954.61050408636
456,4893,-1.0,11952.78904595827
456,4894,-1.0,11948.713960577994
456,4895,-1.0,11943.332417050631
456,4896,-1.0,11938.506465851025
456,4897,-1.0,11932.182589433502
456,4898,-1.0,11925.255725505078
456,4899,-1.0,11925.649623674932
456,4900,-1.0,11932.15729267329
456,4901,-1.0,11946.210848676157
456,4902,-1.0,11961.382013637303
456,4903,-1.0,11976.138039144946
456,4904,-1.0,11989.005564730262
456,4905,-1.0,11995.270380758162
456,4906,-1.0,11993.081257442374
456,4907,-1.0,11987.946218646117
456,4908,-1.0,11982.143061245393
456,4909,-1.0,11981.566747117375
456,4910,0.0,11977.97227709324
456,4911,1.0,11961.41670618323
456,4912,1.0,11949.535209604823
456,4913,1.0,11937.156487491833
456,4914,1.0,11930.765783438981
456,4915,1.0,11930.306510260702
456,4916,1.0,11939.540407259812
456,4917,1.0,11945.625254109775
456,4918,1.0,11949.510050043113
456,4919,1.0,11951.993438145397
456,4920,1.0,11955.505356755557
456,4921,1.0,11956.26748888177
456,4922,1.0,11957.39638156461
456,4923,1.0,11962.696999672447
456,4924,1.0,11963.175417062186
456,4925,1.0,11961.70428484831
456,4926,1.0,11963.988124223468
456,4927,1.0,11969.869515844863
456,4928,1.0,11968.926778673991
456,4929,0.0,11965.336100640388
456,4930,0.0,11965.336100640388
456,4931,0.0,11965.336100640388
456,4932,0.0,11965.336100640388
456,4933,0.0,11965.336100640388
456,4934,-1.0,11960.279105749561
456,4935,-1.0,11964.509160084344
456,4936,-1.0,11967.848911105712
456,4937,-1.0,11971.889966868266
456,4938,-1.0,11975.594460193852
456,4939,-1.0,11972.04565291564
456,4940,-1.0,11967.752359288213
456,4941,-1.0,11965.759635500806
456,4942,-1.0,11964.803144211286
456,4943,-1.0,11963.195920442096
456,4944,-1.0,11965.604171550842
456,4945,-1.0,11968.908446763151
456,4946,-1.0,11972.044789341146
456,4947,-1.0,11975.523507030572
456,4948,-1.0,11980.309269023563
456,4949,-1.0,11981.914989967823
456,4950,-1.0,11979.95942577174
456,4951,-1.0,11968.605512680915
456,4952,-1.0,11962.464673996807
456,4953,-1.0,11951.044316548623
456,4954,-1.0,11942.789997119156
456,4955,-1.0,11936.799852626162
456,4956,-1.0,11941.513624127658
456,4957,-1.0,11935.805973666464
456,4958,-1.0,11938.193180654745
456,4959,-1.0,11938.487201421336
456,4960,-1.0,11931.820882863027
456,4961,-1.0,11926.809699749872
456,4962,-1.0,11927.046067657006
456,4963,-1.0,11931.413111766595
456,4964,-1.0,11926.016103256881
456,4965,-1.0,11929.148800332327
456,4966,-1.0,11918.968102537207
456,4967,-1.0,11917.86217665207
456,4968,-1.0,11911.502260967938
456,4969,-1.0,11923.36051939014
456,4970,-1.0,11943.023902139712
456,4971,-1.0,11978.717537288767
456,4972,-1.0,12008.548204348566
456,4973,-1.0,12032.50163513822
456,4974,-1.0,12047.970879907121
456,4975,-1.0,12041.01325558602
456,4976,-1.0,12024.141920971548
456,4977,0.0,12020.534678395257
456,4978,1.0,12047.89513444217
456,4979,1.0,12078.728193776387
456,4980,1.0,12094.145066907284
456,4981,1.0,12105.906196531743
456,4982,1.0,12102.011722221536
456,4983,1.0,12084.075260287897
456,4984,1.0,12071.272335466
456,4985,0.0,12067.65095376536
456,4986,-1.0,12069.396292338097
456,4987,-1.0,12065.838698638969
456,4988,-1.0,12066.781679996402
456,4989,-1.0,12073.31853157125
456,4990,-1.0,12084.431704627406
456,4991,-1.0,12086.068668724143
456,4992,-1.0,12088.341322101025
456,4993,-1.0,12084.122364568384
456,4994,-1.0,12078.520710815046
456,4995,-1.0,12074.414348798482
456,4996,-1.0,12074.686382399994
456,4997,-1.0,12074.044279530379
456,4998,-1.0,12071.431877988241
456,4999,-1.0,12071.96507980289
456,5000,-1.0,12072.425776340484
456,5001,-1.0,12079.211143347242
456,5002,-1.0,12078.942607251307
456,5003,-1.0,12078.242205960267
456,5004,-1.0,12073.676382970385
456,5005,-1.0,12067.258124452632
456,5006,-1.0,12060.627812409472
456,5007,-1.0,12062.348833753445
456,5008,-1.0,12068.353514618795
456,5009,-1.0,12073.802022230002
456,5010,-1.0,12082.218651482035
456,5011,-1.0,12093.524817142783
456,5012,-1.0,12100.46863478336
456,5013,-1.0,12100.63957797428
456,5014,-1.0,12095.0940253415
456,5015,-1.0,12086.398570748737
456,5016,-1.0,12083.21133855361
456,5017,-1.0,12076.269456867878
456,5018,-1.0,12078.120688913004
456,5019,-1.0,12089.81009842153
456,5020,-1.0,12099.80994150135
456,5021,-1.0,12095.506994820465
456,5022,-1.0,12107.496220233312
456,5023,-1.0,12113.279879906237
456,5024,-1.0,12113.232532812894
456,5025,-1.0,12123.838973377155
456,5026,-1.0,12137.872754113385
456,5027,-1.0,12141.804393642207
456,5028,-1.0,12145.668071373195
456,5029,-1.0,12152.66128357749
456,5030,0.0,12149.015485192418
456,5031,1.0,12151.196917107744
456,5032,1.0,12158.647312600919
456,5033,1.0,12169.877676794124
456,5034,1.0,12180.7587481057
456,5035,1.0,12197.103788888984
456,5036,1.0,12215.160124089385
456,5037,1.0,12230.332173812498
456,5038,0.0,12226.663074160355
456,5039,-1.0,12222.04325216075
456,5040,-1.0,12232.365132981182
456,5041,-1.0,12245.874118768272
456,5042,-1.0,12252.908980804295
456,5043,-1.0,12255.171699514716
456,5044,-1.0,12246.317107184363
456,5045,-1.0,12233.753671621924
456,5046,-1.0,12230.054212953712
456,5047,-1.0,12225.277027350066
456,5048,-1.0,12220.742603416775
456,5049,-1.0,12215.431715265759
456,5050,-1.0,12209.984724976419
456,5051,-1.0,12196.651069958838
456,5052,-1.0,12194.302900705776
456,5053,-1.0,12196.21757131717
456,5054,-1.0,12197.345257408031
456,5055,-1.0,12204.202204870391
456,5056,-1.0,12203.718635826512
456,5057,-1.0,12192.827124700807
456,5058,-1.0,12186.240859934363
456,5059,-1.0,12180.50407846376
456,5060,-1.0,12170.964157039134
456,5061,-1.0,12167.066107234188
456,5062,-1.0,12170.789559512903
456,5063,-1.0,12170.088283400324
456,5064,-1.0,12171.80111488009
456,5065,-1.0,12180.198145913639
456,5066,-1.0,12189.32072933499
456,5067,-1.0,12195.971408881816
456,5068,-1.0,12200.978050864285
456,5069,-1.0,12200.62651059228
456,5070,-1.0,12196.640461347562
456,5071,-1.0,12190.183371573461
456,5072,-1.0,12191.698816792165
456,5073,-1.0,12194.751295466918
456,5074,-1.0,12204.581796420638
456,5075,0.0,12200.920421881712
456,5076,0.0,12200.920421881712
456,5077,0.0,12200.920421881712
456,5078,1.0,12191.936743149676
456,5079,1.0,12189.197558870728
456,5080,1.0,12186.271997035858
456,5081,1.0,12185.572824793768
456,5082,1.0,12184.987091349316
456,5083,1.0,12181.71090388901
456,5084,1.0,12173.604531860397
456,5085,1.0,12169.482278119001
456,5086,1.0,12164.799257092114
456,5087,1.0,12170.74556599903
456,5088,1.0,12172.928944067557
456,5089,1.0,12180.032147352407
456,5090,1.0,12178.842356790381
456,5091,1.0,12173.326775481737
456,5092,1.0,12159.596552807649
456,5093,0.0,12155.948673841807
456,5094,1.0,12161.677401613553
456,5095,1.0,12174.69181505145
456,5096,1.0,12187.07855704154
456,5097,1.0,12195.893673574787
456,5098,1.0,12188.423649566932
456,5099,1.0,12181.471060116928
456,5100,0.0,12177.816618798894
456,5101,0.0,12177.816618798894
456,5102,0.0,12177.816618798894
456,5103,0.0,12177.816618798894
456,5104,0.0,12177.816618798894
456,5105,-1.0,12227.130317878718
456,5106,-1.0,12265.446814887024
456,5107,-1.0,12311.874429074807
456,5108,-1.0,12355.901353631793
456,5109,-1.0,12397.623217714743
456,5110,0.0,12393.90393074943
456,5111,1.0,12373.057937820318
456,5112,1.0,12349.818625831162
456,5113,1.0,12332.117777801437
456,5114,1.0,12313.022677423529
456,5115,1.0,12281.228160991706
456,5116,1.0,12270.995171473234
456,5117,1.0,12257.292788231724
456,5118,1.0,12241.949017969933
456,5119,1.0,12237.906765456568
456,5120,1.0,12251.797208830427
456,5121,1.0,12253.316600145095
456,5122,1.0,12268.254070273932
456,5123,1.0,12269.286614620463
456,5124,1.0,12264.947973655799
456,5125,1.0,12248.090189745437
456,5126,1.0,12236.936687332312
456,5127,1.0,12232.131881661173
456,5128,1.0,12235.401578549983
456,5129,1.0,12238.384619944369
456,5130,1.0,12237.854641318116
456,5131,1.0,12232.008893480719
456,5132,0.0,12228.339290812675
456,5133,0.0,12228.339290812675
456,5134,0.0,12228.339290812675
456,5135,0.0,12228.339290812675
456,5136,0.0,12228.339290812675
456,5137,-1.0,12260.17167927881
456,5138,-1.0,12293.933046567156
456,5139,-1.0,12314.495670599841
456,5140,-1.0,12320.885604973764
456,5141,-1.0,12329.409882475935
456,5142,-1.0,12329.953175187673
456,5143,-1.0,12321.682033926156
456,5144,-1.0,12320.065572211006
456,5145,-1.0,12309.859437438354
456,5146,-1.0,12296.162755861906
456,5147,-1.0,12272.866875454833
456,5148,0.0,12269.185015392197
456,5149,0.0,12269.185015392197
456,5150,0.0,12269.185015392197
456,5151,0.0,12269.185015392197
456,5152,0.0,12269.185015392197
456,5153,-1.0,12255.931894541714
456,5154,-1.0,12242.605894067763
456,5155,-1.0,12230.767739908575
456,5156,-1.0,12221.01068455663
456,5157,-1.0,12213.912018746569
456,5158,-1.0,12209.73442059232
456,5159,-1.0,12202.207808240524
456,5160,-1.0,12198.515367182918
456,5161,-1.0,12195.822800264412
456,5162,-1.0,12196.451305118273
456,5163,-1.0,12195.745180895437
456,5164,-1.0,12195.796920689045
456,5165,-1.0,12185.712109610082
456,5166,-1.0,12176.093236711815
456,5167,-1.0,12169.290176949531
456,5168,-1.0,12159.85489459401
456,5169,-1.0,12162.31636718618
456,5170,-1.0,12174.671106467158
456,5171,-1.0,12188.632458048049
456,5172,-1.0,12198.67012658793
456,5173,-1.0,12216.729230737163
456,5174,-1.0,12252.220794667408
456,5175,-1.0,12287.048754855583
456,5176,-1.0,12333.984385465956
456,5177,-1.0,12387.816437192363
456,5178,-1.0,12450.437738554732
456,5179,-1.0,12486.032410951877
456,5180,-1.0,12521.910898551709
456,5181,0.0,12518.154325282143
456,5182,1.0,12482.731065014143
456,5183,1.0,12466.390444013019
456,5184,1.0,12439.259613037273
456,5185,1.0,12407.171326849864
456,5186,1.0,12387.560093426173
456,5187,1.0,12378.591935641814
456,5188,1.0,12375.5463411172
456,5189,1.0,12374.14740695467
456,5190,1.0,12367.6219975663
456,5191,1.0,12373.53334044072
456,5192,1.0,12383.216202407573
456,5193,1.0,12377.866094380626
456,5194,1.0,12381.137558319033
456,5195,1.0,12392.809030633456
456,5196,1.0,12384.94526526863
456,5197,1.0,12366.333120077337
456,5198,1.0,12358.865057674959
456,5199,1.0,12361.503947599418
456,5200,1.0,12370.701950815963
456,5201,1.0,12394.53853368438
456,5202,1.0,12413.401582099294
456,5203,0.0,12409.677561624665
456,5204,0.0,12409.677561624665
456,5205,0.0,12409.677561624665
456,5206,0.0,12409.677561624665
456,5207,0.0,12409.677561624665
456,5208,-1.0,12406.61350790834
456,5209,-1.0,12406.46966917231
456,5210,-1.0,12404.357345290968
456,5211,-1.0,12408.173479578902
456,5212,-1.0,12398.145399812434
456,5213,-1.0,12391.434049302337
456,5214,-1.0,12386.780186132697
456,5215,-1.0,12382.268208692736
456,5216,-1.0,12382.185125204887
456,5217,-1.0,12384.446982598667
456,5218,-1.0,12383.366775046274
456,5219,-1.0,12379.99042726928
456,5220,-1.0,12377.645885856988
456,5221,-1.0,12373.070480513246
456,5222,-1.0,12361.631591301812
456,5223,-1.0,12351.242401979307
456,5224,-1.0,12342.51315892835
456,5225,-1.0,12331.260930606306
456,5226,-1.0,12311.260123380169
456,5227,-1.0,12289.466822743592
456,5228,-1.0,12279.337926582317
456,5229,-1.0,12270.115662598115
456,5230,-1.0,12259.033069758947
456,5231,-1.0,12259.350245309412
456,5232,-1.0,12272.935808187816
456,5233,-1.0,12262.952167517049
456,5234,-1.0,12252.565606350001
456,5235,-1.0,12248.638873796714
456,5236,-1.0,12242.565294334874
456,5237,-1.0,12227.011036597449
456,5238,-1.0,12230.202269142968
456,5239,-1.0,12232.76560077304
456,5240,-1.0,12222.537896977421
456,5241,-1.0,12221.09507204079
456,5242,-1.0,12215.805796948853
456,5243,-1.0,12201.841227061112
456,5244,-1.0,12199.353841302322
456,5245,-1.0,12204.931583859732
456,5246,-1.0,12196.79678227792
456,5247,-1.0,12195.992147592588
456,5248,-1.0,12199.246613601881
456,5249,-1.0,12184.417576520564
456,5250,-1.0,12162.85746984868
456,5251,-1.0,12142.128935621298
456,5252,-1.0,12122.824323152952
456,5253,-1.0,12102.875108396223
456,5254,-1.0,12091.464804937068
456,5255,-1.0,12092.404579142203
456,5256,-1.0,12101.564624243518
456,5257,-1.0,12110.993111675878
456,5258,-1.0,12122.63063453648
456,5259,-1.0,12128.967108432864
456,5260,-1.0,12134.516884199576
456,5261,-1.0,12125.520671235656
456,5262,-1.0,12107.057289696397
456,5263,-1.0,12087.842785403269
456,5264,-1.0,12078.074049631583
456,5265,-1.0,12069.89975989061
456,5266,-1.0,12067.463784406973
456,5267,-1.0,12065.450843420529
456,5268,-1.0,12069.5643156095
456,5269,-1.0,12070.16497640065
456,5270,-1.0,12068.486860283878
456,5271,-1.0,12066.0187038624
456,5272,-1.0,12068.129856905076
456,5273,-1.0,12068.983040845147
456,5274,-1.0,12069.477488031516
456,5275,-1.0,12068.843738688514
456,5276,0.0,12065.223085566908
456,5277,1.0,12050.556264145867
456,5278,1.0,12049.148449996315
456,5279,1.0,12049.554343959415
456,5280,1.0,12048.08786617176
456,5281,1.0,12053.949280654373
456,5282,1.0,12064.19862759729
456,5283,1.0,12069.653856434757
456,5284,1.0,12072.261771424486
456,5285,1.0,12084.207681620419
456,5286,1.0,12089.860201431145
456,5287,1.0,12093.648168553089
456,5288,1.0,12096.307835454756
456,5289,1.0,12097.654761315227
456,5290,1.0,12090.934129144527
456,5291,1.0,12085.284773100937
456,5292,1.0,12077.508870026817
456,5293,1.0,12071.882801934156
456,5294,1.0,12068.286443668549
456,5295,1.0,12068.495154632901
456,5296,1.0,12070.051053840267
456,5297,1.0,12081.110774080582
456,5298,1.0,12095.28933271622
456,5299,1.0,12110.932890771384
456,5300,1.0,12137.899837861045
456,5301,1.0,12158.08928397572
456,5302,1.0,12172.576959328202
456,5303,1.0,12184.094103082076
456,5304,0.0,12180.438874851152
456,5305,-1.0,12172.48160667861
456,5306,-1.0,12176.311232463977
456,5307,-1.0,12185.369267866623
456,5308,-1.0,12192.434494518164
456,5309,-1.0,12202.851017016324
456,5310,-1.0,12222.969550408836
456,5311,-1.0,12230.096534347083
456,5312,-1.0,12229.377635274022
456,5313,-1.0,12232.482329875846
456,5314,-1.0,12225.63404354082
456,5315,-1.0,12214.624011969405
456,5316,-1.0,12209.008138691777
456,5317,-1.0,12210.265818503558
456,5318,-1.0,12203.598354216565
456,5319,-1.0,12192.08230968658
456,5320,0.0,12188.424684993675
456,5321,0.0,12188.424684993675
456,5322,1.0,12201.494671563732
456,5323,1.0,12214.428431102093
456,5324,1.0,12231.673802513795
456,5325,0.0,12228.00430037304
456,5326,-1.0,12201.167735742232
456,5327,-1.0,12171.83112692493
456,5328,-1.0,12151.669589168963
456,5329,-1.0,12136.7332175176
456,5330,-1.0,12124.659355023618
456,5331,-1.0,12136.050603687378
456,5332,-1.0,12148.8434914664
456,5333,-1.0,12151.947837376567
456,5334,-1.0,12162.482771497975
456,5335,-1.0,12161.895110438827
456,5336,-1.0,12152.247917377967
456,5337,-1.0,12140.801530292714
456,5338,-1.0,12139.701145879331
456,5339,-1.0,12139.990889094805
456,5340,-1.0,12154.977137936447
456,5341,-1.0,12174.381059609843
456,5342,-1.0,12199.014067793561
456,5343,-1.0,12215.88491862016
456,5344,-1.0,12221.494843751487
456,5345,-1.0,12218.413142617432
456,5346,-1.0,12218.243164685135
456,5347,0.0,12214.577691735729
456,5348,1.0,12213.425927026321
456,5349,1.0,12205.728747726385
456,5350,1.0,12192.609282630112
456,5351,1.0,12182.966947455912
456,5352,1.0,12171.335797365813
456,5353,1.0,12159.515546482346
456,5354,1.0,12142.881240773577
456,5355,1.0,12128.408012040347
456,5356,1.0,12111.320416378021
456,5357,1.0,12080.762363531061
456,5358,1.0,12055.523110124514
456,5359,1.0,12043.017555530067
456,5360,1.0,12042.732974750954
456,5361,1.0,12049.463605015368
456,5362,1.0,12072.514676542569
456,5363,1.0,12097.555103744056
456,5364,1.0,12112.119904860156
456,5365,1.0,12127.271241631117
456,5366,1.0,12142.961127683282
456,5367,1.0,12152.755988245894
456,5368,1.0,12161.534558057303
456,5369,1.0,12174.700409991403
456,5370,1.0,12179.198384118457
456,5371,0.0,12175.544624603222
456,5372,0.0,12175.544624603222
456,5373,-1.0,12165.438577896124
456,5374,-1.0,12161.335429237462
456,5375,-1.0,12161.589241686988
456,5376,-1.0,12155.98548060691
456,5377,-1.0,12140.780673758201
456,5378,-1.0,12129.914588075993
456,5379,-1.0,12124.463982867483
456,5380,-1.0,12110.759037933029
456,5381,-1.0,12104.899266702632
456,5382,-1.0,12110.587389497234
456,5383,-1.0,12129.535128601481
456,5384,-1.0,12140.808721397942
456,5385,-1.0,12143.757924376923
456,5386,-1.0,12143.864370617632
456,5387,-1.0,12138.926261360379
456,5388,-1.0,12126.394399150771
456,5389,-1.0,12119.801800050413
456,5390,-1.0,12127.475168840414
456,5391,-1.0,12144.912764259017
456,5392,-1.0,12168.879700636577
456,5393,-1.0,12189.400068730785
456,5394,-1.0,12210.692514551298
456,5395,-1.0,12233.999647373728
456,5396,-1.0,12250.319620964665
456,5397,-1.0,12256.74810856274
456,5398,0.0,12253.071084130172
456,5399,1.0,12233.064727302173
456,5400,1.0,12218.584012201876
456,5401,1.0,12198.23716108751
456,5402,1.0,12182.586190998163
456,5403,1.0,12182.423637505772
456,5404,1.0,12169.509653888892
456,5405,1.0,12165.97323014487
456,5406,1.0,12174.790025525554
456,5407,1.0,12164.36395343882
456,5408,1.0,12156.620908635576
456,5409,1.0,12167.358245145133
456,5410,1.0,12176.307375531433
456,5411,1.0,12176.746977284882
456,5412,1.0,12183.885921728777
456,5413,1.0,12187.731003851139
456,5414,1.0,12182.599213869491
456,5415,1.0,12166.594007274976
456,5416,1.0,12154.557485759491
456,5417,1.0,12153.296148713942
456,5418,1.0,12149.845352102682
456,5419,1.0,12138.444175726747
456,5420,0.0,12134.80264247403
456,5421,0.0,12134.80264247403
456,5422,0.0,12134.80264247403
456,5423,0.0,12134.80264247403
456,5424,0.0,12134.80264247403
456,5425,-1.0,12128.751550922716
456,5426,-1.0,12116.601167376777
456,5427,-1.0,12097.94591262756
456,5428,-1.0,12082.87747810426
456,5429,-1.0,12071.192911132359
456,5430,-1.0,12063.09113903561
456,5431,-1.0,12055.734852059286
456,5432,-1.0,12048.950022289211
456,5433,-1.0,12043.08613518988
456,5434,-1.0,12038.112827441526
456,5435,-1.0,12029.132618386335
456,5436,-1.0,12030.526587101724
456,5437,-1.0,12041.0945216148
456,5438,-1.0,12045.491083559213
456,5439,-1.0,12052.129271726992
456,5440,-1.0,12062.604470870574
456,5441,-1.0,12067.548740143216
456,5442,-1.0,12067.691571094461
456,5443,-1.0,12078.088902185196
456,5444,-1.0,12084.004672144143
456,5445,-1.0,12084.444813385244
456,5446,-1.0,12086.865588084454
456,5447,-1.0,12081.697041077947
456,5448,-1.0,12070.079086549546
456,5449,-1.0,12064.534472240075
456,5450,-1.0,12059.257433121085
456,5451,-1.0,12054.315179074938
456,5452,-1.0,12058.754528781144
456,5453,-1.0,12064.41338950391
456,5454,-1.0,12062.414348560185
456,5455,-1.0,12062.956002350247
456,5456,-1.0,12061.586956042807
456,5457,-1.0,12063.080378630531
456,5458,-1.0,12066.942720949957
456,5459,-1.0,12082.569610835211
456,5460,-1.0,12099.554665409058
456,5461,-1.0,12113.362202001934
456,5462,-1.0,12120.604940059384
456,5463,-1.0,12118.70257440514
456,5464,-1.0,12109.810831217746
456,5465,-1.0,12106.896634859817
456,5466,-1.0,12110.489713951538
456,5467,0.0,12106.856567037354
456,5468,1.0,12093.048785246261
456,5469,0.0,12089.420870610687
456,5470,0.0,12089.420870610687
456,5471,0.0,12089.420870610687
456,5472,1.0,12081.179450525387
456,5473,1.0,12080.687648502619
456,5474,1.0,12078.577828940808
456,5475,1.0,12078.317315260732
456,5476,1.0,12075.865867286282
456,5477,1.0,12071.313381610853
456,5478,1.0,12068.166824021382
456,5479,0.0,12064.546373974175
456,5480,0.0,12064.546373974175
456,5481,0.0,12064.546373974175
456,5482,0.0,12064.546373974175
456,5483,0.0,12064.546373974175
456,5484,-1.0,12054.54940984422
456,5485,-1.0,12045.392368290808
456,5486,-1.0,12036.363656061005
456,5487,-1.0,12031.849185926545
456,5488,-1.0,12027.366653114199
456,5489,-1.0,12022.410805806401
456,5490,-1.0,12017.117902295733
456,5491,-1.0,12020.73718324029
456,5492,-1.0,12026.357146667357
456,5493,-1.0,12041.319392926782
456,5494,-1.0,12062.495258650137
456,5495,-1.0,12079.291179663262
456,5496,-1.0,12081.25746857922
456,5497,-1.0,12085.803874470683
456,5498,-1.0,12084.856284041012
456,5499,-1.0,12075.192432029176
456,5500,-1.0,12075.030960804148
456,5501,-1.0,12082.656218878756
456,5502,-1.0,12091.94441029597
456,5503,-1.0,12103.055824148201
456,5504,-1.0,12117.495644768424
456,5505,-1.0,12125.203342674404
456,5506,-1.0,12135.632797879702
456,5507,0.0,12131.992108040338
456,5508,1.0,12131.249136322673
456,5509,0.0,12127.609761581776
456,5510,1.0,12128.78435441086
456,5511,1.0,12149.13608709725
456,5512,1.0,12162.758708795294
456,5513,1.0,12171.083906542492
456,5514,1.0,12176.07222571724
456,5515,1.0,12183.493324674473
456,5516,1.0,12177.41789862212
456,5517,0.0,12173.764673252534
456,5518,-1.0,12169.761114265599
456,5519,-1.0,12172.29836443629
456,5520,-1.0,12177.216564838314
456,5521,-1.0,12186.36655250901
456,5522,-1.0,12200.466918702956
456,5523,-1.0,12211.944613106769
456,5524,-1.0,12224.10952418443
456,5525,-1.0,12253.26591239253
456,5526,-1.0,12272.133673426119
456,5527,-1.0,12270.032429556306
456,5528,-1.0,12265.240650796539
456,5529,-1.0,12248.084057172196
456,5530,-1.0,12220.964807402897
456,5531,-1.0,12199.389704900692
456,5532,0.0,12195.729887989222
456,5533,1.0,12193.205776565834
456,5534,0.0,12189.547814832864
456,5535,0.0,12189.547814832864
456,5536,0.0,12189.547814832864
456,5537,-1.0,12180.85505730935
456,5538,-1.0,12172.475166465387
456,5539,-1.0,12157.377881987975
456,5540,-1.0,12140.265621004683
456,5541,-1.0,12114.445846671446
456,5542,-1.0,12102.754242053456
456,5543,-1.0,12095.772133918304
456,5544,-1.0,12096.477415828127
456,5545,-1.0,12102.632139136407
456,5546,-1.0,12116.523027560623
456,5547,-1.0,12124.188640192046
456,5548,-1.0,12127.689382352157
456,5549,-1.0,12131.011674855825
456,5550,-1.0,12134.33520935279
456,5551,-1.0,12133.410080291913
456,5552,-1.0,12136.454530732026
456,5553,-1.0,12140.826014274206
456,5554,-1.0,12137.713130482443
456,5555,-1.0,12134.368410148905
456,5556,-1.0,12133.402808576098
456,5557,-1.0,12121.881876908557
456,5558,-1.0,12109.17251334943
456,5559,-1.0,12111.20627704615
456,5560,-1.0,12117.069976313134
456,5561,-1.0,12123.333260597463
456,5562,-1.0,12131.308133208964
456,5563,-1.0,12134.931033684155
456,5564,-1.0,12127.356027843214
456,5565,-1.0,12120.346594221328
456,5566,-1.0,12114.133619152284
456,5567,-1.0,12110.527442576988
456,5568,-1.0,12113.431957056244
456,5569,-1.0,12115.090422967685
456,5570,-1.0,12110.119496171106
456,5571,-1.0,12100.26282779977
456,5572,-1.0,12087.053126659683
456,5573,-1.0,12071.417416593804
456,5574,-1.0,12060.202346416952
456,5575,-1.0,12049.958112114728
456,5576,-1.0,12045.976059509583
456,5577,-1.0,12052.399775205113
456,5578,-1.0,12062.41110294611
456,5579,-1.0,12071.280329261785
456,5580,-1.0,12088.482165403482
456,5581,-1.0,12106.868966996783
456,5582,-1.0,12119.376696754174
456,5583,-1.0,12131.015378357395
456,5584,-1.0,12143.708746710781
456,5585,-1.0,12146.460553448498
456,5586,-1.0,12143.113457281373
456,5587,-1.0,12148.086542930125
456,5588,0.0,12144.442116967246
456,5589,1.0,12146.751361513248
456,5590,1.0,12143.514784769239
456,5591,1.0,12139.800584031513
456,5592,1.0,12142.744994427141
456,5593,1.0,12128.569417709818
456,5594,1.0,12105.844379031209
456,5595,1.0,12094.207508053401
456,5596,1.0,12082.926701456878
456,5597,1.0,12067.025171731053
456,5598,1.0,12062.639572599992
456,5599,1.0,12061.589780836212
456,5600,1.0,12062.976715378036
456,5601,1.0,12061.182837024384
456,5602,1.0,12068.173773675893
456,5603,1.0,12071.874787975425
456,5604,1.0,12079.038562145408
456,5605,1.0,12076.147104980633
456,5606,1.0,12081.061597946311
456,5607,1.0,12083.875653914238
456,5608,1.0,12093.58944838859
456,5609,1.0,12112.406894452648
456,5610,1.0,12139.55101627075
456,5611,1.0,12159.193437049034
456,5612,0.0,12155.54567901792
456,5613,0.0,12155.54567901792
456,5614,0.0,12155.54567901792
456,5615,0.0,12155.54567901792
456,5616,0.0,12155.54567901792
456,5617,-1.0,12156.558468148341
456,5618,-1.0,12158.572840261308
456,5619,-1.0,12154.509648179546
456,5620,-1.0,12150.968024555483
456,5621,-1.0,12151.679877471823
456,5622,-1.0,12148.743086735212
456,5623,-1.0,12146.537922628891
456,5624,-1.0,12148.642383970091
456,5625,-1.0,12152.089108404953
456,5626,-1.0,12152.915425014407
456,5627,-1.0,12154.715617614684
456,5628,-1.0,12158.887547160872
456,5629,-1.0,12154.773244120053
456,5630,-1.0,12153.611132471015
456,5631,-1.0,12146.914460138769
456,5632,-1.0,12136.633309107623
456,5633,-1.0,12116.317054744028
456,5634,-1.0,12108.539072479269
456,5635,-1.0,12090.591061527964
456,5636,-1.0,12076.962682789288
456,5637,-1.0,12062.507273670759
456,5638,-1.0,12064.949389868805
456,5639,-1.0,12059.758882008146
456,5640,-1.0,12059.667516074838
456,5641,-1.0,12056.498656364982
456,5642,-1.0,12057.576210891653
456,5643,-1.0,12055.39776646787
456,5644,-1.0,12061.703527118105
456,5645,-1.0,12067.01818654817
456,5646,-1.0,12067.321654282403
456,5647,-1.0,12071.548375451124
456,5648,-1.0,12072.839890330593
456,5649,-1.0,12062.798875100729
456,5650,-1.0,12047.416934055278
456,5651,-1.0,12036.947613959292
456,5652,-1.0,12027.089615806877
456,5653,-1.0,11921.257914818012
456,5654,-1.0,11808.437779225396
456,5655,-1.0,11677.904625979603
456,5656,-1.0,11536.536366489125
456,5657,-1.0,11404.087196222368
456,5658,-1.0,11359.178127099398
456,5659,-1.0,11317.075960928025
456,5660,-1.0,11294.1512585674
456,5661,-1.0,11267.638500733423
456,5662,-1.0,11223.193349198698
456,5663,-1.0,11186.996521650144
456,5664,-1.0,11162.484292040666
456,5665,-1.0,11159.031358174065
456,5666,-1.0,11183.603784292809
456,5667,-1.0,11200.517518937264
456,5668,-1.0,11230.704259645832
456,5669,-1.0,11264.054140874594
456,5670,-1.0,11280.117592483995
456,5671,-1.0,11276.693377065758
456,5672,-1.0,11270.45876220205
456,5673,-1.0,11250.361780508081
456,5674,-1.0,11214.137178570092
456,5675,-1.0,11179.2213637011
456,5676,-1.0,11175.066734521122
456,5677,-1.0,11196.470779917496
456,5678,-1.0,11216.386919215603
456,5679,0.0,11213.022003139838
456,5680,1.0,11191.761105167507
456,5681,1.0,11186.081419048176
456,5682,1.0,11194.39892447373
456,5683,1.0,11200.245675839109
456,5684,1.0,11213.756468179534
456,5685,1.0,11220.557319930589
456,5686,1.0,11240.27939827824
456,5687,1.0,11253.670169398994
456,5688,1.0,11269.793464723172
456,5689,1.0,11276.301629769889
456,5690,1.0,11273.224359086047
456,5691,1.0,11268.869958045343
456,5692,1.0,11262.976250232747
456,5693,1.0,11264.687809688006
456,5694,1.0,11256.764362688878
456,5695,1.0,11249.637132618105
456,5696,1.0,11242.3574710492
456,5697,1.0,11233.734563671764
456,5698,1.0,11214.036970335444
456,5699,1.0,11192.436524974832
456,5700,1.0,11175.274319953784
456,5701,1.0,11162.271155701661
456,5702,1.0,11148.331387031438
456,5703,1.0,11142.990792399132
456,5704,1.0,11144.41445797915
456,5705,1.0,11158.540598678614
456,5706,1.0,11174.059731927378
456,5707,1.0,11195.348712632214
456,5708,1.0,11212.001773372987
456,5709,1.0,11225.600235144315
456,5710,1.0,11232.975879837366
456,5711,1.0,11238.100135685232
456,5712,1.0,11237.197118926573
456,5713,1.0,11240.037052362783
456,5714,1.0,11243.046398922643
456,5715,1.0,11244.473814331983
456,5716,1.0,11242.214102464473
456,5717,1.0,11244.158638153987
456,5718,1.0,11243.745588605178
456,5719,1.0,11239.45297232937
456,5720,0.0,11236.081136437673
456,5721,0.0,11236.081136437673
456,5722,0.0,11236.081136437673
456,5723,0.0,11236.081136437673
456,5724,0.0,11236.081136437673
456,5725,-1.0,11228.47132890408
456,5726,-1.0,11221.670322749955
456,5727,-1.0,11210.668320049559
456,5728,-1.0,11204.818245343198
456,5729,-1.0,11209.020171901575
456,5730,-1.0,11213.759432281602
456,5731,-1.0,11221.327297803238
456,5732,-1.0,11228.818650899262
456,5733,-1.0,11230.05900648544
456,5734,-1.0,11227.144139785925
456,5735,-1.0,11218.216417350117
456,5736,-1.0,11208.402147367504
456,5737,-1.0,11180.804348494637
456,5738,-1.0,11145.474625067685
456,5739,-1.0,11107.567009849827
456,5740,-1.0,11072.108714453847
456,5741,-1.0,11046.884505757747
456,5742,-1.0,11045.68004409485
456,5743,-1.0,11045.998942575176
456,5744,-1.0,11047.632712749613
456,5745,-1.0,11050.433259130348
456,5746,-1.0,11045.231407843037
456,5747,-1.0,11033.423498803244
456,5748,-1.0,11031.00643060326
456,5749,-1.0,11024.74191737023
456,5750,-1.0,11017.477678859386
456,5751,-1.0,11009.48378765953
456,5752,-1.0,11003.482380069821
456,5753,-1.0,10994.310699512183
456,5754,-1.0,10989.512863860557
456,5755,-1.0,10986.054886879372
456,5756,-1.0,10993.167473477859
456,5757,-1.0,11000.611533678508
456,5758,-1.0,11007.16958793515
456,5759,-1.0,11015.27657422355
456,5760,-1.0,11033.94758325697
456,5761,-1.0,11033.803108412754
456,5762,-1.0,11034.669965234802
456,5763,-1.0,11043.609394789548
456,5764,-1.0,11050.293445637019
456,5765,0.0,11046.978357603328
456,5766,1.0,11037.940981006719
456,5767,1.0,11031.79467521666
456,5768,1.0,11031.07860194361
456,5769,1.0,11027.268674993627
456,5770,1.0,11017.810870229354
456,5771,1.0,11008.881693184865
456,5772,1.0,11001.892539284121
456,5773,1.0,11001.748393131938
456,5774,1.0,11002.892002847051
456,5775,1.0,11016.02517267586
456,5776,1.0,11032.792194652848
456,5777,1.0,11052.171547024436
456,5778,1.0,11049.989571846818
456,5779,1.0,11054.560555436638
456,5780,1.0,11041.473559958322
456,5781,1.0,11024.404257906295
456,5782,1.0,11001.833780855452
456,5783,1.0,10995.29999881678
456,5784,1.0,10978.84233118473
456,5785,1.0,10972.214916606543
456,5786,1.0,10960.814052170996
456,5787,1.0,10953.38503847202
456,5788,1.0,10942.812197319325
456,5789,1.0,10936.414509887463
456,5790,1.0,10930.969460629658
456,5791,1.0,10926.049168255542
456,5792,1.0,10915.898058004173
456,5793,1.0,10907.04118987185
456,5794,1.0,10888.765160433237
456,5795,1.0,10872.814625629417
456,5796,1.0,10861.422327751425
456,5797,1.0,10858.390570961858
456,5798,1.0,10857.191150358447
456,5799,1.0,10871.057137805692
456,5800,1.0,10886.78102422689
456,5801,1.0,10902.80195320473
456,5802,1.0,10911.240941656975
456,5803,1.0,10918.450486590793
456,5804,1.0,10919.079359411362
456,5805,1.0,10920.118351726704
456,5806,1.0,10925.020867815738
456,5807,0.0,10921.743361555393
456,5808,-1.0,10912.685731405743
456,5809,-1.0,10906.563510564296
456,5810,-1.0,10904.318950000912
456,5811,-1.0,10904.913940316761
456,5812,-1.0,10905.635707980533
456,5813,-1.0,10902.289122184453
456,5814,-1.0,10892.336055380138
456,5815,-1.0,10881.013267907598
456,5816,-1.0,10873.73251748458
456,5817,-1.0,10871.780759094496
456,5818,-1.0,10865.278953112389
456,5819,-1.0,10862.261528648567
456,5820,-1.0,10865.6202293463
456,5821,-1.0,10862.159037459494
456,5822,-1.0,10851.44095371961
456,5823,-1.0,10843.707182767595
456,5824,-1.0,10832.850295888753
456,5825,-1.0,10818.8666897313
456,5826,-1.0,10806.194536552022
456,5827,-1.0,10795.880100690913
456,5828,-1.0,10788.532126810425
456,5829,-1.0,10787.103407985367
456,5830,-1.0,10785.215808115669
456,5831,-1.0,10785.148418204371
456,5832,-1.0,10785.89930127247
456,5833,-1.0,10786.403142646444
456,5834,-1.0,10786.692001743757
456,5835,-1.0,10787.321067630319
456,5836,-1.0,10791.673352512187
456,5837,-1.0,10797.523916207467
456,5838,-1.0,10798.494178693005
456,5839,-1.0,10801.260769253484
456,5840,-1.0,10803.658444680212
456,5841,-1.0,10803.613423368717
456,5842,-1.0,10802.082434356922
456,5843,-1.0,10807.54054496193
456,5844,-1.0,10815.95876721055
456,5845,-1.0,10826.54326698884
456,5846,0.0,10823.295304008743
456,5847,1.0,10810.48933438661
456,5848,1.0,10803.286190716628
456,5849,0.0,10800.045204859412
456,5850,1.0,10794.549693908883
456,5851,1.0,10797.951890757828
456,5852,1.0,10806.666916208833
456,5853,1.0,10810.842698512231
456,5854,1.0,10805.510614370394
456,5855,1.0,10798.748943544811
456,5856,1.0,10795.674520081977
456,5857,1.0,10796.767209095484
456,5858,1.0,10804.242963345954
456,5859,1.0,10819.120179590225
456,5860,1.0,10843.940387495417
456,5861,1.0,10862.294964343946
456,5862,1.0,10866.178153399665
456,5863,1.0,10863.865979111344
456,5864,1.0,10865.938200810653
456,5865,0.0,10862.67841935041
456,5866,-1.0,10881.128013118683
456,5867,-1.0,10903.646528267887
456,5868,-1.0,10914.814816065631
456,5869,-1.0,10937.341589778569
456,5870,-1.0,10946.888499336555
456,5871,-1.0,10952.28054884127
456,5872,-1.0,10946.918310341747
456,5873,-1.0,10947.613089313327
456,5874,-1.0,10943.6736454981
456,5875,0.0,10940.390543404452
456,5876,1.0,10943.90896301492
456,5877,1.0,10952.323844556196
456,5878,1.0,10963.188672064789
456,5879,1.0,10974.18639875556
456,5880,1.0,10984.407497798633
456,5881,1.0,10990.226423924594
456,5882,1.0,10991.411202623984
456,5883,1.0,10991.892200245356
456,5884,0.0,10988.594632585284
456,5885,-1.0,10985.055926316516
456,5886,-1.0,10982.01044183697
456,5887,-1.0,10973.796025969554
456,5888,-1.0,10973.861360086283
456,5889,-1.0,10971.950334290432
456,5890,-1.0,10964.981886363741
456,5891,-1.0,10958.544658365097
456,5892,-1.0,10961.319466242756
456,5893,-1.0,10963.724305531096
456,5894,-1.0,10965.822494833617
456,5895,-1.0,10971.17393514982
456,5896,-1.0,10977.996199593383
456,5897,-1.0,10984.612398815127
456,5898,-1.0,10987.62467932485
456,5899,-1.0,10993.31271214194
456,5900,-1.0,10996.127363969461
456,5901,-1.0,11002.33430205307
456,5902,-1.0,11016.891689791712
456,5903,-1.0,11020.85862887607
456,5904,-1.0,11019.063125045997
456,5905,-1.0,11020.913810512486
456,5906,-1.0,11017.42405199614
456,5907,-1.0,11005.340654668822
456,5908,0.0,11002.039052472423
456,5909,1.0,10997.906256003967
456,5910,1.0,11004.59504531391
456,5911,1.0,11015.861492026437
456,5912,1.0,11037.189635705232
456,5913,1.0,11061.85439348803
456,5914,1.0,11094.705945647904
456,5915,1.0,11121.386271438918
456,5916,0.0,11118.049855557487
456,5917,0.0,11118.049855557487
456,5918,0.0,11118.049855557487
456,5919,0.0,11118.049855557487
456,5920,0.0,11118.049855557487
456,5921,-1.0,11104.561160191646
456,5922,-1.0,11091.19323255004
456,5923,-1.0,11086.935420164727
456,5924,-1.0,11089.950786249681
456,5925,-1.0,11094.131839592796
456,5926,-1.0,11104.428497347137
456,5927,-1.0,11124.808614029547
456,5928,-1.0,11143.182489138251
456,5929,-1.0,11158.038768394132
456,5930,-1.0,11171.793646011958
456,5931,-1.0,11170.595886655365
456,5932,-1.0,11162.101237912171
456,5933,-1.0,11149.090446803875
456,5934,-1.0,11116.938488700167
456,5935,-1.0,11088.921079677984
456,5936,0.0,11085.594403354082
456,5937,1.0,11111.033454680064
456,5938,1.0,11137.493088352743
456,5939,1.0,11148.296177814527
456,5940,0.0,11144.951688961184
456,5941,0.0,11144.951688961184
456,5942,-1.0,11138.461295344945
456,5943,-1.0,11119.287941494791
456,5944,-1.0,11087.183708327484
456,5945,-1.0,11063.242137737741
456,5946,-1.0,11050.168671928412
456,5947,-1.0,11035.469180538581
456,5948,-1.0,11048.689078262762
456,5949,-1.0,11076.868340216179
456,5950,-1.0,11097.281982816805
456,5951,-1.0,11107.566870275743
456,5952,-1.0,11111.26660300568
456,5953,-1.0,11108.499946728023
456,5954,-1.0,11108.282819020958
456,5955,-1.0,11119.835149979015
456,5956,-1.0,11136.09672395963
456,5957,-1.0,11153.756063168807
456,5958,-1.0,11163.927922727904
456,5959,-1.0,11175.562314902507
456,5960,-1.0,11173.617727208588
456,5961,0.0,11170.265641890426
456,5962,1.0,11160.568087787005
456,5963,1.0,11150.023622298626
456,5964,1.0,11148.817118007328
456,5965,1.0,11151.807467029992
456,5966,1.0,11157.727275136858
456,5967,1.0,11167.488212412087
456,5968,1.0,11174.720945178391
456,5969,1.0,11179.654257463179
456,5970,1.0,11180.436008385877
456,5971,1.0,11181.32363397793
456,5972,1.0,11189.65886916819
456,5973,1.0,11197.441797308087
456,5974,1.0,11204.364069430061
456,5975,1.0,11200.363959694174
456,5976,1.0,11189.953093225116
456,5977,1.0,11171.443481526001
456,5978,1.0,11155.003950415856
456,5979,1.0,11138.081764979413
456,5980,1.0,11130.990929358915
456,5981,1.0,11124.829466896506
456,5982,1.0,11127.208157613688
456,5983,1.0,11128.095904520389
456,5984,1.0,11130.650771402656
456,5985,1.0,11131.21854905562
456,5986,1.0,11138.007644977259
456,5987,1.0,11136.752749391422
456,5988,1.0,11140.825029981785
456,5989,1.0,11143.478044742147
456,5990,1.0,11146.22091956222
456,5991,1.0,11146.068911431754
456,5992,1.0,11149.268266951847
456,5993,0.0,11145.923486471762
456,5994,0.0,11145.923486471762
456,5995,0.0,11145.923486471762
456,5996,-1.0,11138.112050614136
456,5997,-1.0,11131.369749959089
456,5998,-1.0,11123.032636526475
456,5999,-1.0,11115.511889654426
456,6000,-1.0,11108.083095807377
456,6001,-1.0,11103.046422724463
456,6002,-1.0,11102.260249880168
456,6003,-1.0,11102.52329976118
456,6004,-1.0,11101.819491442702
456,6005,-1.0,11103.581918383752
456,6006,-1.0,11101.93407029508
456,6007,-1.0,11098.559696071216
456,6008,-1.0,11099.246701097782
456,6009,-1.0,11098.842320780348
456,6010,-1.0,11098.155181003372
456,6011,-1.0,11097.59310014077
456,6012,-1.0,11096.925924663354
456,6013,-1.0,11095.341674955924
456,6014,-1.0,11095.890498497134
456,6015,-1.0,11100.199325546004
456,6016,-1.0,11104.604523911215
456,6017,-1.0,11107.472058750154
456,6018,-1.0,11113.45233168356
456,6019,-1.0,11115.947588541614
456,6020,-1.0,11111.079215789134
456,6021,-1.0,11106.378253765188
456,6022,-1.0,11106.036111193936
456,6023,-1.0,11102.31747815643
456,6024,-1.0,11102.856929241165
456,6025,-1.0,11108.756629066007
456,6026,-1.0,11118.725056559062
456,6027,-1.0,11125.894762129024
456,6028,-1.0,11132.390402317931
456,6029,-1.0,11136.36168312217
456,6030,-1.0,11130.744657224794
456,6031,-1.0,11124.277866916258
456,6032,0.0,11120.940583556183
456,6033,1.0,11120.613607123158
456,6034,1.0,11123.88003455056
456,6035,1.0,11119.267189257003
456,6036,1.0,11118.282263298379
456,6037,0.0,11114.946778619389
456,6038,1.0,11109.214702570278
456,6039,1.0,11107.377907805416
456,6040,1.0,11107.828824999579
456,6041,0.0,11104.496476352078
456,6042,0.0,11104.496476352078
456,6043,0.0,11104.496476352078
456,6044,0.0,11104.496476352078
456,6045,0.0,11104.496476352078
456,6046,-1.0,11090.93172984613
456,6047,-1.0,11083.466424310616
456,6048,-1.0,11077.936982093113
456,6049,-1.0,11082.107579852785
456,6050,-1.0,11083.321464169512
456,6051,-1.0,11082.678352286419
456,6052,-1.0,11087.158407204284
456,6053,-1.0,11092.962538813777
456,6054,-1.0,11088.262482918157
456,6055,-1.0,11089.775922868937
456,6056,-1.0,11093.062109281358
456,6057,-1.0,11095.479198895584
456,6058,-1.0,11095.236093613838
456,6059,-1.0,11099.764367449856
456,6060,-1.0,11092.306608991505
456,6061,-1.0,11086.992084306261
456,6062,-1.0,11079.125998420217
456,6063,-1.0,11069.455696030396
456,6064,-1.0,11059.656135760346
456,6065,-1.0,11058.212862498107
456,6066,-1.0,11053.85327692488
456,6067,-1.0,11046.804543260165
456,6068,-1.0,11049.157410141179
456,6069,-1.0,11051.111997977836
456,6070,-1.0,11052.374130533311
456,6071,-1.0,11052.318541474016
456,6072,-1.0,11055.599950620717
456,6073,-1.0,11052.12269792757
456,6074,-1.0,11049.575370109495
456,6075,-1.0,11043.814172188511
456,6076,-1.0,11039.98805156176
456,6077,-1.0,11045.115136237779
456,6078,-1.0,11047.630756549377
456,6079,-1.0,11049.856206659046
456,6080,-1.0,11052.222290411246
456,6081,-1.0,11060.15554913051
456,6082,-1.0,11068.502068296588
456,6083,-1.0,11081.702394795468
456,6084,-1.0,11091.53179904737
456,6085,-1.0,11105.289451192124
456,6086,-1.0,11116.13919475005
456,6087,-1.0,11120.432219574306
456,6088,0.0,11117.096089908435
456,6089,1.0,11103.104609483618
456,6090,1.0,11097.855999805088
456,6091,1.0,11093.548959184203
456,6092,1.0,11087.445416417475
456,6093,1.0,11083.25128203467
456,6094,1.0,11083.658643408706
456,6095,1.0,11079.362654283073
456,6096,1.0,11077.602637852415
456,6097,1.0,11075.317072611457
456,6098,1.0,11070.233232897397
456,6099,1.0,11070.692599927714
456,6100,1.0,11074.919590735404
456,6101,1.0,11069.847637652787
456,6102,1.0,11067.704337260599
456,6103,1.0,11063.012129273804
456,6104,1.0,11058.08391748203
456,6105,1.0,11051.441770227706
456,6106,0.0,11048.126337696638
456,6107,0.0,11048.126337696638
456,6108,1.0,11045.346026189354
456,6109,1.0,11043.305614264491
456,6110,1.0,11040.787582244826
456,6111,0.0,11037.475345970153
456,6112,0.0,11037.475345970153
456,6113,0.0,11037.475345970153
456,6114,0.0,11037.475345970153
456,6115,0.0,11037.475345970153
456,6116,-1.0,11045.354569575218
456,6117,-1.0,11054.206801386686
456,6118,-1.0,11058.151557614301
456,6119,-1.0,11062.229533403539
456,6120,-1.0,11061.179132664836
456,6121,-1.0,11051.470174424632
456,6122,-1.0,11045.341974333673
456,6123,-1.0,11038.809639914802
456,6124,-1.0,11028.23071661584
456,6125,-1.0,11016.424968648016
456,6126,-1.0,11015.974091091108
456,6127,-1.0,11015.719165911885
456,6128,-1.0,11019.61659742477
456,6129,-1.0,11029.850078861162
456,6130,-1.0,11044.417117606956
456,6131,-1.0,11052.350127610604
456,6132,-1.0,11057.757178539228
456,6133,-1.0,11065.256502934588
456,6134,-1.0,11075.403993000346
456,6135,-1.0,11084.00916650378
456,6136,-1.0,11092.038838083376
456,6137,-1.0,11101.349669682664
456,6138,-1.0,11103.574275452449
456,6139,-1.0,11093.801193013414
456,6140,-1.0,11085.46497869387
456,6141,-1.0,11072.470199590558
456,6142,-1.0,11048.316678705209
456,6143,-1.0,11027.123838211419
456,6144,-1.0,11008.020599952215
456,6145,-1.0,10992.512085136157
456,6146,-1.0,10984.59464690518
456,6147,-1.0,10988.078693059875
456,6148,-1.0,10995.229949662058
456,6149,-1.0,11000.201160415889
456,6150,-1.0,11006.385570541772
456,6151,-1.0,11012.000599055287
456,6152,-1.0,11013.456912770956
456,6153,-1.0,11012.529329272455
456,6154,-1.0,11012.751299993368
456,6155,-1.0,11011.010705531475
456,6156,-1.0,11005.860709896959
456,6157,-1.0,11007.920223369618
456,6158,-1.0,11018.431018680629
456,6159,-1.0,11036.427178130818
456,6160,-1.0,11056.380804964649
456,6161,-1.0,11079.904246419126
456,6162,-1.0,11100.428199480186
456,6163,-1.0,11111.310923762494
456,6164,-1.0,11120.57454466404
456,6165,-1.0,11124.782668462241
456,6166,-1.0,11127.978529446927
456,6167,0.0,11124.640135888094
456,6168,1.0,11113.697417010502
456,6169,1.0,11105.467656233044
456,6170,1.0,11099.653335965419
456,6171,1.0,11099.511504520184
456,6172,1.0,11086.29722741971
456,6173,1.0,11073.669913582906
456,6174,1.0,11068.407673305794
456,6175,1.0,11045.834485155932
456,6176,1.0,11018.363619948814
456,6177,1.0,11003.433747982806
456,6178,1.0,10996.339702730342
456,6179,1.0,10980.377687476857
456,6180,1.0,10979.013658526868
456,6181,1.0,10981.476519755624
456,6182,1.0,10985.90662685433
456,6183,1.0,10981.600576201416
456,6184,1.0,10978.737629078783
456,6185,1.0,10968.283607648698
456,6186,1.0,10952.769561015904
456,6187,1.0,10938.756020637507
456,6188,1.0,10929.284468711308
456,6189,1.0,10919.460749701262
456,6190,1.0,10917.813005940587
456,6191,1.0,10915.859180110125
456,6192,1.0,10907.294829143391
456,6193,1.0,10897.201541630286
456,6194,1.0,10893.83721054866
456,6195,1.0,10893.041142009373
456,6196,1.0,10897.424811274435
456,6197,1.0,10899.529000143344
456,6198,0.0,10896.2591414433
456,6199,0.0,10896.2591414433
456,6200,0.0,10896.2591414433
456,6201,0.0,10896.2591414433
456,6202,0.0,10896.2591414433
456,6203,-1.0,10864.136488481858
456,6204,-1.0,10835.999994609532
456,6205,-1.0,10801.295948059826
456,6206,-1.0,10771.624428871402
456,6207,-1.0,10747.73087289802
456,6208,-1.0,10731.865677469736
456,6209,-1.0,10721.72078571269
456,6210,-1.0,10711.849713998898
456,6211,-1.0,10700.694399797338
456,6212,-1.0,10688.458253174262
456,6213,-1.0,10677.981754749273
456,6214,-1.0,10665.147036204877
456,6215,-1.0,10654.519848928507
456,6216,-1.0,10626.713171132364
456,6217,-1.0,10597.431988887496
456,6218,-1.0,10572.77417258631
456,6219,-1.0,10550.233579987298
456,6220,-1.0,10541.487471079265
456,6221,-1.0,10548.694078873174
456,6222,-1.0,10554.62998597978
456,6223,-1.0,10560.577914835361
456,6224,-1.0,10574.75209973147
456,6225,-1.0,10563.080516626347
456,6226,-1.0,10536.66440966564
456,6227,-1.0,10525.910431450406
456,6228,-1.0,10504.091258747361
456,6229,-1.0,10473.218773101611
456,6230,-1.0,10450.128327209628
456,6231,-1.0,10445.96639809254
456,6232,-1.0,10426.723722275767
456,6233,-1.0,10416.309256531435
456,6234,-1.0,10407.93365129559
456,6235,-1.0,10400.589698626947
456,6236,-1.0,10392.342410131745
456,6237,-1.0,10386.946797947918
456,6238,-1.0,10385.624403341988
456,6239,-1.0,10387.8669132439
456,6240,-1.0,10400.442692499977
456,6241,-1.0,10405.446046077237
456,6242,-1.0,10408.901429388834
456,6243,-1.0,10399.549424343155
456,6244,-1.0,10384.92429829591
456,6245,-1.0,10363.737459998738
456,6246,-1.0,10346.773648047849
456,6247,-1.0,10339.572665155278
456,6248,0.0,10336.470793355731
456,6249,1.0,10314.230685029652
456,6250,1.0,10295.580115749259
456,6251,1.0,10272.286700153789
456,6252,1.0,10251.384621169771
456,6253,1.0,10229.79302866197
456,6254,1.0,10221.45062370559
456,6255,1.0,10209.858686958218
456,6256,1.0,10204.69102450384
456,6257,1.0,10204.34404213426
456,6258,1.0,10207.927650325437
456,6259,1.0,10209.540173076344
456,6260,1.0,10214.246890132776
456,6261,1.0,10215.772657258016
456,6262,1.0,10212.652359830003
456,6263,1.0,10209.435587028329
456,6264,1.0,10209.51711824513
456,6265,1.0,10213.279540551946
456,6266,1.0,10215.031479107827
456,6267,1.0,10213.390901938903
456,6268,1.0,10214.17954320077
456,6269,1.0,10211.460595003073
456,6270,1.0,10201.757327355761
456,6271,1.0,10196.891457042208
456,6272,1.0,10192.79211520848
456,6273,1.0,10187.530438974984
456,6274,1.0,10190.354532568223
456,6275,1.0,10192.085537617295
456,6276,1.0,10190.707574364533
456,6277,1.0,10195.231308983606
456,6278,1.0,10198.78901989885
456,6279,1.0,10197.157110402197
456,6280,1.0,10198.18295459292
456,6281,1.0,10199.251131420573
456,6282,1.0,10193.14469887762
456,6283,1.0,10191.929292615867
456,6284,1.0,10190.623831347797
456,6285,1.0,10192.03482916464
456,6286,0.0,10188.977218715892
456,6287,0.0,10188.977218715892
456,6288,0.0,10188.977218715892
456,6289,0.0,10188.977218715892
456,6290,0.0,10188.977218715892
456,6291,-1.0,10190.456587180779
456,6292,-1.0,10188.180082791905
456,6293,-1.0,10192.122389360664
456,6294,-1.0,10195.191840691086
456,6295,-1.0,10194.108819335497
456,6296,-1.0,10191.891430545142
456,6297,-1.0,10192.841151946019
456,6298,-1.0,10190.032751266377
456,6299,-1.0,10188.34710460728
456,6300,-1.0,10191.352488255423
456,6301,-1.0,10190.915257589046
456,6302,-1.0,10191.928291142929
456,6303,-1.0,10194.382860161846
456,6304,-1.0,10192.416260912352
456,6305,-1.0,10186.582309985062
456,6306,-1.0,10182.869254968744
456,6307,-1.0,10180.983179699393
456,6308,-1.0,10178.554759381
456,6309,-1.0,10182.481093606779
456,6310,-1.0,10185.742934015654
456,6311,-1.0,10192.093277280423
456,6312,-1.0,10198.262111845572
456,6313,-1.0,10200.82080109085
456,6314,-1.0,10199.226904469562
456,6315,-1.0,10197.174816561099
456,6316,-1.0,10194.808893285048
456,6317,-1.0,10190.638431356132
456,6318,-1.0,10187.842763232089
456,6319,-1.0,10184.186257246018
456,6320,-1.0,10182.767266223304
456,6321,-1.0,10176.961607351655
456,6322,-1.0,10171.932927369977
456,6323,-1.0,10166.208931082936
456,6324,-1.0,10161.009911775625
456,6325,-1.0,10157.20501841581
456,6326,-1.0,10154.597962114103
456,6327,-1.0,10151.567849566716
456,6328,-1.0,10148.917306426629
456,6329,-1.0,10147.249138103274
456,6330,-1.0,10143.594831886614
456,6331,-1.0,10143.24697958408
456,6332,-1.0,10141.768554950031
456,6333,-1.0,10139.738863458035
456,6334,-1.0,10136.963551828328
456,6335,-1.0,10132.406436313076
456,6336,-1.0,10127.53605194641
456,6337,-1.0,10125.536225773223
456,6338,-1.0,10127.529343720566
456,6339,-1.0,10132.571990392324
456,6340,-1.0,10139.34325880931
456,6341,-1.0,10142.048580718863
456,6342,-1.0,10148.469118399104
456,6343,-1.0,10156.263217388265
456,6344,-1.0,10169.357794356267
456,6345,-1.0,10185.33361365301
456,6346,-1.0,10201.763935185349
456,6347,-1.0,10211.590331809508
456,6348,-1.0,10215.68985321762
456,6349,-1.0,10205.62859579219
456,6350,0.0,10202.566907213453
456,6351,1.0,10197.703027265907
456,6352,1.0,10189.389485419275
456,6353,1.0,10181.238154932526
456,6354,1.0,10164.774231436559
456,6355,1.0,10155.350070297163
456,6356,1.0,10148.599718100633
456,6357,1.0,10147.243727552655
456,6358,1.0,10144.20807998857
456,6359,1.0,10142.7296854729
456,6360,1.0,10145.49363489534
456,6361,1.0,10150.348192534553
456,6362,1.0,10154.24898568587
456,6363,1.0,10155.972894321652
456,6364,1.0,10156.821373202569
456,6365,1.0,10154.758127225017
456,6366,1.0,10155.979060217918
456,6367,1.0,10154.490068996603
456,6368,1.0,10154.778849222463
456,6369,1.0,10159.844632916122
456,6370,1.0,10164.006292498416
456,6371,0.0,10160.957090610667
456,6372,0.0,10160.957090610667
456,6373,0.0,10160.957090610667
456,6374,0.0,10160.957090610667
456,6375,0.0,10160.957090610667
456,6376,-1.0,10166.354621615197
456,6377,-1.0,10168.137768820092
456,6378,-1.0,10166.052467933663
456,6379,-1.0,10166.50125785423
456,6380,-1.0,10167.498325381055
456,6381,-1.0,10162.764457468245
456,6382,-1.0,10161.595980956352
456,6383,-1.0,10162.092776878593
456,6384,-1.0,10162.285479118953
456,6385,-1.0,10160.138397364775
456,6386,-1.0,10163.163146527137
456,6387,-1.0,10167.107961901802
456,6388,-1.0,10172.563897869877
456,6389,-1.0,10180.117313228178
456,6390,-1.0,10187.048039050762
456,6391,-1.0,10195.161957110431
456,6392,-1.0,10199.776495238037
456,6393,-1.0,10201.902344478616
456,6394,-1.0,10206.709183141587
456,6395,-1.0,10210.718526967288
456,6396,-1.0,10208.517173641892
456,6397,-1.0,10209.074195439616
456,6398,-1.0,10213.20653538622
456,6399,-1.0,10209.3646842476
456,6400,-1.0,10205.443558314924
456,6401,-1.0,10201.131822110052
456,6402,-1.0,10187.93863111747
456,6403,-1.0,10171.962694974176
456,6404,-1.0,10161.993225261198
456,6405,-1.0,10155.762982215787
456,6406,-1.0,10145.09933688177
456,6407,-1.0,10142.641439764333
456,6408,-1.0,10136.795339667184
456,6409,-1.0,10130.58791366831
456,6410,-1.0,10125.242172234846
456,6411,-1.0,10129.876439807953
456,6412,-1.0,10136.03147271424
456,6413,-1.0,10145.04490054529
456,6414,-1.0,10156.179665778993
456,6415,-1.0,10168.038375112812
456,6416,-1.0,10180.45233057993
456,6417,-1.0,10188.291791295458
456,6418,-1.0,10204.353920471409
456,6419,-1.0,10215.02770961767
456,6420,-1.0,10220.406321198645
456,6421,-1.0,10216.83598573015
456,6422,-1.0,10210.870998213672
456,6423,-1.0,10190.484507388834
456,6424,-1.0,10174.078210151993
456,6425,0.0,10171.025986688948
456,6426,1.0,10165.203757724847
456,6427,1.0,10149.30741885153
456,6428,0.0,10146.262626625874
456,6429,0.0,10146.262626625874
456,6430,0.0,10146.262626625874
456,6431,-1.0,10160.536402636031
456,6432,-1.0,10173.283828238576
456,6433,-1.0,10179.703142233036
456,6434,0.0,10176.649231290367
456,6435,1.0,10169.891414855596
456,6436,1.0,10166.85250088959
456,6437,1.0,10167.483969246972
456,6438,1.0,10164.962589498627
456,6439,1.0,10164.54890986865
456,6440,1.0,10163.03015998059
456,6441,1.0,10167.007043415864
456,6442,1.0,10166.810662932028
456,6443,1.0,10161.492151327133
456,6444,1.0,10153.845907992052
456,6445,1.0,10146.805035780675
456,6446,1.0,10133.053735191002
456,6447,1.0,10120.653585808734
456,6448,1.0,10109.054631137487
456,6449,1.0,10094.67710759443
456,6450,1.0,10082.981598281416
456,6451,1.0,10076.378325428186
456,6452,1.0,10081.927685535586
456,6453,1.0,10092.283533193067
456,6454,1.0,10110.605721182837
456,6455,1.0,10122.549947363093
456,6456,1.0,10127.50250096708
456,6457,1.0,10123.39469778794
456,6458,0.0,10120.357679378605
456,6459,-1.0,10122.455409422553
456,6460,-1.0,10123.406364417808
456,6461,-1.0,10118.073380512476
456,6462,-1.0,10119.322531703001
456,6463,-1.0,10115.854238847094
456,6464,-1.0,10112.954808331247
456,6465,-1.0,10109.743536046788
456,6466,-1.0,10103.936646393011
456,6467,-1.0,10088.656292544176
456,6468,-1.0,10075.409002593125
456,6469,-1.0,10071.866125768353
456,6470,-1.0,10068.423437514673
456,6471,-1.0,10069.988061918673
456,6472,-1.0,10075.381815433522
456,6473,-1.0,10080.005445994031
456,6474,-1.0,10086.055623396654
456,6475,-1.0,10092.59471784207
456,6476,-1.0,10105.48862978995
456,6477,-1.0,10110.904298850746
456,6478,-1.0,10113.07660374888
456,6479,-1.0,10109.95557799773
456,6480,-1.0,10109.76320134255
456,6481,-1.0,10105.57574937983
456,6482,-1.0,10100.235268391309
456,6483,-1.0,10099.736928806631
456,6484,-1.0,10087.50728527968
456,6485,-1.0,10075.22874955214
456,6486,-1.0,10050.146289493281
456,6487,-1.0,10032.993371804316
456,6488,-1.0,10021.20885392523
456,6489,-1.0,10015.565405102401
456,6490,-1.0,10011.740655414511
456,6491,-1.0,10015.673506591025
456,6492,-1.0,10025.415570461011
456,6493,-1.0,10030.683381736048
456,6494,-1.0,10043.670951406419
456,6495,-1.0,10048.530555168762
456,6496,-1.0,10036.645219480384
456,6497,-1.0,10021.969381377761
456,6498,-1.0,10001.867689478822
456,6499,-1.0,9986.799883329773
456,6500,-1.0,9973.213069975776
456,6501,-1.0,9974.274513105715
456,6502,-1.0,9962.10141636322
456,6503,-1.0,9954.137173458148
456,6504,-1.0,9940.483704945953
456,6505,-1.0,9925.648667534517
456,6506,-1.0,9912.526373616398
456,6507,-1.0,9905.640684557971
456,6508,-1.0,9902.152254880002
456,6509,-1.0,9891.897452588153
456,6510,-1.0,9885.5817567445
456,6511,-1.0,9880.83395359899
456,6512,-1.0,9881.065021345612
456,6513,-1.0,9881.904671311155
456,6514,-1.0,9890.039988844932
456,6515,-1.0,9897.07342378133
456,6516,-1.0,9907.486462886942
456,6517,-1.0,9921.268001446395
456,6518,-1.0,9926.229882491858
456,6519,-1.0,9927.320550688364
456,6520,-1.0,9921.799112086363
456,6521,-1.0,9915.520264503317
456,6522,-1.0,9902.116904676299
456,6523,-1.0,9891.916920365271
456,6524,0.0,9888.949345289162
456,6525,1.0,9874.283156892929
456,6526,1.0,9869.789571774101
456,6527,1.0,9860.515691763994
456,6528,1.0,9849.338877420765
456,6529,1.0,9849.052932037746
456,6530,1.0,9854.435043029647
456,6531,1.0,9852.391701473794
456,6532,1.0,9853.092362325802
456,6533,1.0,9855.702252728817
456,6534,1.0,9858.896491793717
456,6535,1.0,9860.38571053768
456,6536,1.0,9858.57442524753
456,6537,1.0,9851.791760472826
456,6538,1.0,9839.182295399429
456,6539,1.0,9827.689710796232
456,6540,1.0,9818.478439977423
456,6541,1.0,9821.361800145802
456,6542,1.0,9829.535845668408
456,6543,1.0,9840.182597962723
456,6544,1.0,9847.287064571115
456,6545,1.0,9850.20887691159
456,6546,1.0,9843.783238589882
456,6547,1.0,9833.124370819634
456,6548,1.0,9818.01344627883
456,6549,1.0,9802.825702762879
456,6550,1.0,9789.68415024524
456,6551,1.0,9779.167103654105
456,6552,1.0,9776.777305480713
456,6553,1.0,9778.839912472396
456,6554,1.0,9786.907067728958
456,6555,1.0,9798.035304445051
456,6556,1.0,9806.025537607338
456,6557,1.0,9807.916333524494
456,6558,1.0,9807.602094562455
456,6559,1.0,9802.87370198291
456,6560,1.0,9794.421711186533
456,6561,1.0,9793.321014330551
456,6562,1.0,9794.375379750223
456,6563,0.0,9791.437067136298
456,6564,1.0,9791.015017788754
456,6565,0.0,9788.077713283417
456,6566,0.0,9788.077713283417
456,6567,0.0,9788.077713283417
456,6568,0.0,9788.077713283417
456,6569,0.0,9788.077713283417
456,6570,-1.0,9787.048348488324
456,6571,-1.0,9790.914672762865
456,6572,-1.0,9794.449012712394
456,6573,-1.0,9797.993677310718
456,6574,-1.0,9805.130744805092
456,6575,-1.0,9812.878456842393
456,6576,-1.0,9820.232796305869
456,6577,-1.0,9825.367069745966
456,6578,-1.0,9831.644549713457
456,6579,-1.0,9834.857353889876
456,6580,-1.0,9835.292348098434
456,6581,-1.0,9831.878522758005
456,6582,-1.0,9820.051257412617
456,6583,-1.0,9800.100154346073
456,6584,-1.0,9789.456594097188
456,6585,-1.0,9782.30183549156
456,6586,-1.0,9776.317611404957
456,6587,-1.0,9779.332456096785
456,6588,-1.0,9791.060647216278
456,6589,-1.0,9793.055577620522
456,6590,-1.0,9790.295807706596
456,6591,-1.0,9791.797253177174
456,6592,-1.0,9790.981123887354
456,6593,-1.0,9786.478478970128
456,6594,-1.0,9791.756244527649
456,6595,-1.0,9795.995817728435
456,6596,-1.0,9797.042080813297
456,6597,-1.0,9801.717333039565
456,6598,-1.0,9804.96420715264
456,6599,-1.0,9805.703376244726
456,6600,-1.0,9811.518893251598
456,6601,-1.0,9814.878421165336
456,6602,-1.0,9818.935349785212
456,6603,-1.0,9820.575285362323
456,6604,-1.0,9819.313104462179
456,6605,-1.0,9814.69286156002
456,6606,-1.0,9819.80251240732
456,6607,-1.0,9821.662304139238
456,6608,-1.0,9823.055266713998
456,6609,-1.0,9818.70851107657
456,6610,-1.0,9820.42160756832
456,6611,-1.0,9806.11102589753
456,6612,-1.0,9788.33910090147
456,6613,-1.0,9779.537943931635
456,6614,-1.0,9777.675418455852
456,6615,-1.0,9771.445339018517
456,6616,-1.0,9771.30915211468
456,6617,-1.0,9776.536323603244
456,6618,-1.0,9779.48996006585
456,6619,-1.0,9772.659133548772
456,6620,-1.0,9759.456808768791
456,6621,-1.0,9748.312020706277
456,6622,-1.0,9735.558382878693
456,6623,-1.0,9717.662980143954
456,6624,-1.0,9702.82123771029
456,6625,-1.0,9694.104912973131
456,6626,-1.0,9678.252242563893
456,6627,-1.0,9668.255125639642
456,6628,-1.0,9658.512654657723
456,6629,-1.0,9649.308874304088
456,6630,-1.0,9644.583162876657
456,6631,-1.0,9643.468027526542
456,6632,-1.0,9639.105946681173
456,6633,-1.0,9643.145196252566
456,6634,-1.0,9649.645595066417
456,6635,-1.0,9655.342411755484
456,6636,-1.0,9663.681457849285
456,6637,-1.0,9665.864652972703
456,6638,-1.0,9663.516859022533
456,6639,-1.0,9661.252529034506
456,6640,-1.0,9656.185959798118
456,6641,-1.0,9654.785746809233
456,6642,-1.0,9663.606694297661
456,6643,-1.0,9670.137940988041
456,6644,-1.0,9678.492851248715
456,6645,-1.0,9689.033823145211
456,6646,-1.0,9694.84786070496
456,6647,-1.0,9694.256626056786
456,6648,0.0,9691.348349068969
456,6649,1.0,9691.023083812945
456,6650,1.0,9692.475137016167
456,6651,1.0,9695.832595630482
456,6652,1.0,9698.051250695002
456,6653,1.0,9704.8222654335
456,6654,1.0,9706.60019887992
456,6655,1.0,9709.037225807222
456,6656,1.0,9708.080340062254
456,6657,1.0,9708.787136427067
456,6658,1.0,9709.06578644384
456,6659,1.0,9704.624133356181
456,6660,1.0,9706.330425734615
456,6661,1.0,9706.732647541028
456,6662,1.0,9705.21594234844
456,6663,1.0,9700.707622242475
456,6664,1.0,9703.025194982069
456,6665,1.0,9698.763788154643
456,6666,1.0,9700.721574321953
456,6667,1.0,9704.810188282725
456,6668,1.0,9706.68897066099
456,6669,1.0,9705.878806756977
456,6670,1.0,9707.416222604617
456,6671,1.0,9708.72327173668
456,6672,0.0,9705.81065475516
456,6673,-1.0,9714.822642715819
456,6674,-1.0,9732.145071300352
456,6675,-1.0,9749.595257515917
456,6676,-1.0,9768.259451622424
456,6677,-1.0,9766.250730657328
456,6678,-1.0,9759.713322610973
456,6679,0.0,9756.78540861419
456,6680,1.0,9772.558916634387
456,6681,1.0,9790.387480884201
456,6682,1.0,9799.575855713374
456,6683,1.0,9809.050465243337
456,6684,1.0,9818.771172384197
456,6685,1.0,9827.458071699533
456,6686,1.0,9844.377041370548
456,6687,1.0,9864.291707652286
456,6688,0.0,9861.33242013999
456,6689,0.0,9861.33242013999
456,6690,0.0,9861.33242013999
456,6691,0.0,9861.33242013999
456,6692,0.0,9861.33242013999
456,6693,-1.0,9846.181296956882
456,6694,-1.0,9839.542899971253
456,6695,-1.0,9824.8348763623
456,6696,-1.0,9805.544143139357
456,6697,-1.0,9783.547366271529
456,6698,-1.0,9769.546436186038
456,6699,-1.0,9751.393261478426
456,6700,-1.0,9740.894931452121
456,6701,-1.0,9736.254822237188
456,6702,-1.0,9745.410520288106
456,6703,-1.0,9774.60404895466
456,6704,-1.0,9817.233841000003
456,6705,-1.0,9863.631127142347
456,6706,-1.0,9927.492027001337
456,6707,-1.0,9979.64228167549
456,6708,-1.0,10004.478926201686
456,6709,-1.0,10015.251357116433
456,6710,-1.0,10019.29032654582
456,6711,0.0,10016.284539447857
456,6712,1.0,10029.332053489077
456,6713,1.0,10035.493377698866
456,6714,1.0,10033.012578128422
456,6715,1.0,10036.000143237903
456,6716,1.0,10036.466197888045
456,6717,1.0,10030.001616387044
456,6718,1.0,10034.692824272273
456,6719,1.0,10034.440245501974
456,6720,1.0,10019.97091989508
456,6721,1.0,10003.024928556004
456,6722,1.0,10005.613283076344
456,6723,1.0,10004.662957847459
456,6724,1.0,10006.793136855624
456,6725,1.0,10013.379245860753
456,6726,1.0,10016.41713620638
456,6727,1.0,10009.749521524072
456,6728,1.0,10004.868112598835
456,6729,1.0,10001.748992887577
456,6730,1.0,10005.344782930446
456,6731,1.0,10000.203266157827
456,6732,1.0,9998.295819091007
456,6733,1.0,9993.67218313993
456,6734,1.0,9995.826870171571
456,6735,0.0,9992.82812211052
456,6736,0.0,9992.82812211052
456,6737,0.0,9992.82812211052
456,6738,0.0,9992.82812211052
456,6739,0.0,9992.82812211052
456,6740,-1.0,9979.36886046518
456,6741,-1.0,9957.917268875543
456,6742,-1.0,9933.522339690984
456,6743,-1.0,9908.4304158089
456,6744,-1.0,9887.879787074342
456,6745,-1.0,9896.667203543595
456,6746,-1.0,9900.68682832575
456,6747,-1.0,9908.554815951606
456,6748,-1.0,9922.196494407426
456,6749,-1.0,9932.070135770346
456,6750,-1.0,9924.22668730796
456,6751,-1.0,9932.077200894108
456,6752,-1.0,9938.427143008845
456,6753,-1.0,9933.527384179515
456,6754,-1.0,9929.631229350709
456,6755,-1.0,9925.538757897317
456,6756,-1.0,9891.667754966687
456,6757,-1.0,9864.922519920656
456,6758,-1.0,9847.104238308148
456,6759,-1.0,9842.940462893583
456,6760,-1.0,9840.282688597166
456,6761,-1.0,9860.901866938599
456,6762,-1.0,9866.115623170532
456,6763,-1.0,9869.840587407743
456,6764,-1.0,9858.983852442476
456,6765,-1.0,9852.754514522718
456,6766,-1.0,9840.126824228417
456,6767,-1.0,9832.013186681617
456,6768,-1.0,9818.208183055718
456,6769,-1.0,9812.954835329341
456,6770,-1.0,9794.96892300713
456,6771,-1.0,9788.05344383686
456,6772,-1.0,9779.003785677965
456,6773,-1.0,9789.1913186063
456,6774,-1.0,9796.724429911914
456,6775,-1.0,9825.16826232382
456,6776,-1.0,9817.618575283022
456,6777,-1.0,9829.54882020732
456,6778,-1.0,9840.795736001546
456,6779,-1.0,9845.922815299684
456,6780,-1.0,9829.426838630836
456,6781,-1.0,9837.087075713269
456,6782,-1.0,9832.100949264764
456,6783,-1.0,9814.280663985703
456,6784,-1.0,9796.982843179381
456,6785,0.0,9794.043748326429
456,6786,1.0,9793.415623666464
456,6787,1.0,9798.082186686464
456,6788,1.0,9804.133726224747
456,6789,1.0,9802.672391702808
456,6790,1.0,9799.938012988649
456,6791,1.0,9793.268409605307
456,6792,1.0,9790.942054279361
456,6793,0.0,9788.004771663078
456,6794,0.0,9788.004771663078
456,6795,0.0,9788.004771663078
456,6796,0.0,9788.004771663078
456,6797,0.0,9788.004771663078
456,6798,-1.0,9772.572659788913
456,6799,-1.0,9755.524645577512
456,6800,0.0,9752.59798818384
456,6801,1.0,9754.67300842444
456,6802,1.0,9754.857161910017
456,6803,0.0,9751.930704761444
456,6804,0.0,9751.930704761444
456,6805,-1.0,9757.797193775677
456,6806,-1.0,9765.94308080265
456,6807,-1.0,9768.815106797578
456,6808,-1.0,9770.797820908478
456,6809,-1.0,9770.422988666593
456,6810,-1.0,9774.460726615387
456,6811,-1.0,9781.046520514335
456,6812,-1.0,9791.196483144618
456,6813,-1.0,9799.317577064649
456,6814,-1.0,9803.033321491284
456,6815,0.0,9800.092411494838
456,6816,1.0,9803.2071026608
456,6817,1.0,9814.780477059718
456,6818,1.0,9830.472434436955
456,6819,1.0,9845.12424718496
456,6820,1.0,9854.841418693695
456,6821,1.0,9866.499075860584
456,6822,1.0,9877.071003299556
456,6823,1.0,9881.386798765203
456,6824,0.0,9878.422382725574
456,6825,1.0,9872.803171142947
456,6826,0.0,9869.841330191604
456,6827,0.0,9869.841330191604
456,6828,0.0,9869.841330191604
456,6829,0.0,9869.841330191604
456,6830,0.0,9869.841330191604
456,6831,-1.0,9868.376857344909
456,6832,-1.0,9869.232956972413
456,6833,-1.0,9871.702356668555
456,6834,-1.0,9877.869573846836
456,6835,-1.0,9878.74977433577
456,6836,-1.0,9880.4081296115
456,6837,-1.0,9877.851055053323
456,6838,0.0,9874.887699736808
456,6839,1.0,9877.153975696321
456,6840,1.0,9899.972534536346
456,6841,1.0,9923.763276299673
456,6842,1.0,9953.093404962121
456,6843,1.0,9981.846245264866
456,6844,0.0,9978.851691391286
456,6845,0.0,9978.851691391286
456,6846,-1.0,9969.507211649685
456,6847,-1.0,9970.677307542779
456,6848,-1.0,9967.814334304927
456,6849,-1.0,9966.277804622543
456,6850,-1.0,9964.724081988094
456,6851,-1.0,9959.242266303832
456,6852,-1.0,9961.258034461343
456,6853,-1.0,9956.637799947428
456,6854,-1.0,9958.995298205562
456,6855,-1.0,9970.60566912407
456,6856,-1.0,9986.134194349705
456,6857,-1.0,9992.284268768124
456,6858,-1.0,9987.076037093833
456,6859,-1.0,9979.183983728544
456,6860,-1.0,9984.399495250518
456,6861,-1.0,10000.611783310202
456,6862,-1.0,10013.929643547675
456,6863,-1.0,10044.24177825691
456,6864,-1.0,10063.18632015508
456,6865,-1.0,10040.756157563543
456,6866,-1.0,10007.920795074342
456,6867,0.0,10004.91841883582
456,6868,1.0,10024.18206528408
456,6869,1.0,10053.360382542327
456,6870,1.0,10055.097992278006
456,6871,1.0,10052.83652045587
456,6872,1.0,10058.839743887109
456,6873,1.0,10055.710242291761
456,6874,1.0,10037.625675309142
456,6875,1.0,10024.002650908014
456,6876,0.0,10020.995450112743
456,6877,0.0,10020.995450112743
456,6878,0.0,10020.995450112743
456,6879,0.0,10020.995450112743
456,6880,0.0,10020.995450112743
456,6881,-1.0,10017.96262890837
456,6882,-1.0,10021.8334023397
456,6883,-1.0,10020.133098875536
456,6884,-1.0,10023.144371270359
456,6885,-1.0,10040.864688006917
456,6886,-1.0,10067.224220468303
456,6887,-1.0,10088.99364640721
456,6888,-1.0,10118.749002506996
456,6889,-1.0,10147.577865405883
456,6890,-1.0,10149.419316171656
456,6891,0.0,10146.374490376804
456,6892,1.0,10143.578845569646
456,6893,1.0,10138.679730395166
456,6894,1.0,10137.567180120672
456,6895,1.0,10110.299211005364
456,6896,1.0,10080.311828146623
456,6897,1.0,10060.075047898574
456,6898,1.0,10039.401881293074
456,6899,1.0,10024.7440991817
456,6900,1.0,10021.891996630704
456,6901,1.0,10021.894957853701
456,6902,1.0,10015.080234397032
456,6903,1.0,10021.791766769353
456,6904,1.0,10018.499252349202
456,6905,1.0,10017.205434085197
456,6906,1.0,10018.667593665668
456,6907,1.0,10021.134447797604
456,6908,1.0,10028.230383719398
456,6909,1.0,10041.208733451704
456,6910,1.0,10054.065142627895
456,6911,1.0,10059.708703248974
456,6912,1.0,10072.551237136437
456,6913,1.0,10076.553465980844
456,6914,0.0,10073.53049994105
456,6915,-1.0,10067.713329372084
456,6916,-1.0,10060.849461181771
456,6917,-1.0,10060.427812740638
456,6918,-1.0,10063.473663539187
456,6919,-1.0,10077.071996624298
456,6920,-1.0,10084.63125125724
456,6921,-1.0,10090.415866204463
456,6922,-1.0,10091.64874028142
456,6923,-1.0,10088.470381854417
456,6924,-1.0,10062.79398161763
456,6925,-1.0,10031.581599823294
456,6926,-1.0,10005.741022823382
456,6927,-1.0,9984.444578570121
456,6928,-1.0,9965.199943969634
456,6929,-1.0,9956.068127156406
456,6930,-1.0,9956.771602831644
456,6931,-1.0,9954.754365104798
456,6932,-1.0,9951.271104552829
456,6933,-1.0,9946.751855893983
456,6934,-1.0,9940.088157650407
456,6935,-1.0,9935.346983583018
456,6936,-1.0,9931.947982679883
456,6937,-1.0,9928.35402154715
456,6938,-1.0,9926.328594453931
456,6939,-1.0,9923.930349203949
456,6940,-1.0,9925.390599378245
456,6941,-1.0,9935.170774754917
456,6942,-1.0,9943.232760539091
456,6943,-1.0,9955.348376321923
456,6944,-1.0,9969.325370012755
456,6945,-1.0,9976.71978403788
456,6946,-1.0,9977.178299611815
456,6947,-1.0,9985.974536770284
456,6948,-1.0,9994.540568628398
456,6949,-1.0,9997.844436936066
456,6950,-1.0,10005.910435101492
456,6951,0.0,10002.908661970961
456,6952,1.0,10007.162614237268
456,6953,1.0,10012.082627765534
456,6954,1.0,10017.898591194675
456,6955,1.0,10028.036786430508
456,6956,1.0,10035.622478487941
456,6957,1.0,10034.906977333103
456,6958,1.0,10040.90313925163
456,6959,1.0,10037.92489235928
456,6960,1.0,10026.821889475286
456,6961,1.0,10016.327607043844
456,6962,1.0,10004.800444945817
456,6963,1.0,9991.097471246103
456,6964,1.0,9986.101932741256
456,6965,1.0,9990.532752534053
456,6966,1.0,10010.836814557359
456,6967,1.0,10033.388287652684
456,6968,1.0,10052.17531953709
456,6969,1.0,10066.458061009756
456,6970,1.0,10073.274940775387
456,6971,1.0,10063.97262856196
456,6972,0.0,10060.953436773392
456,6973,-1.0,10062.521210685823
456,6974,-1.0,10057.900388739883
456,6975,-1.0,10041.680954786294
456,6976,-1.0,10017.326085498793
456,6977,-1.0,10005.008582598712
456,6978,-1.0,9984.011012533058
456,6979,-1.0,9975.236384318261
456,6980,-1.0,9976.245281195603
456,6981,-1.0,9981.410509325759
456,6982,-1.0,9988.302484069049
456,6983,-1.0,9994.824132464435
456,6984,-1.0,10004.61129352971
456,6985,-1.0,10008.662116365253
456,6986,-1.0,10016.197875469314
456,6987,-1.0,10021.663194821824
456,6988,-1.0,10032.296952274683
456,6989,-1.0,10044.028643818485
456,6990,-1.0,10050.892087785413
456,6991,-1.0,10056.832998872434
456,6992,-1.0,10054.34674028238
456,6993,-1.0,10040.753499421284
456,6994,-1.0,10024.853930517582
456,6995,0.0,10021.846474338427
456,6996,1.0,10025.956156424394
456,6997,1.0,10027.962166524121
456,6998,1.0,10027.91498111067
456,6999,1.0,10029.265900825632
456,7000,1.0,10031.050852583583
456,7001,1.0,10035.173344884533
456,7002,1.0,10039.40670827737
456,7003,1.0,10035.919843549755
456,7004,1.0,10026.457132252115
456,7005,1.0,10005.764122670978
456,7006,0.0,10002.762393434177
456,7007,0.0,10002.762393434177
456,7008,0.0,10002.762393434177
456,7009,0.0,10002.762393434177
456,7010,0.0,10002.762393434177
456,7011,1.0,9990.919918887703
456,7012,1.0,9984.976177088842
456,7013,1.0,9972.220492588
456,7014,1.0,9970.515905409047
456,7015,1.0,9963.597911253402
456,7016,1.0,9954.068615373953
456,7017,1.0,9938.172713537248
456,7018,1.0,9930.058086293522
456,7019,1.0,9915.770093191022
456,7020,1.0,9918.680972490389
456,7021,1.0,9917.632111116342
456,7022,1.0,9930.050493099856
456,7023,1.0,9943.320423489133
456,7024,1.0,9953.775845491718
456,7025,1.0,9951.54822621916
456,7026,1.0,9954.68205257049
456,7027,1.0,9956.477721256371
456,7028,1.0,9958.006370538107
456,7029,1.0,9966.451329099767
456,7030,1.0,9982.818535295508
456,7031,1.0,10006.872155848712
456,7032,0.0,10003.870094201959
456,7033,0.0,10003.870094201959
456,7034,0.0,10003.870094201959
456,7035,0.0,10003.870094201959
456,7036,0.0,10003.870094201959
456,7037,-1.0,10021.690860444647
456,7038,-1.0,10055.59587312971
456,7039,-1.0,10074.340947125329
456,7040,-1.0,10076.627917925432
456,7041,-1.0,10087.534778804289
456,7042,-1.0,10099.23251060257
456,7043,-1.0,10089.127791770868
456,7044,-1.0,10093.49646875497
456,7045,-1.0,10095.327562369435
456,7046,-1.0,10083.951182741781
456,7047,-1.0,10054.160900364845
456,7048,-1.0,10034.103256115824
456,7049,-1.0,10006.963545223449
456,7050,-1.0,10001.805236018425
456,7051,-1.0,10022.22213822068
456,7052,-1.0,10050.450874037198
456,7053,-1.0,10080.71175777964
456,7054,-1.0,10114.547876322411
456,7055,-1.0,10154.586836798597
456,7056,-1.0,10161.64538227526
456,7057,-1.0,10163.906774157611
456,7058,-1.0,10170.201704046045
456,7059,-1.0,10175.987809093183
456,7060,0.0,10172.935012750455
456,7061,1.0,10180.494455891661
456,7062,1.0,10192.792657947633
456,7063,1.0,10201.336347320543
456,7064,1.0,10214.586102993948
456,7065,1.0,10226.33099011687
456,7066,1.0,10235.361214502542
456,7067,1.0,10240.606458832675
456,7068,1.0,10249.261582508338
456,7069,1.0,10257.412503480633
456,7070,1.0,10255.414308337236
456,7071,0.0,10252.337684044736
456,7072,0.0,10252.337684044736
456,7073,-1.0,10241.52593829125
456,7074,-1.0,10234.615779091042
456,7075,-1.0,10220.922264088009
456,7076,-1.0,10216.711976245684
456,7077,-1.0,10214.02383210983
456,7078,-1.0,10206.99938337516
456,7079,-1.0,10202.18182953726
456,7080,-1.0,10194.96495128288
456,7081,-1.0,10186.004699265055
456,7082,-1.0,10175.149241988323
456,7083,-1.0,10168.030555057503
456,7084,-1.0,10162.042662802709
456,7085,-1.0,10167.800146776273
456,7086,-1.0,10172.934649741435
456,7087,-1.0,10175.71548375603
456,7088,-1.0,10179.288997762484
456,7089,-1.0,10184.60334816744
456,7090,-1.0,10187.223322944974
456,7091,-1.0,10181.155607615661
456,7092,-1.0,10182.869663400797
456,7093,-1.0,10189.302180766252
456,7094,-1.0,10192.273704902289
456,7095,-1.0,10189.396021764884
456,7096,-1.0,10193.434622595258
456,7097,-1.0,10244.995999198967
456,7098,-1.0,10239.96793811615
456,7099,-1.0,10231.301826601219
456,7100,0.0,10228.232436053238
456,7101,1.0,10207.243447488563
456,7102,1.0,10257.071444723824
456,7103,1.0,10244.74467823063
456,7104,1.0,10229.458938842967
456,7105,1.0,10211.851483735887
456,7106,0.0,10208.787928290767
456,7107,1.0,10199.74366021886
456,7108,1.0,10212.980901655203
456,7109,1.0,10214.482044423512
456,7110,1.0,10224.634237164135
456,7111,1.0,10227.74769294423
456,7112,1.0,10238.35111903876
456,7113,1.0,10237.594978050525
456,7114,1.0,10245.726727097957
456,7115,1.0,10243.526722318822
456,7116,1.0,10240.46576180564
456,7117,0.0,10237.3936220771
456,7118,0.0,10237.3936220771
456,7119,0.0,10237.3936220771
456,7120,0.0,10237.3936220771
456,7121,0.0,10237.3936220771
456,7122,-1.0,10223.231185684192
456,7123,-1.0,10220.22103112187
456,7124,-1.0,10226.487827474752
456,7125,-1.0,10236.269127429834
456,7126,-1.0,10245.187475103794
456,7127,-1.0,10251.583152453175
456,7128,-1.0,10262.684954452638
456,7129,-1.0,10256.74496095719
456,7130,-1.0,10246.559736252684
456,7131,-1.0,10239.905940074199
456,7132,-1.0,10235.135047825948
456,7133,-1.0,10220.069935541162
456,7134,-1.0,10218.225661544038
456,7135,-1.0,10227.857377889115
456,7136,-1.0,10233.06490671672
456,7137,-1.0,10243.665247825387
456,7138,-1.0,10255.498666190619
456,7139,-1.0,10269.247880981848
456,7140,-1.0,10272.581385520001
456,7141,-1.0,10279.934759164533
456,7142,-1.0,10280.982880167943
456,7143,-1.0,10277.878570600316
456,7144,-1.0,10270.963051534041
456,7145,-1.0,10270.536322576649
456,7146,0.0,10267.455161679876
456,7147,1.0,10266.247946433401
456,7148,1.0,10261.229199726158
456,7149,1.0,10260.509917023066
456,7150,1.0,10262.620138944747
456,7151,1.0,10258.196232302433
456,7152,0.0,10255.118773432743
456,7153,0.0,10255.118773432743
456,7154,1.0,10248.151694577864
456,7155,0.0,10245.07724906949
456,7156,0.0,10245.07724906949
456,7157,0.0,10245.07724906949
456,7158,0.0,10245.07724906949
456,7159,0.0,10245.07724906949
456,7160,-1.0,10250.403860484139
456,7161,-1.0,10257.88112403705
456,7162,-1.0,10259.997047409073
456,7163,0.0,10256.91904829485
456,7164,1.0,10246.345092168609
456,7165,1.0,10229.822225559989
456,7166,1.0,10215.677670163122
456,7167,1.0,10202.26889887314
456,7168,1.0,10188.439505247014
456,7169,1.0,10177.670426532135
456,7170,1.0,10142.200278331798
456,7171,1.0,10107.845416120133
456,7172,1.0,10073.461210652771
456,7173,1.0,10054.029596419392
456,7174,1.0,10035.20898621753
456,7175,1.0,10043.471062972405
456,7176,1.0,10042.938059160948
456,7177,1.0,10050.86028774134
456,7178,1.0,10056.369585901411
456,7179,1.0,10065.117426175777
456,7180,1.0,10074.119115316162
456,7181,1.0,10089.96771235425
456,7182,1.0,10089.546140690696
456,7183,1.0,10079.055891565904
456,7184,1.0,10062.687665286667
456,7185,1.0,10058.209803708589
456,7186,1.0,10056.024305079487
456,7187,0.0,10053.007497787963
456,7188,-1.0,10044.993964616937
456,7189,-1.0,10034.647039212998
456,7190,-1.0,10028.56273464227
456,7191,-1.0,10023.12875565805
456,7192,-1.0,10014.360131473826
456,7193,-1.0,10007.66322779322
456,7194,-1.0,10003.622931249445
456,7195,-1.0,10004.164852461232
456,7196,-1.0,10004.546764617282
456,7197,-1.0,9998.678442966879
456,7198,-1.0,9995.386317811144
456,7199,-1.0,10001.000368190984
456,7200,-1.0,10007.099414683675
456,7201,-1.0,10019.072923416777
456,7202,-1.0,10029.953977231293
456,7203,-1.0,10030.651651590739
456,7204,-1.0,10022.655219429971
456,7205,-1.0,10018.822339328677
456,7206,-1.0,10011.115952379598
456,7207,-1.0,10004.015992157932
456,7208,-1.0,10006.068211564616
456,7209,-1.0,10005.819411739874
456,7210,-1.0,10004.098023057835
456,7211,-1.0,10005.291677173047
456,7212,-1.0,10004.527505627662
456,7213,-1.0,10004.506770824471
456,7214,-1.0,10006.591573047295
456,7215,-1.0,10012.513655328208
456,7216,-1.0,10016.299661802826
456,7217,-1.0,10026.632468925336
456,7218,-1.0,10031.75339567877
456,7219,-1.0,10029.121930817755
456,7220,-1.0,10019.974373189614
456,7221,-1.0,10010.280566154039
456,7222,-1.0,10002.992574255564
456,7223,-1.0,9997.356629893538
456,7224,-1.0,10004.076725540965
456,7225,-1.0,10011.256741017218
456,7226,-1.0,10016.562845973882
456,7227,-1.0,10013.688871645209
456,7228,-1.0,10015.357978459893
456,7229,-1.0,10021.130618248977
456,7230,-1.0,10028.236030774196
456,7231,-1.0,10039.976436429195
456,7232,-1.0,10055.921204543647
456,7233,-1.0,10076.761884150013
456,7234,-1.0,10099.816285536705
456,7235,-1.0,10118.938353349877
456,7236,-1.0,10142.737302196383
456,7237,-1.0,10163.610225022077
456,7238,0.0,10160.561141954571
456,7239,1.0,10159.329846146651
456,7240,1.0,10154.107789025373
456,7241,1.0,10145.303783688332
456,7242,1.0,10130.959413689627
456,7243,1.0,10115.312582046658
456,7244,1.0,10107.736284177214
456,7245,1.0,10105.132675044808
456,7246,1.0,10113.691457027151
456,7247,1.0,10116.965269457123
456,7248,1.0,10108.271165008022
456,7249,1.0,10101.307332166758
456,7250,1.0,10082.737748184176
456,7251,1.0,10059.8573512591
456,7252,1.0,10053.439438969524
456,7253,1.0,10053.729665100234
456,7254,1.0,10051.798065729996
456,7255,1.0,10052.20806029541
456,7256,1.0,10061.311946367721
456,7257,1.0,10077.49954575306
456,7258,1.0,10091.649280554533
456,7259,1.0,10096.596488475889
456,7260,1.0,10107.18017764697
456,7261,1.0,10114.566259946492
456,7262,1.0,10104.819779087125
456,7263,0.0,10101.7883331534
456,7264,0.0,10101.7883331534
456,7265,0.0,10101.7883331534
456,7266,0.0,10101.7883331534
456,7267,0.0,10101.7883331534
456,7268,-1.0,10117.332750152062
456,7269,-1.0,10120.555827417622
456,7270,-1.0,10109.12097084801
456,7271,-1.0,10100.12440664416
456,7272,-1.0,10089.332009961974
456,7273,-1.0,10081.636597614777
456,7274,-1.0,10086.886154565927
456,7275,-1.0,10115.684912921233
456,7276,-1.0,10137.42138190146
456,7277,-1.0,10148.52872988854
456,7278,-1.0,10151.976093795005
456,7279,-1.0,10149.975364428505
456,7280,-1.0,10124.705500307771
456,7281,-1.0,10096.11228919043
456,7282,-1.0,10080.681787293686
456,7283,-1.0,10064.283912602301
456,7284,-1.0,10057.876423400396
456,7285,-1.0,10062.575948961052
456,7286,-1.0,10071.603922459559
456,7287,-1.0,10075.781181012746
456,7288,-1.0,10090.161219027646
456,7289,-1.0,10102.55977464227
456,7290,-1.0,10118.43808756838
456,7291,-1.0,10134.38494280835
456,7292,-1.0,10148.390686859935
456,7293,-1.0,10165.490730144036
456,7294,-1.0,10182.496039262338
456,7295,-1.0,10194.850193047485
456,7296,-1.0,10205.74881893773
456,7297,-1.0,10209.514783481794
456,7298,-1.0,10205.05984026376
456,7299,-1.0,10206.85905056418
456,7300,0.0,10203.796992849011
456,7301,1.0,10215.83060237941
456,7302,1.0,10225.444105767927
456,7303,1.0,10223.69122125824
456,7304,1.0,10230.527268274116
456,7305,1.0,10232.09452031595
456,7306,1.0,10211.88831922464
456,7307,0.0,10208.824752728873
456,7308,0.0,10208.824752728873
456,7309,-1.0,10201.80189524409
456,7310,-1.0,10202.239669854842
456,7311,-1.0,10181.921575500626
456,7312,-1.0,10161.85081175153
456,7313,-1.0,10162.42646424406
456,7314,-1.0,10175.317736424822
456,7315,-1.0,10192.207866652441
456,7316,-1.0,10208.854470891809
456,7317,-1.0,10228.43693089433
456,7318,-1.0,10238.748221662547
456,7319,-1.0,10222.504713687493
456,7320,-1.0,10210.131016532114
456,7321,-1.0,10186.811810200448
456,7322,-1.0,10156.644042919732
456,7323,-1.0,10125.1414734709
456,7324,-1.0,10117.532856169151
456,7325,-1.0,10107.506073906334
456,7326,-1.0,10112.881862544913
456,7327,-1.0,10118.38024472802
456,7328,-1.0,10130.59451840628
456,7329,-1.0,10139.800132960863
456,7330,-1.0,10156.048414065699
456,7331,-1.0,10172.479730884705
456,7332,-1.0,10214.97817845892
456,7333,-1.0,10245.783298181275
456,7334,-1.0,10268.524477595989
456,7335,-1.0,10283.936320899566
456,7336,-1.0,10297.57844940991
456,7337,-1.0,10290.370490005567
456,7338,-1.0,10291.148418064275
456,7339,0.0,10288.061073538856
456,7340,1.0,10284.255381927385
456,7341,1.0,10290.011611491918
456,7342,1.0,10299.478287020162
456,7343,1.0,10315.002551063984
456,7344,1.0,10330.073391291042
456,7345,1.0,10337.81454808125
456,7346,1.0,10341.445500217307
456,7347,1.0,10339.611749625683
456,7348,1.0,10333.287271510564
456,7349,1.0,10321.896597717181
456,7350,0.0,10318.800028737865
456,7351,0.0,10318.800028737865
456,7352,1.0,10313.310523014083
456,7353,0.0,10310.216529857178
456,7354,0.0,10310.216529857178
456,7355,0.0,10310.216529857178
456,7356,0.0,10310.216529857178
456,7357,0.0,10310.216529857178
456,7358,-1.0,10323.471144636644
456,7359,-1.0,10330.520053591454
456,7360,-1.0,10331.968642854867
456,7361,-1.0,10333.470417058079
456,7362,-1.0,10336.906242437182
456,7363,-1.0,10338.300522705385
456,7364,-1.0,10341.707249745185
456,7365,-1.0,10347.604561108861
456,7366,-1.0,10341.017982387602
456,7367,-1.0,10340.782910106518
456,7368,-1.0,10303.875955946622
456,7369,0.0,10300.784793159837
456,7370,1.0,10340.897687594614
456,7371,0.0,10337.795418288335
456,7372,0.0,10337.795418288335
456,7373,0.0,10337.795418288335
456,7374,-1.0,10341.41385189599
456,7375,-1.0,10347.791953610056
456,7376,-1.0,10358.81888078759
456,7377,-1.0,10369.876093670646
456,7378,-1.0,10374.945444992081
456,7379,-1.0,10379.727685388754
456,7380,-1.0,10374.894025392665
456,7381,-1.0,10366.280046421236
456,7382,-1.0,10362.688675054804
456,7383,-1.0,10361.419279757169
456,7384,-1.0,10356.684313320431
456,7385,-1.0,10358.218167428846
456,7386,-1.0,10362.980738161752
456,7387,-1.0,10368.886193450931
456,7388,-1.0,10377.581514676942
456,7389,-1.0,10388.267804902971
456,7390,-1.0,10395.54362953391
456,7391,-1.0,10400.945383319875
456,7392,-1.0,10399.379019742735
456,7393,-1.0,10395.684883097423
456,7394,-1.0,10393.343865954927
456,7395,-1.0,10392.959493290886
456,7396,-1.0,10395.817650298333
456,7397,0.0,10392.698905003244
456,7398,1.0,10379.002417230578
456,7399,1.0,10369.565725566978
456,7400,1.0,10361.395146321407
456,7401,1.0,10357.11048169767
456,7402,1.0,10353.373654202152
456,7403,1.0,10349.847921853316
456,7404,1.0,10340.645412820526
456,7405,1.0,10330.065301506726
456,7406,1.0,10310.430743969058
456,7407,1.0,10287.9888871291
456,7408,1.0,10268.140410068128
456,7409,1.0,10258.54537301369
456,7410,1.0,10252.632965245775
456,7411,1.0,10259.319980916824
456,7412,1.0,10267.803925084341
456,7413,1.0,10275.123233636685
456,7414,1.0,10276.306116938584
456,7415,1.0,10271.753281187384
456,7416,1.0,10262.11427343422
456,7417,1.0,10256.54018322966
456,7418,1.0,10251.883061222292
456,7419,1.0,10252.76888146075
456,7420,1.0,10263.36946463745
456,7421,1.0,10276.660027112886
456,7422,1.0,10287.279872064948
456,7423,1.0,10298.727524515203
456,7424,1.0,10305.553360884405
456,7425,1.0,10306.7911246293
456,7426,0.0,10303.699087291912
456,7427,0.0,10303.699087291912
456,7428,0.0,10303.699087291912
456,7429,0.0,10303.699087291912
456,7430,0.0,10303.699087291912
456,7431,-1.0,10293.616457868256
456,7432,-1.0,10292.924848224102
456,7433,-1.0,10287.269602645853
456,7434,-1.0,10278.892908034562
456,7435,-1.0,10272.288341777858
456,7436,-1.0,10264.967073659413
456,7437,-1.0,10258.981012529932
456,7438,-1.0,10253.68448065021
456,7439,-1.0,10245.326624465553
456,7440,-1.0,10238.225097382032
456,7441,-1.0,10228.272578260114
456,7442,-1.0,10216.240321856561
456,7443,-1.0,10201.553225193446
456,7444,-1.0,10197.680344958952
456,7445,-1.0,10195.55183721287
456,7446,-1.0,10193.515635292233
456,7447,-1.0,10188.705885623327
456,7448,-1.0,10187.126941769897
456,7449,-1.0,10195.3963398056
456,7450,-1.0,10205.30177628167
456,7451,-1.0,10225.691364137436
456,7452,-1.0,10245.545596246167
456,7453,-1.0,10263.59126797799
456,7454,-1.0,10263.879110137454
456,7455,-1.0,10266.614191577679
456,7456,-1.0,10263.585177297624
456,7457,-1.0,10259.366368981591
456,7458,-1.0,10254.252146381034
456,7459,0.0,10251.17587073712
456,7460,1.0,10249.8537981995
456,7461,1.0,10254.7863508863
456,7462,1.0,10258.522468697676
456,7463,1.0,10265.0997650868
456,7464,1.0,10267.115350847684
456,7465,1.0,10266.37384843859
456,7466,1.0,10267.072293082134
456,7467,1.0,10269.179247421545
456,7468,1.0,10266.2153789304
456,7469,0.0,10263.13551431672
456,7470,1.0,10273.555625660594
456,7471,1.0,10283.618966959988
456,7472,1.0,10281.515183481475
456,7473,1.0,10279.264438089052
456,7474,1.0,10270.986342797103
456,7475,0.0,10267.905046894264
456,7476,0.0,10267.905046894264
456,7477,0.0,10267.905046894264
456,7478,0.0,10267.905046894264
456,7479,0.0,10267.905046894264
456,7480,-1.0,10267.561530406447
456,7481,-1.0,10268.321488071419
456,7482,-1.0,10262.994569856284
456,7483,-1.0,10259.30908461278
456,7484,0.0,10256.231291887396
456,7485,1.0,10260.870962829786
456,7486,1.0,10265.90277399132
456,7487,1.0,10266.457115338284
456,7488,1.0,10273.236667930669
456,7489,1.0,10281.813508118277
456,7490,0.0,10278.728964065842
456,7491,0.0,10278.728964065842
456,7492,-1.0,10268.764522752894
456,7493,-1.0,10265.132779165206
456,7494,-1.0,10264.272814180695
456,7495,-1.0,10265.429584354497
456,7496,-1.0,10271.89082638846
456,7497,-1.0,10271.544794326699
456,7498,-1.0,10275.889665448623
456,7499,-1.0,10278.086068803923
456,7500,-1.0,10279.793107975182
456,7501,-1.0,10282.129026844794
456,7502,-1.0,10287.980454473523
456,7503,-1.0,10291.0178951426
456,7504,-1.0,10288.756418204359
456,7505,-1.0,10294.34703144648
456,7506,-1.0,10302.969130451109
456,7507,-1.0,10315.67656750348
456,7508,-1.0,10335.918982824363
456,7509,-1.0,10368.379432630707
456,7510,-1.0,10388.285074238314
456,7511,-1.0,10403.381544225693
456,7512,-1.0,10405.090352168201
456,7513,0.0,10401.968825062551
456,7514,1.0,10409.306273073851
456,7515,1.0,10411.338413857986
456,7516,1.0,10412.754633312601
456,7517,1.0,10409.855895513821
456,7518,1.0,10398.873549647731
456,7519,1.0,10391.467389484496
456,7520,1.0,10396.148233486158
456,7521,1.0,10399.336637519049
456,7522,1.0,10405.964062342999
456,7523,1.0,10430.4633359509
456,7524,1.0,10465.958591956613
456,7525,1.0,10492.36860027519
456,7526,1.0,10522.123608505673
456,7527,1.0,10540.031724312721
456,7528,1.0,10547.465628482507
456,7529,0.0,10544.301388793963
456,7530,0.0,10544.301388793963
456,7531,0.0,10544.301388793963
456,7532,0.0,10544.301388793963
456,7533,0.0,10544.301388793963
456,7534,-1.0,10550.670431161412
456,7535,-1.0,10568.365758536624
456,7536,-1.0,10587.667575031142
456,7537,-1.0,10605.137728089941
456,7538,-1.0,10620.878777330538
456,7539,-1.0,10630.080012037424
456,7540,-1.0,10632.778144579024
456,7541,-1.0,10624.521527717437
456,7542,-1.0,10612.57365888624
456,7543,-1.0,10597.105801481386
456,7544,-1.0,10585.710291549725
456,7545,0.0,10582.53457846226
456,7546,1.0,10575.682301418383
456,7547,1.0,10568.789363933874
456,7548,0.0,10565.618727124694
456,7549,0.0,10565.618727124694
456,7550,1.0,10552.437238959557
456,7551,1.0,10545.292814782762
456,7552,1.0,10535.618809288524
456,7553,1.0,10524.373026218167
456,7554,1.0,10521.798608670948
456,7555,1.0,10528.423468306282
456,7556,1.0,10538.643127665384
456,7557,1.0,10543.380719050458
456,7558,1.0,10558.259276855477
456,7559,1.0,10563.630980890259
456,7560,1.0,10559.93048418856
456,7561,1.0,10546.181112744076
456,7562,1.0,10540.638801297438
456,7563,1.0,10530.10901930425
456,7564,0.0,10526.949986598458
456,7565,0.0,10526.949986598458
456,7566,0.0,10526.949986598458
456,7567,0.0,10526.949986598458
456,7568,0.0,10526.949986598458
456,7569,-1.0,10527.45858691321
456,7570,-1.0,10527.984448924984
456,7571,-1.0,10538.796024881973
456,7572,0.0,10535.63438607451
456,7573,1.0,10545.747909974334
456,7574,1.0,10554.614052317373
456,7575,1.0,10569.771551905662
456,7576,1.0,10591.850899826044
456,7577,1.0,10602.081140959515
456,7578,1.0,10599.312168851424
456,7579,0.0,10596.132375200768
456,7580,0.0,10596.132375200768
456,7581,-1.0,10618.843473793613
456,7582,-1.0,10639.659974910981
456,7583,-1.0,10623.771592713327
456,7584,-1.0,10611.232882954479
456,7585,-1.0,10592.798356642294
456,7586,-1.0,10533.605649596066
456,7587,-1.0,10495.584682053566
456,7588,-1.0,10497.840066431276
456,7589,-1.0,10488.650173207123
456,7590,-1.0,10494.070526662055
456,7591,-1.0,10537.353744194455
456,7592,-1.0,10557.014651668194
456,7593,-1.0,10565.507916354638
456,7594,-1.0,10576.621757899313
456,7595,-1.0,10578.640511303187
456,7596,-1.0,10588.715858886646
456,7597,-1.0,10559.389320436825
456,7598,-1.0,10547.527510375976
456,7599,-1.0,10552.042623261128
456,7600,-1.0,10556.98258826746
456,7601,-1.0,10550.87764706397
456,7602,-1.0,10588.17980363123
456,7603,-1.0,10635.554515823402
456,7604,-1.0,10677.306870965138
456,7605,-1.0,10713.599653948586
456,7606,-1.0,10738.848113810322
456,7607,-1.0,10756.60586324835
456,7608,0.0,10753.378881489374
456,7609,1.0,10760.13840880738
456,7610,1.0,10755.384826558133
456,7611,1.0,10753.85616093129
456,7612,1.0,10753.643499322161
456,7613,1.0,10767.102470170144
456,7614,1.0,10783.09456688366
456,7615,1.0,10816.329188585334
456,7616,1.0,10851.365129650556
456,7617,1.0,10886.051344053749
456,7618,1.0,10931.73279746494
456,7619,1.0,10965.793849534646
456,7620,1.0,10994.957810979738
456,7621,0.0,10991.659323636444
456,7622,0.0,10991.659323636444
456,7623,-1.0,11001.595212646178
456,7624,-1.0,11006.972172464473
456,7625,-1.0,11016.403105166259
456,7626,-1.0,11028.361536420263
456,7627,-1.0,11045.262123322225
456,7628,-1.0,11057.99262034849
456,7629,-1.0,11064.574970828418
456,7630,-1.0,11065.01106802101
456,7631,-1.0,11059.88754888634
456,7632,-1.0,11052.290639043465
456,7633,-1.0,11045.504511154746
456,7634,-1.0,11044.851246883467
456,7635,-1.0,11045.171153583451
456,7636,-1.0,11050.784098354177
456,7637,-1.0,11054.604866901373
456,7638,-1.0,11054.845833826364
456,7639,-1.0,11048.5523940839
456,7640,-1.0,11047.377876109758
456,7641,-1.0,11046.342225418799
456,7642,-1.0,11046.236648811278
456,7643,-1.0,11047.516462884023
456,7644,-1.0,11048.469539482872
456,7645,-1.0,11051.379109851461
456,7646,-1.0,11058.429363177678
456,7647,-1.0,11058.65395680887
456,7648,0.0,11055.336360621828
456,7649,1.0,11052.83497382775
456,7650,1.0,11057.261621941328
456,7651,1.0,11061.895729506894
456,7652,1.0,11065.569722117485
456,7653,1.0,11063.32623146295
456,7654,1.0,11060.337375135145
456,7655,1.0,11059.875105844698
456,7656,1.0,11057.725246263286
456,7657,1.0,11055.569296370002
456,7658,1.0,11057.150855381436
456,7659,1.0,11057.401780943737
456,7660,1.0,11055.747887246338
456,7661,1.0,11057.633217921733
456,7662,1.0,11050.883471355874
456,7663,1.0,11043.494946855642
456,7664,1.0,11034.710407119755
456,7665,1.0,11026.941024817672
456,7666,1.0,11024.488007588547
456,7667,1.0,11030.750541996817
456,7668,1.0,11035.978178082505
456,7669,1.0,11041.103081590878
456,7670,1.0,11045.787853444259
456,7671,1.0,11041.984104240919
456,7672,1.0,11039.230531871839
456,7673,0.0,11035.918762712277
456,7674,0.0,11035.918762712277
456,7675,1.0,11028.131764757114
456,7676,1.0,11029.927465278404
456,7677,1.0,11031.700128241071
456,7678,0.0,11028.390618202598
456,7679,0.0,11028.390618202598
456,7680,0.0,11028.390618202598
456,7681,0.0,11028.390618202598
456,7682,0.0,11028.390618202598
456,7683,-1.0,11024.087303561135
456,7684,-1.0,11024.01486405693
456,7685,-1.0,11017.013948508476
456,7686,-1.0,11014.007479020454
456,7687,-1.0,11007.506512897744
456,7688,-1.0,10994.823349474904
456,7689,-1.0,10980.93555691878
456,7690,-1.0,10974.471245056187
456,7691,-1.0,10970.222586697086
456,7692,-1.0,10971.456618584954
456,7693,-1.0,10977.47559019015
456,7694,-1.0,10981.077677513787
456,7695,-1.0,10986.250738328861
456,7696,-1.0,10989.676253731712
456,7697,-1.0,10989.427014188332
456,7698,-1.0,10987.468782851325
456,7699,-1.0,10987.324520860515
456,7700,-1.0,10983.208658859909
456,7701,-1.0,10978.183301420439
456,7702,-1.0,10977.361034581769
456,7703,-1.0,10976.918783457248
456,7704,-1.0,10974.475267588581
456,7705,-1.0,10974.92714987943
456,7706,-1.0,10979.029659672538
456,7707,-1.0,10981.889582236532
456,7708,-1.0,10983.446230274367
456,7709,-1.0,10991.985333371696
456,7710,-1.0,11005.73782316841
456,7711,-1.0,11015.240082359182
456,7712,-1.0,11029.85031820193
456,7713,-1.0,11051.356513642673
456,7714,-1.0,11060.367540583034
456,7715,-1.0,11063.004457865434
456,7716,0.0,11059.685556528075
456,7717,1.0,11054.41753502507
456,7718,1.0,11055.372885267132
456,7719,1.0,11047.722149256597
456,7720,1.0,11038.69937757947
456,7721,1.0,11039.992767032238
456,7722,1.0,11045.566429504268
456,7723,1.0,11059.127636295656
456,7724,1.0,11068.96547599507
456,7725,1.0,11068.535115061204
456,7726,1.0,11067.840436540508
456,7727,1.0,11068.835732877062
456,7728,1.0,11071.94637515825
456,7729,0.0,11068.624791245702
456,7730,0.0,11068.624791245702
456,7731,1.0,11079.926570250407
456,7732,1.0,11091.08439666015
456,7733,0.0,11087.757071341151
456,7734,0.0,11087.757071341151
456,7735,0.0,11087.757071341151
456,7736,0.0,11087.757071341151
456,7737,0.0,11087.757071341151
456,7738,-1.0,11071.620919630848
456,7739,-1.0,11060.172072685957
456,7740,-1.0,11041.620032696886
456,7741,-1.0,11030.124756206751
456,7742,-1.0,11019.796434057402
456,7743,-1.0,11014.608528079507
456,7744,-1.0,11009.999416901994
456,7745,-1.0,11019.079962556745
456,7746,-1.0,11025.527993056343
456,7747,-1.0,11033.251432941583
456,7748,-1.0,11041.424070476278
456,7749,-1.0,11041.486659344331
456,7750,-1.0,11036.044609759741
456,7751,-1.0,11039.038351405461
456,7752,-1.0,11039.651092336182
456,7753,-1.0,11039.127273128594
456,7754,-1.0,11044.900751096598
456,7755,-1.0,11048.773091605311
456,7756,-1.0,11050.125328312854
456,7757,-1.0,11051.540083479535
456,7758,-1.0,11057.690577399642
456,7759,-1.0,11052.19813110789
456,7760,-1.0,11049.407225253584
456,7761,-1.0,11044.901158422634
456,7762,-1.0,11043.70117397396
456,7763,0.0,11040.388063621767
456,7764,1.0,11033.446016369498
456,7765,0.0,11030.135982564589
456,7766,0.0,11030.135982564589
456,7767,1.0,11029.025928317344
456,7768,1.0,11034.273418318482
456,7769,1.0,11037.220838097497
456,7770,1.0,11038.037834598746
456,7771,1.0,11037.230660371033
456,7772,1.0,11032.0963171135
456,7773,0.0,11028.786688218368
456,7774,0.0,11028.786688218368
456,7775,0.0,11028.786688218368
456,7776,0.0,11028.786688218368
456,7777,0.0,11028.786688218368
456,7778,-1.0,11035.802630624845
456,7779,-1.0,11041.677985085142
456,7780,-1.0,11040.504202073667
456,7781,-1.0,11027.879178852603
456,7782,0.0,11024.570815098949
456,7783,1.0,11043.25816144344
456,7784,1.0,11062.184895764602
456,7785,1.0,11085.381273890598
456,7786,1.0,11097.42459736807
456,7787,0.0,11094.09536998886
456,7788,0.0,11094.09536998886
456,7789,-1.0,11090.988700479707
456,7790,-1.0,11093.444008264447
456,7791,-1.0,11091.053401467863
456,7792,-1.0,11081.536939208221
456,7793,-1.0,11084.260952343138
456,7794,-1.0,11079.189332708313
456,7795,-1.0,11070.541913801817
456,7796,-1.0,11060.902314883308
456,7797,-1.0,11050.157948119164
456,7798,-1.0,11037.379966589197
456,7799,-1.0,11024.479149937768
456,7800,-1.0,11018.783258077612
456,7801,-1.0,11024.550715300671
456,7802,-1.0,11033.704125501921
456,7803,-1.0,11045.797994794006
456,7804,-1.0,11064.038521548753
456,7805,-1.0,11086.40467019792
456,7806,-1.0,11095.925934812592
456,7807,-1.0,11108.16352190744
456,7808,-1.0,11113.112549361023
456,7809,-1.0,11114.891456717947
456,7810,-1.0,11112.05394500875
456,7811,-1.0,11100.859180780073
456,7812,0.0,11097.528923025839
456,7813,1.0,11113.634916032208
456,7814,1.0,11140.708402600489
456,7815,1.0,11160.76483674884
456,7816,1.0,11169.919723903697
456,7817,1.0,11171.68528229616
456,7818,1.0,11170.408490868367
456,7819,0.0,11167.057368321108
456,7820,0.0,11167.057368321108
456,7821,-1.0,11158.369930350815
456,7822,-1.0,11151.077001948952
456,7823,-1.0,11138.802514306104
456,7824,-1.0,11124.869532398023
456,7825,-1.0,11109.506291775038
456,7826,-1.0,11099.037141644872
456,7827,-1.0,11090.619109086794
456,7828,-1.0,11086.164054484985
456,7829,-1.0,11082.109967646127
456,7830,-1.0,11086.89478149778
456,7831,-1.0,11089.962263401878
456,7832,-1.0,11086.297122386275
456,7833,-1.0,11089.272497466409
456,7834,-1.0,11091.602574685194
456,7835,-1.0,11085.093698993753
456,7836,-1.0,11077.837665314488
456,7837,-1.0,11078.571624961445
456,7838,-1.0,11069.767894246745
456,7839,-1.0,11062.43310426343
456,7840,-1.0,11061.60485518395
456,7841,-1.0,11067.710369282713
456,7842,-1.0,11076.641957157804
456,7843,-1.0,11088.50709749882
456,7844,-1.0,11102.088288227329
456,7845,-1.0,11118.879615068352
456,7846,-1.0,11132.65116166432
456,7847,-1.0,11142.860667191975
456,7848,0.0,11139.517808991817
456,7849,1.0,11125.785700026978
456,7850,1.0,11121.803428173072
456,7851,1.0,11122.438924233707
456,7852,1.0,11130.84752878058
456,7853,1.0,11137.569847357738
456,7854,1.0,11131.628055761923
456,7855,1.0,11123.686295294969
456,7856,1.0,11119.144637007636
456,7857,1.0,11114.180839591681
456,7858,1.0,11104.483868102265
456,7859,1.0,11108.747424488163
456,7860,1.0,11114.451724373235
456,7861,1.0,11112.688107687774
456,7862,1.0,11111.2067734664
456,7863,1.0,11108.818279793955
456,7864,1.0,11107.7135188023
456,7865,1.0,11095.025507760138
456,7866,1.0,11082.313292592196
456,7867,1.0,11072.970196594648
456,7868,1.0,11065.874003185056
456,7869,1.0,11060.522584350958
456,7870,1.0,11066.835323963169
456,7871,1.0,11075.633693812797
456,7872,1.0,11088.828672479733
456,7873,1.0,11110.161413790152
456,7874,1.0,11127.578619234795
456,7875,1.0,11154.177988802956
456,7876,1.0,11179.859919548788
456,7877,0.0,11176.505961572924
456,7878,-1.0,11152.144951857541
456,7879,-1.0,11135.790639080913
456,7880,-1.0,11133.652960976991
456,7881,-1.0,11134.708417118376
456,7882,-1.0,11138.866158297926
456,7883,-1.0,11146.39539994262
456,7884,-1.0,11149.080409592316
456,7885,-1.0,11154.900318659475
456,7886,-1.0,11160.854540722856
456,7887,-1.0,11170.970400534063
456,7888,-1.0,11181.672315232296
456,7889,-1.0,11197.372170484654
456,7890,-1.0,11209.401360455851
456,7891,-1.0,11224.674291323961
456,7892,-1.0,11241.91182820873
456,7893,-1.0,11261.326225116343
456,7894,-1.0,11279.100026421145
456,7895,-1.0,11296.140456363057
456,7896,-1.0,11304.990144395215
456,7897,-1.0,11310.051838952853
456,7898,0.0,11306.658823401169
456,7899,1.0,11305.722966161109
456,7900,1.0,11313.624233506702
456,7901,1.0,11319.36584471975
456,7902,1.0,11327.212653589528
456,7903,1.0,11334.575285131978
456,7904,1.0,11344.736005003006
456,7905,1.0,11351.28725758993
456,7906,1.0,11358.711881899275
456,7907,1.0,11368.126497631676
456,7908,1.0,11364.163545176027
456,7909,1.0,11356.603526100094
456,7910,1.0,11354.017628444435
456,7911,0.0,11350.611423155902
456,7912,1.0,11338.640418416702
456,7913,0.0,11335.238826291177
456,7914,0.0,11335.238826291177
456,7915,0.0,11335.238826291177
456,7916,0.0,11335.238826291177
456,7917,0.0,11335.238826291177
456,7918,-1.0,11333.404485647732
456,7919,-1.0,11341.266009687342
456,7920,-1.0,11352.156669386786
456,7921,-1.0,11364.941417562339
456,7922,-1.0,11379.001221982671
456,7923,-1.0,11392.1776467138
456,7924,-1.0,11397.515142071705
456,7925,-1.0,11408.184991194808
456,7926,-1.0,11409.592977961755
456,7927,-1.0,11414.222188584881
456,7928,-1.0,11419.528134157365
456,7929,-1.0,11428.524409212261
456,7930,0.0,11425.095851889499
456,7931,1.0,11411.789775534236
456,7932,1.0,11411.83401929664
456,7933,1.0,11413.348932534629
456,7934,1.0,11420.354953200043
456,7935,1.0,11431.686566942848
456,7936,1.0,11440.709482867713
456,7937,1.0,11440.085090946488
456,7938,1.0,11440.08167867253
456,7939,0.0,11436.649654168928
456,7940,1.0,11432.89134883754
456,7941,0.0,11429.461481432889
456,7942,0.0,11429.461481432889
456,7943,0.0,11429.461481432889
456,7944,0.0,11429.461481432889
456,7945,0.0,11429.461481432889
456,7946,-1.0,11425.995185286672
456,7947,-1.0,11418.630029809743
456,7948,-1.0,11410.384386848937
456,7949,-1.0,11407.6336061589
456,7950,-1.0,11402.245564150066
456,7951,-1.0,11398.287912474181
456,7952,-1.0,11402.025388784563
456,7953,-1.0,11405.831936160344
456,7954,-1.0,11404.207669424219
456,7955,-1.0,11407.485552755677
456,7956,-1.0,11412.00084056631
456,7957,-1.0,11413.483161491633
456,7958,-1.0,11415.356681911455
456,7959,-1.0,11418.838692547164
456,7960,-1.0,11420.498920255415
456,7961,-1.0,11417.433060319325
456,7962,-1.0,11412.78609379259
456,7963,-1.0,11410.109845824123
456,7964,-1.0,11404.595248597936
456,7965,-1.0,11399.433145286188
456,7966,-1.0,11399.867774710188
456,7967,-1.0,11400.468736288407
456,7968,-1.0,11396.451146670994
456,7969,-1.0,11396.474905822963
456,7970,-1.0,11394.845593695163
456,7971,-1.0,11393.307973428196
456,7972,-1.0,11392.870213446591
456,7973,-1.0,11384.507347343657
456,7974,-1.0,11374.467737730423
456,7975,-1.0,11367.029092350867
456,7976,-1.0,11356.537234684409
456,7977,-1.0,11347.458856118497
456,7978,-1.0,11346.233135049295
456,7979,-1.0,11344.143243708457
456,7980,-1.0,11335.854862968283
456,7981,-1.0,11328.332707186877
456,7982,-1.0,11320.03928243984
456,7983,-1.0,11314.337057174878
456,7984,-1.0,11309.392216604918
456,7985,-1.0,11299.652033060202
456,7986,-1.0,11285.082373098841
456,7987,-1.0,11267.339292852255
456,7988,-1.0,11245.019940379265
456,7989,-1.0,11214.154424368575
456,7990,-1.0,11189.223425113807
456,7991,-1.0,11173.817816963363
456,7992,-1.0,11161.20400383036
456,7993,-1.0,11155.151836453855
456,7994,-1.0,11156.951517685877
456,7995,-1.0,11163.878007897467
456,7996,-1.0,11171.099196433934
456,7997,-1.0,11182.281013475224
456,7998,-1.0,11188.056054702896
456,7999,-1.0,11195.64221685602
456,8000,-1.0,11200.597614941393
456,8001,-1.0,11211.899192655967
456,8002,-1.0,11219.68137371252
456,8003,-1.0,11232.508136354589
456,8004,-1.0,11242.453389136494
456,8005,-1.0,11250.881833586049
456,8006,-1.0,11242.582931347973
456,8007,-1.0,11234.136094595537
456,8008,0.0,11230.765853767158
456,8009,1.0,11232.381226241298
456,8010,1.0,11237.262069431976
456,8011,1.0,11237.328785071864
456,8012,1.0,11233.62257396783
456,8013,1.0,11233.228929273162
456,8014,1.0,11225.74036114942
456,8015,1.0,11214.772223554008
456,8016,1.0,11210.734042183289
456,8017,1.0,11211.756084071418
456,8018,1.0,11207.600749172152
456,8019,1.0,11205.426079697243
456,8020,1.0,11198.296571110142
456,8021,1.0,11176.691495219387
456,8022,1.0,11148.817608448368
456,8023,1.0,11128.789147624591
456,8024,1.0,11105.659810802832
456,8025,1.0,11092.19244863336
456,8026,1.0,11080.328043363665
456,8027,1.0,11070.858545550283
456,8028,1.0,11058.143562538071
456,8029,1.0,11057.142385080804
456,8030,1.0,11054.469274971669
456,8031,1.0,11055.750076816556
456,8032,1.0,11068.783745770092
456,8033,1.0,11082.00237352521
456,8034,1.0,11091.036529998313
456,8035,1.0,11098.831367242567
456,8036,1.0,11106.480016505071
456,8037,1.0,11105.954514581588
456,8038,1.0,11108.687906027766
456,8039,1.0,11105.011628799728
456,8040,1.0,11107.139879114735
456,8041,1.0,11109.172808610443
456,8042,1.0,11110.981191377143
456,8043,0.0,11107.64789701973
456,8044,0.0,11107.64789701973
456,8045,0.0,11107.64789701973
456,8046,0.0,11107.64789701973
456,8047,0.0,11107.64789701973
456,8048,-1.0,11103.37041212211
456,8049,-1.0,11108.4025631858
456,8050,-1.0,11113.01039533792
456,8051,-1.0,11123.247705370553
456,8052,-1.0,11131.719918397315
456,8053,-1.0,11139.221015002726
456,8054,-1.0,11139.463103123613
456,8055,-1.0,11140.12300563889
456,8056,-1.0,11136.466847139622
456,8057,-1.0,11142.137065193054
456,8058,-1.0,11140.09042889403
456,8059,-1.0,11138.24971222058
456,8060,-1.0,11139.128433211697
456,8061,-1.0,11141.818004194087
456,8062,-1.0,11134.738150527402
456,8063,-1.0,11136.150027604055
456,8064,-1.0,11138.281499222117
456,8065,-1.0,11138.623067752374
456,8066,-1.0,11137.621329487014
456,8067,-1.0,11132.999044325861
456,8068,-1.0,11123.530466704342
456,8069,-1.0,11100.96079915523
456,8070,-1.0,11081.658494096004
456,8071,-1.0,11067.165976534448
456,8072,-1.0,11057.891479104484
456,8073,-1.0,11052.405407538758
456,8074,-1.0,11062.05357730186
456,8075,-1.0,11080.446023345186
456,8076,-1.0,11098.825998255978
456,8077,-1.0,11134.048570358278
456,8078,-1.0,11177.154980714959
456,8079,-1.0,11222.84852190037
456,8080,-1.0,11265.97718845219
456,8081,-1.0,11306.646406221977
456,8082,-1.0,11332.70690303136
456,8083,-1.0,11353.118326933472
456,8084,-1.0,11363.63435312908
456,8085,0.0,11360.225262823142
456,8086,1.0,11372.969315607126
456,8087,1.0,11387.723105734014
456,8088,1.0,11392.428437391338
456,8089,1.0,11394.454395455401
456,8090,1.0,11390.216916818326
456,8091,1.0,11380.492093027355
456,8092,1.0,11370.460856770425
456,8093,1.0,11381.080110177169
456,8094,1.0,11402.757924521102
456,8095,1.0,11431.325103769906
456,8096,1.0,11467.71700034919
456,8097,1.0,11505.114396692567
456,8098,1.0,11529.222595195202
456,8099,1.0,11542.877650031904
456,8100,0.0,11539.414786736894
456,8101,-1.0,11544.764994689705
456,8102,-1.0,11550.398063745592
456,8103,-1.0,11543.862646814077
456,8104,-1.0,11544.605468114598
456,8105,-1.0,11545.461956349938
456,8106,-1.0,11543.369670861795
456,8107,-1.0,11533.82296336014
456,8108,-1.0,11535.815044473777
456,8109,-1.0,11533.031227315903
456,8110,-1.0,11527.749298451006
456,8111,-1.0,11518.741792126202
456,8112,-1.0,11521.211448615217
456,8113,-1.0,11532.610757486545
456,8114,-1.0,11548.109602115852
456,8115,-1.0,11561.433976961964
456,8116,-1.0,11572.719165138034
456,8117,-1.0,11575.242289228907
456,8118,-1.0,11573.57202143347
456,8119,-1.0,11568.553006701592
456,8120,-1.0,11571.360903768014
456,8121,-1.0,11570.829753462676
456,8122,-1.0,11576.079656028893
456,8123,-1.0,11574.105845130378
456,8124,-1.0,11571.85955008624
456,8125,-1.0,11567.904327415721
456,8126,-1.0,11569.64548635218
456,8127,0.0,11566.174592706275
456,8128,1.0,11563.190792403842
456,8129,1.0,11566.092835494268
456,8130,1.0,11577.065739989243
456,8131,1.0,11579.740334278293
456,8132,1.0,11573.021485911691
456,8133,1.0,11570.869263920009
456,8134,1.0,11561.925072821947
456,8135,1.0,11530.347769427606
456,8136,0.0,11526.888665096778
456,8137,0.0,11526.888665096778
456,8138,0.0,11526.888665096778
456,8139,0.0,11526.888665096778
456,8140,0.0,11526.888665096778
456,8141,1.0,11536.274324667089
456,8142,1.0,11544.762161498893
456,8143,1.0,11549.091761168098
456,8144,1.0,11556.40883875471
456,8145,1.0,11540.519196434558
456,8146,1.0,11511.024438367214
456,8147,1.0,11479.439865760403
456,8148,1.0,11463.656985777025
456,8149,1.0,11447.177829358865
456,8150,1.0,11449.199714365463
456,8151,1.0,11456.56117932252
456,8152,1.0,11449.148958531296
456,8153,1.0,11437.984991640882
456,8154,1.0,11398.313049261777
456,8155,1.0,11370.16993297049
456,8156,1.0,11358.173359314693
456,8157,1.0,11361.284510979474
456,8158,1.0,11359.980310069055
456,8159,1.0,11387.244970310247
456,8160,1.0,11404.378597450095
456,8161,1.0,11393.155117826967
456,8162,1.0,11376.969893014839
456,8163,1.0,11365.204326567376
456,8164,1.0,11351.696927111914
456,8165,1.0,11331.074010122422
456,8166,1.0,11318.605854298505
456,8167,1.0,11307.53220732961
456,8168,1.0,11300.598031552108
456,8169,1.0,11286.97891149269
456,8170,1.0,11294.260497275181
456,8171,1.0,11305.4901925139
456,8172,1.0,11317.341055556579
456,8173,1.0,11321.648715394322
456,8174,1.0,11339.452744576434
456,8175,1.0,11347.653113120261
456,8176,1.0,11352.412449198993
456,8177,1.0,11353.047949226202
456,8178,0.0,11349.642034841434
456,8179,0.0,11349.642034841434
456,8180,0.0,11349.642034841434
456,8181,0.0,11349.642034841434
456,8182,0.0,11349.642034841434
456,8183,-1.0,11360.659635919928
456,8184,-1.0,11363.317247560948
456,8185,-1.0,11361.500366292537
456,8186,-1.0,11360.590188526123
456,8187,-1.0,11353.358931992785
456,8188,-1.0,11349.23065205619
456,8189,-1.0,11352.226667633695
456,8190,-1.0,11346.162520338365
456,8191,-1.0,11332.668941641214
456,8192,-1.0,11325.147355051997
456,8193,-1.0,11312.213587591961
456,8194,-1.0,11297.570341047847
456,8195,-1.0,11295.341886549655
456,8196,-1.0,11297.453975908686
456,8197,-1.0,11294.999118448779
456,8198,-1.0,11296.799175994483
456,8199,-1.0,11293.129459444528
456,8200,-1.0,11288.69210431612
456,8201,-1.0,11288.803756462608
456,8202,-1.0,11291.151338246093
456,8203,-1.0,11293.92535996542
456,8204,-1.0,11296.473050458366
456,8205,-1.0,11299.160250186573
456,8206,-1.0,11297.172333930721
456,8207,-1.0,11291.622852990304
456,8208,-1.0,11286.008919669443
456,8209,-1.0,11281.35897435506
456,8210,-1.0,11275.118278674654
456,8211,-1.0,11269.08379664196
456,8212,-1.0,11268.607806358474
456,8213,-1.0,11262.248645766864
456,8214,-1.0,11257.7385852839
456,8215,-1.0,11251.39301759655
456,8216,-1.0,11246.001248100396
456,8217,-1.0,11241.770084654458
456,8218,-1.0,11241.416716339047
456,8219,-1.0,11240.285847379719
456,8220,-1.0,11243.37117787535
456,8221,-1.0,11246.269166428532
456,8222,-1.0,11247.538741842787
456,8223,-1.0,11252.895692362828
456,8224,-1.0,11260.923493951965
456,8225,-1.0,11270.249600926818
456,8226,-1.0,11279.800162537973
456,8227,-1.0,11293.298634094881
456,8228,-1.0,11303.672280350333
456,8229,-1.0,11312.47691063876
456,8230,-1.0,11317.717754418063
456,8231,-1.0,11322.083058734344
456,8232,-1.0,11322.222242291347
456,8233,0.0,11318.82557561866
456,8234,1.0,11314.903923152404
456,8235,1.0,11312.383491329412
456,8236,1.0,11311.891715952577
456,8237,1.0,11316.406077751992
456,8238,1.0,11320.3383717364
456,8239,1.0,11321.214072881792
456,8240,1.0,11317.635864231524
456,8241,1.0,11313.241571227654
456,8242,1.0,11304.890133291423
456,8243,0.0,11301.498666251437
456,8244,0.0,11301.498666251437
456,8245,0.0,11301.498666251437
456,8246,1.0,11294.809985651123
456,8247,1.0,11291.296904500638
456,8248,1.0,11289.935352845872
456,8249,1.0,11284.26115110631
456,8250,0.0,11280.875872760978
456,8251,0.0,11280.875872760978
456,8252,0.0,11280.875872760978
456,8253,0.0,11280.875872760978
456,8254,0.0,11280.875872760978
456,8255,-1.0,11273.003764665804
456,8256,-1.0,11265.834757507335
456,8257,-1.0,11256.78805740606
456,8258,-1.0,11250.295855958755
456,8259,-1.0,11248.77088295117
456,8260,-1.0,11244.979041389477
456,8261,-1.0,11254.364063705601
456,8262,-1.0,11257.71034506016
456,8263,-1.0,11267.49950855198
456,8264,-1.0,11270.290178556821
456,8265,-1.0,11272.175570761248
456,8266,-1.0,11262.46575567445
456,8267,-1.0,11262.519782872183
456,8268,-1.0,11252.826035338052
456,8269,-1.0,11245.40109825498
456,8270,-1.0,11238.906739340098
456,8271,-1.0,11230.78709139697
456,8272,-1.0,11225.14026683048
456,8273,-1.0,11220.766183165755
456,8274,-1.0,11221.502710101968
456,8275,-1.0,11222.545188456723
456,8276,-1.0,11234.946924330357
456,8277,-1.0,11240.569434205152
456,8278,-1.0,11243.57031517178
456,8279,-1.0,11240.793276138877
456,8280,-1.0,11234.355255785193
456,8281,-1.0,11220.963179814824
456,8282,-1.0,11208.956115678338
456,8283,-1.0,11199.603499609571
456,8284,-1.0,11190.863993269457
456,8285,-1.0,11186.616954112547
456,8286,-1.0,11186.905119925319
456,8287,-1.0,11187.846601775675
456,8288,-1.0,11191.411315190393
456,8289,-1.0,11198.160461173615
456,8290,-1.0,11204.17566535272
456,8291,-1.0,11201.437078536612
456,8292,-1.0,11197.692782557124
456,8293,-1.0,11194.42903697423
456,8294,-1.0,11187.291636215812
456,8295,-1.0,11181.30250138409
456,8296,-1.0,11177.284371784137
456,8297,-1.0,11174.757574846386
456,8298,-1.0,11170.39043657607
456,8299,-1.0,11166.16941688137
456,8300,-1.0,11162.98651472521
456,8301,-1.0,11162.28474609016
456,8302,-1.0,11161.319051344666
456,8303,-1.0,11151.078468985828
456,8304,-1.0,11143.084765955753
456,8305,-1.0,11138.20823278566
456,8306,-1.0,11125.64190424678
456,8307,-1.0,11115.531275194182
456,8308,-1.0,11116.166231663152
456,8309,-1.0,11113.330151894714
456,8310,-1.0,11105.712210100997
456,8311,-1.0,11102.856447547447
456,8312,-1.0,11099.177434409834
456,8313,-1.0,11093.447670425
456,8314,-1.0,11088.471887743317
456,8315,-1.0,11085.590761966761
456,8316,-1.0,11089.232612423719
456,8317,-1.0,11088.80826220622
456,8318,-1.0,11088.887818975327
456,8319,-1.0,11093.537835553378
456,8320,-1.0,11093.22280577801
456,8321,-1.0,11080.723758221046
456,8322,-1.0,11075.089084082952
456,8323,-1.0,11072.37754866657
456,8324,-1.0,11071.606134180272
456,8325,-1.0,11076.801975390857
456,8326,-1.0,11091.766406506926
456,8327,-1.0,11102.510982367554
456,8328,-1.0,11106.19747254552
456,8329,-1.0,11098.769126307865
456,8330,-1.0,11095.66242053858
456,8331,0.0,11092.333721812418
456,8332,1.0,11090.253426023239
456,8333,1.0,11084.18917440375
456,8334,1.0,11068.517369037518
456,8335,1.0,11059.311294774438
456,8336,1.0,11053.151888688639
456,8337,1.0,11045.936038309277
456,8338,1.0,11040.99300312393
456,8339,1.0,11040.348792908831
456,8340,1.0,11043.814146366652
456,8341,1.0,11039.7873225048
456,8342,1.0,11044.80884656023
456,8343,1.0,11046.316067818023
456,8344,1.0,11041.54964130146
456,8345,1.0,11037.78444291852
456,8346,1.0,11035.237996699369
456,8347,1.0,11031.686366626916
456,8348,1.0,11039.007834766027
456,8349,1.0,11054.903281487232
456,8350,1.0,11064.062933816049
456,8351,1.0,11069.672464165
456,8352,1.0,11064.76387692867
456,8353,1.0,11061.703390494291
456,8354,1.0,11056.650753522863
456,8355,0.0,11053.333758296807
456,8356,-1.0,11039.238492032322
456,8357,-1.0,11020.158329988053
456,8358,-1.0,11016.387468335262
456,8359,-1.0,11023.3161343551
456,8360,-1.0,11037.077800902021
456,8361,-1.0,11055.11698961306
456,8362,-1.0,11077.99730498837
456,8363,-1.0,11089.84566797532
456,8364,-1.0,11096.665625770851
456,8365,-1.0,11101.534934303534
456,8366,-1.0,11096.34086910206
456,8367,-1.0,11091.164047577307
456,8368,-1.0,11089.86266169632
456,8369,-1.0,11082.593514443499
456,8370,0.0,11079.268736389165
456,8371,1.0,11066.984721128802
456,8372,1.0,11070.416367025031
456,8373,1.0,11081.548930795982
456,8374,0.0,11078.224466116742
456,8375,1.0,11088.084547383134
456,8376,1.0,11095.492014158448
456,8377,1.0,11094.592320651305
456,8378,1.0,11084.080231916801
456,8379,0.0,11080.755007847227
456,8380,0.0,11080.755007847227
456,8381,0.0,11080.755007847227
456,8382,0.0,11080.755007847227
456,8383,0.0,11080.755007847227
456,8384,-1.0,11085.84427112727
456,8385,-1.0,11094.414065036779
456,8386,-1.0,11105.76198440003
456,8387,-1.0,11107.896650284018
456,8388,-1.0,11115.047056297955
456,8389,-1.0,11121.163541171009
456,8390,-1.0,11120.38440920965
456,8391,-1.0,11121.856810938047
456,8392,-1.0,11127.601895135373
456,8393,-1.0,11120.677558703623
456,8394,0.0,11117.341355436012
456,8395,1.0,11111.649754567046
456,8396,0.0,11108.316259640676
456,8397,0.0,11108.316259640676
456,8398,1.0,11105.456052318244
456,8399,0.0,11102.124415502549
456,8400,0.0,11102.124415502549
456,8401,1.0,11111.843155608472
456,8402,0.0,11108.50960266179
456,8403,0.0,11108.50960266179
456,8404,0.0,11108.50960266179
456,8405,0.0,11108.50960266179
456,8406,0.0,11108.50960266179
456,8407,-1.0,11115.776084736062
456,8408,-1.0,11134.238332408364
456,8409,-1.0,11147.906456751063
456,8410,-1.0,11160.837898297726
456,8411,-1.0,11162.392037969363
456,8412,-1.0,11155.806457205612
456,8413,-1.0,11138.76428243158
456,8414,-1.0,11125.227284507499
456,8415,-1.0,11115.760529230562
456,8416,-1.0,11103.196127679175
456,8417,-1.0,11100.348106134043
456,8418,-1.0,11105.531516470743
456,8419,-1.0,11108.641571530758
456,8420,-1.0,11118.714708354237
456,8421,-1.0,11132.212935969077
456,8422,-1.0,11143.748452232972
456,8423,-1.0,11159.736973014617
456,8424,-1.0,11176.092275405324
456,8425,-1.0,11179.444418559962
456,8426,-1.0,11189.423123470815
456,8427,-1.0,11204.596124114893
456,8428,-1.0,11208.424402774423
456,8429,-1.0,11205.239733074832
456,8430,0.0,11201.87816115491
456,8431,1.0,11209.062583612495
456,8432,1.0,11234.644878753978
456,8433,1.0,11253.02230157776
456,8434,1.0,11256.579513487084
456,8435,1.0,11265.330273366852
456,8436,1.0,11275.756311007477
456,8437,0.0,11272.373584114175
456,8438,0.0,11272.373584114175
456,8439,-1.0,11256.468449141068
456,8440,-1.0,11252.69122950779
456,8441,-1.0,11246.104946430938
456,8442,-1.0,11241.942408247576
456,8443,-1.0,11239.849974005616
456,8444,-1.0,11235.020681062872
456,8445,-1.0,11229.37594919261
456,8446,-1.0,11231.09202921729
456,8447,-1.0,11229.896121517617
456,8448,-1.0,11225.528365929566
456,8449,-1.0,11228.620429898758
456,8450,-1.0,11230.897396756509
456,8451,-1.0,11234.464916191217
456,8452,-1.0,11239.03779805312
456,8453,-1.0,11247.111495601628
456,8454,-1.0,11252.96602439736
456,8455,-1.0,11262.977466913415
456,8456,-1.0,11273.970120252743
456,8457,-1.0,11289.597833393413
456,8458,-1.0,11298.737454740467
456,8459,-1.0,11308.58209662779
456,8460,-1.0,11310.28185479004
456,8461,-1.0,11311.613091848953
456,8462,-1.0,11312.158735495921
456,8463,0.0,11308.765087875272
456,8464,1.0,11305.734956111088
456,8465,1.0,11297.809199137575
456,8466,1.0,11286.242569203056
456,8467,1.0,11280.311150279396
456,8468,1.0,11279.077203618546
456,8469,1.0,11275.025989207468
456,8470,1.0,11273.191300120716
456,8471,1.0,11276.294251608317
456,8472,1.0,11280.043169176997
456,8473,1.0,11281.436126904902
456,8474,1.0,11278.795762354695
456,8475,1.0,11276.66943975092
456,8476,1.0,11276.66943975092
456,8477,1.0,11272.073404819583
456,8478,1.0,11267.587209122488
456,8479,1.0,11267.617605623143
456,8480,1.0,11270.063109306648
456,8481,1.0,11276.681108036506
456,8482,1.0,11282.252698011958
456,8483,0.0,11278.868022202556
456,8484,0.0,11278.868022202556
456,8485,0.0,11278.868022202556
456,8486,0.0,11278.868022202556
456,8487,0.0,11278.868022202556
456,8488,-1.0,11279.28321785725
456,8489,-1.0,11284.427772245648
456,8490,-1.0,11287.741924554704
456,8491,-1.0,11290.323547537831
456,8492,-1.0,11291.514890865286
456,8493,-1.0,11291.663817439687
456,8494,-1.0,11285.566744462549
456,8495,-1.0,11279.321499442864
456,8496,-1.0,11271.874851100356
456,8497,-1.0,11267.184348781153
456,8498,-1.0,11263.209094539048
456,8499,-1.0,11258.66968119925
456,8500,-1.0,11253.765058349338
456,8501,-1.0,11248.349823605893
456,8502,-1.0,11242.4710285011
456,8503,-1.0,11239.092072215104
456,8504,-1.0,11241.96364972228
456,8505,-1.0,11248.0237476975
456,8506,-1.0,11255.404210390796
456,8507,-1.0,11261.738734599652
456,8508,-1.0,11265.760076799139
456,8509,-1.0,11270.58337361784
456,8510,-1.0,11275.345102441312
456,8511,-1.0,11278.403039024095
456,8512,-1.0,11283.746837623297
456,8513,-1.0,11295.088085254298
456,8514,-1.0,11304.747006765027
456,8515,-1.0,11311.988832172596
456,8516,-1.0,11315.44070328907
456,8517,-1.0,11315.949611164899
456,8518,-1.0,11312.897981282513
456,8519,-1.0,11309.066412832146
456,8520,-1.0,11305.748793287557
456,8521,0.0,11302.357068649571
456,8522,1.0,11296.150145326588
456,8523,0.0,11292.761300282991
456,8524,1.0,11283.846566406663
456,8525,1.0,11277.75930518587
456,8526,1.0,11263.807517049678
456,8527,0.0,11260.428374794563
456,8528,0.0,11260.428374794563
456,8529,0.0,11260.428374794563
456,8530,0.0,11260.428374794563
456,8531,0.0,11260.428374794563
456,8532,-1.0,11245.318492102488
456,8533,0.0,11241.944896554858
456,8534,1.0,11234.948890178917
456,8535,1.0,11230.375185807185
456,8536,1.0,11231.330062428515
456,8537,1.0,11242.624505996488
456,8538,1.0,11266.841761664456
456,8539,1.0,11298.993651117895
456,8540,1.0,11341.369585408533
456,8541,1.0,11380.426095189016
456,8542,1.0,11409.54629419516
456,8543,0.0,11406.123430306901
456,8544,-1.0,11391.427005882057
456,8545,-1.0,11382.186495713888
456,8546,-1.0,11379.436475576758
456,8547,-1.0,11377.917022930078
456,8548,-1.0,11379.789918163797
456,8549,-1.0,11372.340295919852
456,8550,-1.0,11370.802336369517
456,8551,-1.0,11366.21785274758
456,8552,-1.0,11364.489416945575
456,8553,-1.0,11365.526967587766
456,8554,-1.0,11372.673400077198
456,8555,-1.0,11367.961346206583
456,8556,-1.0,11361.560183706568
456,8557,-1.0,11346.461868648345
456,8558,-1.0,11325.548268848517
456,8559,-1.0,11305.201502762933
456,8560,-1.0,11298.994684696007
456,8561,-1.0,11292.264278088436
456,8562,-1.0,11295.777960902922
456,8563,-1.0,11305.272749992595
456,8564,-1.0,11317.007436079739
456,8565,-1.0,11327.725923287024
456,8566,-1.0,11336.79850916366
456,8567,-1.0,11338.747564650092
456,8568,-1.0,11337.692958964288
456,8569,-1.0,11338.686541589675
456,8570,-1.0,11337.736785793799
456,8571,-1.0,11338.167442907765
456,8572,-1.0,11333.851140296525
456,8573,0.0,11330.450984954436
456,8574,1.0,11330.159744141956
456,8575,1.0,11339.822211580346
456,8576,1.0,11350.082265795307
456,8577,1.0,11355.120760272053
456,8578,1.0,11367.432352223255
456,8579,1.0,11379.928279344183
456,8580,1.0,11387.968566584193
456,8581,1.0,11403.20073085099
456,8582,1.0,11412.471972020903
456,8583,1.0,11409.843773805007
456,8584,1.0,11414.410846937742
456,8585,1.0,11419.814165880203
456,8586,1.0,11419.776677516888
456,8587,0.0,11416.350744513633
456,8588,0.0,11416.350744513633
456,8589,0.0,11416.350744513633
456,8590,0.0,11416.350744513633
456,8591,0.0,11416.350744513633
456,8592,-1.0,11400.448096875503
456,8593,-1.0,11382.660049303578
456,8594,-1.0,11367.873568460416
456,8595,-1.0,11352.480948133694
456,8596,-1.0,11345.265393085523
456,8597,-1.0,11345.234959400184
456,8598,-1.0,11349.534393076226
456,8599,-1.0,11359.332575557257
456,8600,-1.0,11374.655615963176
456,8601,-1.0,11392.392926853552
456,8602,-1.0,11412.209403873503
456,8603,-1.0,11439.423208149203
456,8604,-1.0,11459.50222151984
456,8605,-1.0,11473.149343908615
456,8606,-1.0,11482.447695699884
456,8607,-1.0,11481.213485085313
456,8608,0.0,11477.769121039788
456,8609,1.0,11480.493100495152
456,8610,1.0,11483.033326117546
456,8611,1.0,11479.802949125811
456,8612,1.0,11476.619075705494
456,8613,1.0,11472.673238059118
456,8614,1.0,11468.24836324975
456,8615,1.0,11467.68345426152
456,8616,1.0,11474.209326059896
456,8617,1.0,11475.305801303248
456,8618,1.0,11473.150852213479
456,8619,1.0,11476.076903609879
456,8620,1.0,11477.341170188613
456,8621,1.0,11482.06643721555
456,8622,1.0,11498.214691127203
456,8623,1.0,11516.679927140916
456,8624,1.0,11536.110395377618
456,8625,1.0,11544.31682913665
456,8626,1.0,11542.215277265812
456,8627,1.0,11529.973420501325
456,8628,0.0,11526.514428475175
456,8629,-1.0,11541.416064912162
456,8630,-1.0,11555.573167901377
456,8631,-1.0,11559.85356808394
456,8632,-1.0,11569.149330933173
456,8633,-1.0,11580.771609068404
456,8634,-1.0,11595.17097375551
456,8635,-1.0,11604.244449060669
456,8636,-1.0,11616.063444465293
456,8637,-1.0,11614.835024907961
456,8638,-1.0,11613.741985481269
456,8639,0.0,11610.257862885624
456,8640,1.0,11617.82794668294
456,8641,1.0,11627.759462340558
456,8642,1.0,11630.32965871548
456,8643,1.0,11634.11313733879
456,8644,1.0,11635.01292374065
456,8645,1.0,11642.267621515692
456,8646,1.0,11648.779837874717
456,8647,0.0,11645.285203923355
456,8648,1.0,11643.234824361227
456,8649,0.0,11639.741853913918
456,8650,0.0,11639.741853913918
456,8651,0.0,11639.741853913918
456,8652,0.0,11639.741853913918
456,8653,0.0,11639.741853913918
456,8654,-1.0,11636.06222969056
456,8655,-1.0,11641.762515833252
456,8656,-1.0,11644.82010268721
456,8657,-1.0,11645.866604051158
456,8658,-1.0,11641.282934334475
456,8659,-1.0,11639.527372133534
456,8660,-1.0,11637.048696427668
456,8661,-1.0,11640.623479713398
456,8662,-1.0,11640.686044258553
456,8663,-1.0,11644.48403536505
456,8664,-1.0,11644.094634592728
456,8665,-1.0,11645.544554843209
456,8666,-1.0,11649.119569698953
456,8667,-1.0,11657.45372859825
456,8668,-1.0,11659.270796294859
456,8669,-1.0,11663.524689543676
456,8670,-1.0,11665.137440227714
456,8671,-1.0,11662.813237766344
456,8672,-1.0,11656.90974015123
456,8673,-1.0,11656.25872714875
456,8674,-1.0,11658.598269565095
456,8675,-1.0,11658.727113675786
456,8676,-1.0,11663.288472022594
456,8677,-1.0,11668.335809064241
456,8678,-1.0,11677.02632813722
456,8679,-1.0,11683.88096538752
456,8680,-1.0,11688.1037000409
456,8681,-1.0,11691.208170424583
456,8682,-1.0,11690.558439938242
456,8683,-1.0,11693.157834135442
456,8684,-1.0,11691.0362260226
456,8685,-1.0,11692.265854581281
456,8686,-1.0,11690.672470071759
456,8687,-1.0,11687.577831258313
456,8688,-1.0,11678.67589532907
456,8689,-1.0,11677.76493391344
456,8690,-1.0,11682.912189305729
456,8691,-1.0,11689.419400614253
456,8692,-1.0,11707.66260129511
456,8693,-1.0,11729.886262480224
456,8694,-1.0,11747.630115972746
456,8695,-1.0,11758.194483919571
456,8696,-1.0,11761.295107825068
456,8697,-1.0,11760.207897030643
456,8698,-1.0,11762.675004299093
456,8699,-1.0,11772.018222287472
456,8700,0.0,11768.486616820786
456,8701,1.0,11748.537828782535
456,8702,1.0,11728.815350710449
456,8703,1.0,11714.940853899694
456,8704,1.0,11708.45635155345
456,8705,1.0,11692.898664648872
456,8706,1.0,11679.980775912285
456,8707,1.0,11675.984109645886
456,8708,1.0,11675.294791173517
456,8709,1.0,11672.310151608968
456,8710,1.0,11680.470729345292
456,8711,1.0,11684.00762694963
456,8712,1.0,11681.664713605795
456,8713,1.0,11677.512542380098
456,8714,1.0,11668.089059221082
456,8715,1.0,11655.86466375704
456,8716,1.0,11642.463814113215
456,8717,1.0,11636.620950365363
456,8718,1.0,11633.414809295913
456,8719,1.0,11636.123164388193
456,8720,1.0,11635.547353975498
456,8721,0.0,11632.056689769306
456,8722,0.0,11632.056689769306
456,8723,0.0,11632.056689769306
456,8724,0.0,11632.056689769306
456,8725,0.0,11632.056689769306
456,8726,-1.0,11628.776369874211
456,8727,-1.0,11622.40348926869
456,8728,-1.0,11629.80109379441
456,8729,-1.0,11636.395331258787
456,8730,-1.0,11646.356227886525
456,8731,-1.0,11653.599955295402
456,8732,-1.0,11665.15710830288
456,8733,-1.0,11668.166721722937
456,8734,-1.0,11672.444526305275
456,8735,-1.0,11669.636314518932
456,8736,-1.0,11669.034005649071
456,8737,-1.0,11666.38314466156
456,8738,-1.0,11661.296450832015
456,8739,-1.0,11652.746243752985
456,8740,-1.0,11659.071761386253
456,8741,-1.0,11656.881734836421
456,8742,-1.0,11654.055870775906
456,8743,-1.0,11656.625135661734
456,8744,-1.0,11662.47380161738
456,8745,-1.0,11662.123843808125
456,8746,-1.0,11665.010274360766
456,8747,-1.0,11666.21741113544
456,8748,-1.0,11662.367391546197
456,8749,-1.0,11656.054486358262
456,8750,-1.0,11653.183000220068
456,8751,-1.0,11648.74894762231
456,8752,-1.0,11649.902109913635
456,8753,-1.0,11653.137525969567
456,8754,-1.0,11658.222360714064
456,8755,-1.0,11662.702448138594
456,8756,-1.0,11667.652701557048
456,8757,-1.0,11668.426300666488
456,8758,-1.0,11671.01316853511
456,8759,-1.0,11674.46926785152
456,8760,-1.0,11675.054361727147
456,8761,-1.0,11675.860190750434
456,8762,-1.0,11680.71554719028
456,8763,-1.0,11683.1690202843
456,8764,-1.0,11683.428486921213
456,8765,-1.0,11688.572406082681
456,8766,-1.0,11691.768105842373
456,8767,-1.0,11694.066746732284
456,8768,-1.0,11693.635053023285
456,8769,-1.0,11694.059705542853
456,8770,-1.0,11687.571087308621
456,8771,-1.0,11683.704651862536
456,8772,-1.0,11681.922768433376
456,8773,-1.0,11679.934905674758
456,8774,-1.0,11675.710729531564
456,8775,-1.0,11671.394166697959
456,8776,-1.0,11665.576435812425
456,8777,-1.0,11658.345490853662
456,8778,-1.0,11655.336987443403
456,8779,-1.0,11653.361242847985
456,8780,-1.0,11654.50433826911
456,8781,-1.0,11656.52836950392
456,8782,-1.0,11655.51779872579
456,8783,-1.0,11656.563254902207
456,8784,-1.0,11658.902525975072
456,8785,-1.0,11660.396048190036
456,8786,-1.0,11661.830273571677
456,8787,-1.0,11665.720129418372
456,8788,-1.0,11665.447138518108
456,8789,-1.0,11663.51511883145
456,8790,-1.0,11662.944693495276
456,8791,-1.0,11661.086562147471
456,8792,-1.0,11655.83104010593
456,8793,-1.0,11653.656009005337
456,8794,-1.0,11651.956992397061
456,8795,-1.0,11649.086855816451
456,8796,-1.0,11649.408358207958
456,8797,-1.0,11652.00085952544
456,8798,-1.0,11652.98995398297
456,8799,-1.0,11651.525461289102
456,8800,-1.0,11650.120506361758
456,8801,-1.0,11646.331928849804
456,8802,-1.0,11645.989537239486
456,8803,-1.0,11646.59741091828
456,8804,-1.0,11652.042768835296
456,8805,-1.0,11658.874802838482
456,8806,-1.0,11669.0880413612
456,8807,-1.0,11673.050625199337
456,8808,-1.0,11674.87857905397
456,8809,-1.0,11678.560203256835
456,8810,-1.0,11682.513453518353
456,8811,-1.0,11684.459643157563
456,8812,-1.0,11695.967376938348
456,8813,-1.0,11695.037425227165
456,8814,-1.0,11679.564781066967
456,8815,-1.0,11654.509884327777
456,8816,0.0,11651.01353136248
456,8817,1.0,11676.06900514838
456,8818,0.0,11672.566184446836
456,8819,0.0,11672.566184446836
456,8820,0.0,11672.566184446836
456,8821,-1.0,11676.460948063625
456,8822,-1.0,11687.611616837008
456,8823,-1.0,11693.804133430363
456,8824,-1.0,11709.578973426462
456,8825,-1.0,11724.563640806082
456,8826,-1.0,11733.562742552098
456,8827,-1.0,11736.469658556185
456,8828,-1.0,11740.854408657407
456,8829,-1.0,11739.53658373359
456,8830,-1.0,11733.88120376147
456,8831,-1.0,11727.597695315322
456,8832,-1.0,11727.791204646628
456,8833,-1.0,11730.334554591138
456,8834,-1.0,11724.878486933498
456,8835,0.0,11721.361023387419
456,8836,1.0,11708.325437004227
456,8837,1.0,11704.057594487564
456,8838,1.0,11700.560224451416
456,8839,0.0,11697.050056384081
456,8840,1.0,11699.085879274126
456,8841,0.0,11695.576153510343
456,8842,1.0,11697.96090866323
456,8843,1.0,11702.84069199563
456,8844,1.0,11708.600549795952
456,8845,1.0,11709.007855403128
456,8846,1.0,11717.571087451393
456,8847,0.0,11714.05581612516
456,8848,0.0,11714.05581612516
456,8849,0.0,11714.05581612516
456,8850,0.0,11714.05581612516
456,8851,0.0,11714.05581612516
456,8852,-1.0,11699.22078917417
456,8853,-1.0,11690.796636406743
456,8854,-1.0,11691.811754204937
456,8855,-1.0,11700.063221987326
456,8856,-1.0,11708.577012161712
456,8857,-1.0,11722.096264755259
456,8858,-1.0,11732.744710365654
456,8859,-1.0,11738.938607315647
456,8860,-1.0,11743.98046039204
456,8861,-1.0,11747.987327858325
456,8862,-1.0,11749.708643178485
456,8863,-1.0,11752.982253541162
456,8864,-1.0,11752.59492265571
456,8865,-1.0,11756.017858812495
456,8866,-1.0,11753.002436773098
456,8867,-1.0,11757.919275738737
456,8868,-1.0,11764.589171174768
456,8869,-1.0,11773.044569741081
456,8870,0.0,11769.51265637016
456,8871,1.0,11764.462170341227
456,8872,0.0,11760.932831690125
456,8873,0.0,11760.932831690125
456,8874,1.0,11766.487502487533
456,8875,1.0,11765.517963502556
456,8876,1.0,11769.19462957229
456,8877,1.0,11774.803796115231
456,8878,1.0,11777.752943949032
456,8879,1.0,11779.24188983298
456,8880,1.0,11784.247016955984
456,8881,1.0,11782.566929450395
456,8882,1.0,11772.441900559017
456,8883,0.0,11768.91016798885
456,8884,0.0,11768.91016798885
456,8885,0.0,11768.91016798885
456,8886,0.0,11768.91016798885
456,8887,0.0,11768.91016798885
456,8888,-1.0,11763.848483362324
456,8889,-1.0,11767.031428733135
456,8890,-1.0,11768.646084758782
456,8891,-1.0,11772.814240417936
456,8892,-1.0,11784.068737705491
456,8893,-1.0,11785.004654279526
456,8894,-1.0,11784.69735712868
456,8895,-1.0,11789.393889404371
456,8896,0.0,11785.85707123755
456,8897,1.0,11804.152290311531
456,8898,1.0,11812.286291959483
456,8899,1.0,11825.353302067546
456,8900,1.0,11837.831076240916
456,8901,1.0,11848.97496039353
456,8902,0.0,11845.420267905412
456,8903,-1.0,11840.560983275891
456,8904,-1.0,11842.414907555507
456,8905,-1.0,11843.23762475388
456,8906,-1.0,11842.705700780987
456,8907,-1.0,11836.523600028531
456,8908,-1.0,11836.229370868801
456,8909,-1.0,11842.502332906617
456,8910,-1.0,11850.712405241278
456,8911,-1.0,11856.116372625822
456,8912,-1.0,11864.832667219838
456,8913,-1.0,11866.52760065096
456,8914,-1.0,11867.569216440479
456,8915,-1.0,11863.305045120183
456,8916,-1.0,11862.917699521011
456,8917,-1.0,11860.707342675849
456,8918,-1.0,11860.270373898127
456,8919,-1.0,11859.158147173883
456,8920,-1.0,11856.728139536477
456,8921,-1.0,11857.793602522474
456,8922,-1.0,11863.039067223126
456,8923,-1.0,11865.533384952945
456,8924,-1.0,11866.805961616217
456,8925,-1.0,11870.186011145974
456,8926,-1.0,11872.746254957972
456,8927,-1.0,11872.582610701775
456,8928,-1.0,11869.76565247997
456,8929,-1.0,11865.348687321562
456,8930,-1.0,11861.822344106902
456,8931,-1.0,11855.304023557263
456,8932,-1.0,11844.409399938253
456,8933,-1.0,11834.157172010142
456,8934,-1.0,11820.631951313339
456,8935,-1.0,11802.487747214676
456,8936,-1.0,11784.741351663764
456,8937,-1.0,11773.138338981717
456,8938,-1.0,11767.522536644123
456,8939,-1.0,11764.994914860288
456,8940,-1.0,11769.726985928808
456,8941,-1.0,11774.654050731055
456,8942,-1.0,11777.20349880849
456,8943,-1.0,11776.491928705185
456,8944,-1.0,11775.949495834991
456,8945,-1.0,11769.516568487023
456,8946,-1.0,11768.963811809752
456,8947,-1.0,11770.917632409899
456,8948,-1.0,11775.483761657593
456,8949,-1.0,11781.999142567103
456,8950,-1.0,11792.388017933012
456,8951,-1.0,11799.019565878536
456,8952,-1.0,11803.36143416359
456,8953,-1.0,11804.156045271191
456,8954,-1.0,11808.186464876455
456,8955,-1.0,11814.328196858463
456,8956,-1.0,11820.70001583935
456,8957,-1.0,11833.354591274288
456,8958,0.0,11829.804584896907
456,8959,0.0,11829.804584896907
456,8960,1.0,11819.667328670168
456,8961,1.0,11815.462429360361
456,8962,1.0,11812.421582784133
456,8963,1.0,11810.591391749018
456,8964,1.0,11800.591160691103
456,8965,1.0,11796.949774476027
456,8966,1.0,11788.231565134838
456,8967,1.0,11780.943532910185
456,8968,1.0,11774.601614138905
456,8969,1.0,11756.180581180177
456,8970,1.0,11730.747258052934
456,8971,1.0,11711.809835343167
456,8972,1.0,11698.70654909102
456,8973,1.0,11689.107636206003
456,8974,1.0,11706.363711371047
456,8975,1.0,11728.260023617006
456,8976,1.0,11754.97164914664
456,8977,1.0,11774.264118467107
456,8978,1.0,11791.170456605827
456,8979,1.0,11785.309598349282
456,8980,1.0,11785.927853632898
456,8981,0.0,11782.392075276808
456,8982,0.0,11782.392075276808
456,8983,-1.0,11782.660570291646
456,8984,-1.0,11778.189931468905
456,8985,-1.0,11780.061132457204
456,8986,-1.0,11794.30953893402
456,8987,-1.0,11816.096314052593
456,8988,-1.0,11848.896762400353
456,8989,-1.0,11889.595588411765
456,8990,-1.0,11938.52587393876
456,8991,-1.0,11965.2988738964
456,8992,-1.0,11986.295690093606
456,8993,-1.0,11997.275791262542
456,8994,-1.0,11999.57504721994
456,8995,0.0,11995.975174705774
456,8996,1.0,11991.593559211693
456,8997,1.0,11996.678587461272
456,8998,1.0,12006.551954257424
456,8999,1.0,12016.191412415188
456,9000,1.0,12011.456528677469
456,9001,1.0,12002.0752027667
456,9002,1.0,11995.532821058521
456,9003,1.0,11983.847135756954
456,9004,1.0,11977.325226065857
456,9005,1.0,11974.149974975093
456,9006,1.0,11968.693571167385
456,9007,1.0,11966.650949492381
456,9008,1.0,11956.64233211462
456,9009,1.0,11940.25780183563
456,9010,1.0,11927.07881221354
456,9011,0.0,11923.500688569877
456,9012,0.0,11923.500688569877
456,9013,0.0,11923.500688569877
456,9014,0.0,11923.500688569877
456,9015,0.0,11923.500688569877
456,9016,-1.0,11921.321323075264
456,9017,-1.0,11924.564488070475
456,9018,-1.0,11927.70848729434
456,9019,-1.0,11928.769217704352
456,9020,-1.0,11927.791182411662
456,9021,-1.0,11937.05481228558
456,9022,-1.0,11943.670179715531
456,9023,-1.0,11944.757333893105
456,9024,-1.0,11936.273010360357
456,9025,-1.0,11934.64325914884
456,9026,-1.0,11925.395900637519
456,9027,-1.0,11921.73903031323
456,9028,-1.0,11923.363321854396
456,9029,-1.0,11929.90463566115
456,9030,-1.0,11930.469093753445
456,9031,-1.0,11928.232661855505
456,9032,-1.0,11923.80660673984
456,9033,-1.0,11917.07017938767
456,9034,-1.0,11911.523777313736
456,9035,-1.0,11908.544156286374
456,9036,-1.0,11910.607411144721
456,9037,-1.0,11906.081869991234
456,9038,-1.0,11905.766186887939
456,9039,-1.0,11907.488020151393
456,9040,-1.0,11908.70786919505
456,9041,-1.0,11913.445270705852
456,9042,-1.0,11923.320390282472
456,9043,-1.0,11926.984645396049
456,9044,-1.0,11931.653336286454
456,9045,-1.0,11937.154360684566
456,9046,-1.0,11938.701907105098
456,9047,-1.0,11943.999536896872
456,9048,-1.0,11951.188224715668
456,9049,-1.0,11953.468777487302
456,9050,-1.0,11956.744519046622
456,9051,-1.0,11958.377728480114
456,9052,-1.0,11957.357098923834
456,9053,-1.0,11957.768176050487
456,9054,-1.0,11961.773820500453
456,9055,-1.0,11962.253573877735
456,9056,-1.0,11961.304808502047
456,9057,-1.0,11959.32454371366
456,9058,-1.0,11954.65392307905
456,9059,-1.0,11951.520561464074
456,9060,-1.0,11951.870170885633
456,9061,-1.0,11954.429050293702
456,9062,-1.0,11958.303747531947
456,9063,-1.0,11965.106271367335
456,9064,-1.0,11964.72744015095
456,9065,-1.0,11962.710395301034
456,9066,-1.0,11958.525002742117
456,9067,-1.0,11955.387109569077
456,9068,-1.0,11951.647569965511
456,9069,-1.0,11949.124949096826
456,9070,-1.0,11949.135758086093
456,9071,-1.0,11950.396717887434
456,9072,-1.0,11950.050793743469
456,9073,-1.0,11950.418338161102
456,9074,-1.0,11951.257747014683
456,9075,-1.0,11949.765838863212
456,9076,-1.0,11950.868452431168
456,9077,-1.0,11953.675512291124
456,9078,-1.0,11957.222419563548
456,9079,-1.0,11963.156113179577
456,9080,-1.0,11968.39315799476
456,9081,-1.0,11970.176133508494
456,9082,-1.0,11970.656274698747
456,9083,-1.0,11968.305661839631
456,9084,-1.0,11967.47174019406
456,9085,-1.0,11968.359716901608
456,9086,-1.0,11974.550506781152
456,9087,-1.0,11979.59583978767
456,9088,-1.0,11987.23321313923
456,9089,-1.0,11989.080737547141
456,9090,-1.0,11993.507269312351
456,9091,-1.0,11994.578566353404
456,9092,-1.0,11995.78735033231
456,9093,-1.0,11995.964727889219
456,9094,-1.0,12003.26364301831
456,9095,-1.0,12005.860662330306
456,9096,-1.0,12004.976577528116
456,9097,-1.0,11998.39066151707
456,9098,-1.0,11992.514120698126
456,9099,-1.0,11981.502505498913
456,9100,-1.0,11978.31294736024
456,9101,-1.0,11978.327406233519
456,9102,-1.0,11985.9572015082
456,9103,-1.0,11987.222544767108
456,9104,-1.0,11993.584845767475
456,9105,-1.0,12000.887911773692
456,9106,-1.0,12001.608597299497
456,9107,-1.0,11998.60240268546
456,9108,-1.0,11991.0992563001
456,9109,-1.0,11981.68513382148
456,9110,-1.0,11967.17866047693
456,9111,-1.0,11960.851172766503
456,9112,-1.0,11959.62060023794
456,9113,-1.0,11973.34654412164
456,9114,-1.0,11982.085973036455
456,9115,-1.0,11986.071465919356
456,9116,-1.0,11988.002073418293
456,9117,-1.0,11988.345644419644
456,9118,-1.0,11983.902419515407
456,9119,-1.0,11982.987656445555
456,9120,-1.0,11990.163024348629
456,9121,-1.0,11992.673351766347
456,9122,-1.0,11993.574246171605
456,9123,-1.0,11995.28217730954
456,9124,-1.0,11994.486036584207
456,9125,-1.0,11978.932662525081
456,9126,-1.0,11969.939648815005
456,9127,-1.0,11959.780604948404
456,9128,-1.0,11949.264513251095
456,9129,-1.0,11940.804284005231
456,9130,-1.0,11941.966942055888
456,9131,-1.0,11936.493880944574
456,9132,-1.0,11933.935477052799
456,9133,-1.0,11931.276662639628
456,9134,-1.0,11928.201461698281
456,9135,-1.0,11926.230792556244
456,9136,-1.0,11925.396913590732
456,9137,-1.0,11922.435291254225
456,9138,-1.0,11918.91357622322
456,9139,-1.0,11915.00899226893
456,9140,-1.0,11910.368721183022
456,9141,-1.0,11909.546777293886
456,9142,-1.0,11906.245326311238
456,9143,-1.0,11899.70504566342
456,9144,-1.0,11895.976531107075
456,9145,-1.0,11892.725473067629
456,9146,-1.0,11890.295717449595
456,9147,-1.0,11893.816568096481
456,9148,-1.0,11894.407587280462
456,9149,-1.0,11895.496634342548
456,9150,-1.0,11896.99444716117
456,9151,-1.0,11899.087657558832
456,9152,-1.0,11899.277686414081
456,9153,-1.0,11905.348570960086
456,9154,-1.0,11905.291194716656
456,9155,-1.0,11899.903992106194
456,9156,-1.0,11894.138071027552
456,9157,-1.0,11887.42162512242
456,9158,-1.0,11875.883958726468
456,9159,-1.0,11863.564346877516
456,9160,-1.0,11850.492574391998
456,9161,-1.0,11835.79123110856
456,9162,-1.0,11818.55725090631
456,9163,-1.0,11805.122960188399
456,9164,-1.0,11802.622264630216
456,9165,-1.0,11805.977237079993
456,9166,-1.0,11808.779244763553
456,9167,-1.0,11813.796972117763
456,9168,-1.0,11818.500268920934
456,9169,-1.0,11822.276099723342
456,9170,-1.0,11823.144046336094
456,9171,-1.0,11825.346045227778
456,9172,-1.0,11828.686641096481
456,9173,-1.0,11827.366536705831
456,9174,-1.0,11817.00926256768
456,9175,-1.0,11802.558350636555
456,9176,-1.0,11795.071121584693
456,9177,-1.0,11789.498399279055
456,9178,-1.0,11790.18633272862
456,9179,-1.0,11793.24558820026
456,9180,-1.0,11799.8274452479
456,9181,-1.0,11796.881988081057
456,9182,-1.0,11797.339728183384
456,9183,-1.0,11796.200623011802
456,9184,-1.0,11798.974874839001
456,9185,-1.0,11803.356718502528
456,9186,-1.0,11813.694719796673
456,9187,-1.0,11821.445051460934
456,9188,-1.0,11832.022728460443
456,9189,-1.0,11841.458292286547
456,9190,0.0,11837.90585479886
456,9191,1.0,11834.578915951312
456,9192,1.0,11839.630097010264
456,9193,1.0,11844.837364826852
456,9194,1.0,11855.328376486163
456,9195,1.0,11867.024365286767
456,9196,1.0,11869.292027752736
456,9197,1.0,11879.109012929532
456,9198,1.0,11891.819909861544
456,9199,1.0,11897.836292473974
456,9200,1.0,11901.185657580772
456,9201,1.0,11907.835050962512
456,9202,1.0,11904.720670921955
456,9203,0.0,11901.14925472068
456,9204,-1.0,11899.239063806337
456,9205,-1.0,11898.362503720713
456,9206,-1.0,11894.065482307544
456,9207,-1.0,11892.04473546578
456,9208,-1.0,11893.060074537876
456,9209,-1.0,11890.889451842779
456,9210,-1.0,11891.590156260016
456,9211,-1.0,11895.139676553948
456,9212,-1.0,11898.984154387428
456,9213,-1.0,11896.28311982607
456,9214,-1.0,11893.708182975672
456,9215,-1.0,11889.942569946192
456,9216,-1.0,11885.198393792403
456,9217,-1.0,11878.349795621047
456,9218,-1.0,11880.977694657251
456,9219,-1.0,11883.11667990766
456,9220,-1.0,11885.066863780865
456,9221,-1.0,11880.401541038147
456,9222,-1.0,11873.370390640923
456,9223,-1.0,11862.446778368643
456,9224,-1.0,11851.812968104765
456,9225,-1.0,11836.039828909421
456,9226,-1.0,11827.562107821608
456,9227,-1.0,11822.23625133139
456,9228,-1.0,11822.676596040239
456,9229,-1.0,11821.401836939069
456,9230,-1.0,11821.511858277416
456,9231,-1.0,11816.031918259705
456,9232,-1.0,11801.333057414633
456,9233,-1.0,11782.622441302616
456,9234,-1.0,11764.795732758867
456,9235,-1.0,11744.698006528037
456,9236,-1.0,11727.889722655496
456,9237,-1.0,11716.262395358688
456,9238,-1.0,11698.71752027197
456,9239,-1.0,11680.795432038687
456,9240,-1.0,11669.876082172259
456,9241,-1.0,11655.933423483348
456,9242,-1.0,11641.76639153358
456,9243,-1.0,11629.093577724827
456,9244,-1.0,11622.23108160116
456,9245,-1.0,11612.51462015875
456,9246,-1.0,11605.302567074801
456,9247,-1.0,11607.750755535346
456,9248,-1.0,11616.942104724605
456,9249,-1.0,11621.026456235497
456,9250,-1.0,11620.265028168864
456,9251,-1.0,11623.389816645176
456,9252,-1.0,11604.59758851234
456,9253,-1.0,11602.030175019998
456,9254,-1.0,11594.945657399667
456,9255,-1.0,11587.050645354242
456,9256,-1.0,11582.737888321857
456,9257,-1.0,11601.731809710083
456,9258,-1.0,11598.116889195784
456,9259,-1.0,11598.030151372821
456,9260,-1.0,11606.712450873089
456,9261,-1.0,11603.612457458854
456,9262,-1.0,11587.557129886394
456,9263,0.0,11584.080862747429
456,9264,1.0,11592.009902310909
456,9265,1.0,11615.822347187286
456,9266,1.0,11627.117305229202
456,9267,1.0,11631.176281235019
456,9268,1.0,11627.377297889183
456,9269,1.0,11615.93819294041
456,9270,1.0,11593.537069606078
456,9271,0.0,11590.059008485197
456,9272,0.0,11590.059008485197
456,9273,1.0,11572.484597831904
456,9274,1.0,11562.424548244573
456,9275,1.0,11558.979488196004
456,9276,1.0,11552.553934443495
456,9277,1.0,11552.457103095225
456,9278,1.0,11544.961136050613
456,9279,1.0,11547.069656977292
456,9280,1.0,11551.461383790987
456,9281,1.0,11559.909253711594
456,9282,1.0,11569.134928895497
456,9283,1.0,11587.01670519012
456,9284,1.0,11595.060272448582
456,9285,1.0,11597.071928979864
456,9286,1.0,11603.593849902587
456,9287,1.0,11607.224307057299
456,9288,1.0,11611.857867234585
456,9289,1.0,11617.005704933908
456,9290,1.0,11620.88653724064
456,9291,1.0,11621.93229461199
456,9292,1.0,11625.88707041473
456,9293,1.0,11622.544096586
456,9294,0.0,11619.057333357025
456,9295,0.0,11619.057333357025
456,9296,0.0,11619.057333357025
456,9297,0.0,11619.057333357025
456,9298,0.0,11619.057333357025
456,9299,-1.0,11616.547384565449
456,9300,-1.0,11615.040480379534
456,9301,-1.0,11611.908961167848
456,9302,-1.0,11605.022817590727
456,9303,-1.0,11600.232472225434
456,9304,-1.0,11603.422250518935
456,9305,-1.0,11608.759127851488
456,9306,-1.0,11614.638977362942
456,9307,-1.0,11624.846531876943
456,9308,-1.0,11633.866543631115
456,9309,-1.0,11636.283864502351
456,9310,-1.0,11633.566626753525
456,9311,-1.0,11630.085036031078
456,9312,-1.0,11627.835244276112
456,9313,-1.0,11623.496155918454
456,9314,-1.0,11617.903623770475
456,9315,0.0,11614.418252683345
456,9316,1.0,11609.25032299894
456,9317,1.0,11614.393406014009
456,9318,1.0,11622.027275695167
456,9319,1.0,11630.624611362819
456,9320,1.0,11641.821635686429
456,9321,1.0,11653.037816624403
456,9322,0.0,11649.541905279415
456,9323,0.0,11649.541905279415
456,9324,0.0,11649.541905279415
456,9325,0.0,11649.541905279415
456,9326,0.0,11649.541905279415
456,9327,-1.0,11642.821395271216
456,9328,-1.0,11639.962851444341
456,9329,-1.0,11640.953670005421
456,9330,-1.0,11644.151839375521
456,9331,-1.0,11647.333341392705
456,9332,-1.0,11648.731513475504
456,9333,-1.0,11647.858420415878
456,9334,-1.0,11645.057655769193
456,9335,-1.0,11641.415716239553
456,9336,-1.0,11639.106865759992
456,9337,-1.0,11638.995633733379
456,9338,-1.0,11642.769799546984
456,9339,-1.0,11643.454739955705
456,9340,-1.0,11635.854267221874
456,9341,-1.0,11625.96141433244
456,9342,-1.0,11617.472272298557
456,9343,-1.0,11609.973625080196
456,9344,-1.0,11608.30933789358
456,9345,-1.0,11611.0460004281
456,9346,-1.0,11613.242480853876
456,9347,-1.0,11615.581836805153
456,9348,-1.0,11615.585303991933
456,9349,-1.0,11611.284433785038
456,9350,-1.0,11611.440396344398
456,9351,-1.0,11615.252175020269
456,9352,-1.0,11620.591371531258
456,9353,-1.0,11628.40284596695
456,9354,-1.0,11636.486772153477
456,9355,-1.0,11645.291851073065
456,9356,-1.0,11650.690851142972
456,9357,-1.0,11653.237616783152
456,9358,-1.0,11651.894040484658
456,9359,0.0,11648.398472272513
456,9360,1.0,11641.605299148192
456,9361,1.0,11636.076855545844
456,9362,1.0,11634.405099744401
456,9363,1.0,11629.39104741752
456,9364,1.0,11623.657774897816
456,9365,1.0,11616.329353337795
456,9366,1.0,11609.435733536726
456,9367,1.0,11600.758485974875
456,9368,0.0,11597.278258429084
456,9369,0.0,11597.278258429084
456,9370,1.0,11589.166509239512
456,9371,1.0,11583.913497385733
456,9372,1.0,11580.298033021843
456,9373,1.0,11577.208787047643
456,9374,1.0,11573.005619742165
456,9375,1.0,11569.77939486654
456,9376,1.0,11566.643892420818
456,9377,1.0,11557.854559690508
456,9378,1.0,11561.73040640752
456,9379,1.0,11562.231943058863
456,9380,1.0,11561.716498930946
456,9381,1.0,11563.636435502203
456,9382,0.0,11560.167344571553
456,9383,1.0,11562.517463906039
456,9384,1.0,11569.359284394437
456,9385,0.0,11565.88847660912
456,9386,-1.0,11558.751090095031
456,9387,-1.0,11564.961427609429
456,9388,-1.0,11575.248617217478
456,9389,-1.0,11580.702711071799
456,9390,-1.0,11583.636090689399
456,9391,-1.0,11590.342839831352
456,9392,-1.0,11596.095016964055
456,9393,-1.0,11601.288272151944
456,9394,-1.0,11604.966620286523
456,9395,-1.0,11609.72590129673
456,9396,-1.0,11609.576517423715
456,9397,-1.0,11602.210080964938
456,9398,-1.0,11590.556394757192
456,9399,-1.0,11581.747599949396
456,9400,-1.0,11572.802190428887
456,9401,-1.0,11567.819004904637
456,9402,-1.0,11565.29317528539
456,9403,-1.0,11568.747688015841
456,9404,-1.0,11572.427931306682
456,9405,-1.0,11577.179071555054
456,9406,-1.0,11579.308674482532
456,9407,-1.0,11582.698678720822
456,9408,-1.0,11586.620163698042
456,9409,-1.0,11596.153262237447
456,9410,-1.0,11606.018889617744
456,9411,-1.0,11615.938489655162
456,9412,-1.0,11626.327820200651
456,9413,-1.0,11633.57340219248
456,9414,-1.0,11637.194920200342
456,9415,-1.0,11638.351664066584
456,9416,-1.0,11638.93360640403
456,9417,-1.0,11638.881336087856
456,9418,-1.0,11638.052057615138
456,9419,-1.0,11641.665644068702
456,9420,-1.0,11644.747138162378
456,9421,-1.0,11649.14396008787
456,9422,-1.0,11654.215118222124
456,9423,-1.0,11662.106569588352
456,9424,-1.0,11663.161437815374
456,9425,-1.0,11667.290417132896
456,9426,-1.0,11670.960002818494
456,9427,-1.0,11668.88700375369
456,9428,-1.0,11668.104019803744
456,9429,-1.0,11666.69551313944
456,9430,-1.0,11657.7330248888
456,9431,-1.0,11649.782776532205
456,9432,-1.0,11649.974661608643
456,9433,-1.0,11644.342504249713
456,9434,-1.0,11641.102602590661
456,9435,-1.0,11645.82848613352
456,9436,-1.0,11649.800331943985
456,9437,-1.0,11651.963438992558
456,9438,-1.0,11657.967102576053
456,9439,-1.0,11665.646476375476
456,9440,-1.0,11677.103077231854
456,9441,-1.0,11690.74757293024
456,9442,-1.0,11699.558090204537
456,9443,-1.0,11702.035792178875
456,9444,-1.0,11702.754548627185
456,9445,-1.0,11700.47753781447
456,9446,-1.0,11696.302074151368
456,9447,-1.0,11693.872345818516
456,9448,-1.0,11698.833397987994
456,9449,-1.0,11700.193487357727
456,9450,-1.0,11691.197927366467
456,9451,-1.0,11685.387035867683
456,9452,-1.0,11680.946370313688
456,9453,-1.0,11675.246448670578
456,9454,-1.0,11670.712102146696
456,9455,-1.0,11667.96812157314
456,9456,-1.0,11659.44473160412
456,9457,-1.0,11650.01712531236
456,9458,-1.0,11639.59536784876
456,9459,-1.0,11634.951101413117
456,9460,-1.0,11634.066168771944
456,9461,-1.0,11633.292863841403
456,9462,-1.0,11634.567403705063
456,9463,-1.0,11637.79564691772
456,9464,-1.0,11638.565778235514
456,9465,-1.0,11638.1162385119
456,9466,-1.0,11635.715530546535
456,9467,-1.0,11636.833719978918
456,9468,-1.0,11640.98677668668
456,9469,-1.0,11644.172928864366
456,9470,-1.0,11642.265896360826
456,9471,-1.0,11646.311818882896
456,9472,-1.0,11650.126557031233
456,9473,-1.0,11644.951875898023
456,9474,-1.0,11638.254752075554
456,9475,-1.0,11642.884995516448
456,9476,-1.0,11645.457853124386
456,9477,-1.0,11643.713927956389
456,9478,-1.0,11647.231164897998
456,9479,-1.0,11650.962001105461
456,9480,-1.0,11649.939666164586
456,9481,-1.0,11643.338212848164
456,9482,-1.0,11640.203675598712
456,9483,-1.0,11635.595360097506
456,9484,-1.0,11632.504701305748
456,9485,-1.0,11631.240239940022
456,9486,-1.0,11632.462269963242
456,9487,-1.0,11633.88661199772
456,9488,-1.0,11638.629907610188
456,9489,-1.0,11641.048066477502
456,9490,-1.0,11650.295214940004
456,9491,-1.0,11674.154140615143
456,9492,-1.0,11706.822227898429
456,9493,-1.0,11734.199476588388
456,9494,-1.0,11771.321933383992
456,9495,-1.0,11802.172158299469
456,9496,-1.0,11828.023819301377
456,9497,0.0,11824.475412155587
456,9498,1.0,11813.889623590709
456,9499,1.0,11817.009027881111
456,9500,1.0,11825.678976859099
456,9501,1.0,11842.576805826442
456,9502,1.0,11852.32378260207
456,9503,1.0,11864.975564002321
456,9504,1.0,11878.93624089187
456,9505,1.0,11885.640953704784
456,9506,1.0,11896.377427635685
456,9507,1.0,11906.89642660672
456,9508,1.0,11924.07990423544
456,9509,1.0,11950.186650250662
456,9510,1.0,11981.367932367713
456,9511,0.0,11977.773521988003
456,9512,-1.0,11957.655623967848
456,9513,-1.0,11957.576808793612
456,9514,-1.0,11944.75336541158
456,9515,-1.0,11946.122493218632
456,9516,-1.0,11947.932470590598
456,9517,-1.0,11934.045218954507
456,9518,-1.0,11925.221105530667
456,9519,-1.0,11935.072473118966
456,9520,-1.0,11933.06129162933
456,9521,-1.0,11924.395164252286
456,9522,-1.0,11923.842125741587
456,9523,-1.0,11908.395971310529
456,9524,-1.0,11900.228718737402
456,9525,-1.0,11887.045047632904
456,9526,-1.0,11868.732083616138
456,9527,-1.0,11854.00537997197
456,9528,-1.0,11851.58113633885
456,9529,-1.0,11865.22176991396
456,9530,-1.0,11890.531906155737
456,9531,-1.0,11916.737852448943
456,9532,-1.0,11940.821674247507
456,9533,-1.0,11950.016559223639
456,9534,-1.0,11933.817662575784
456,9535,-1.0,11912.51450636117
456,9536,-1.0,11893.72198471891
456,9537,-1.0,11875.284436042637
456,9538,-1.0,11864.218125356432
456,9539,-1.0,11856.407629414809
456,9540,0.0,11852.850707125985
456,9541,1.0,11841.416896123625
456,9542,1.0,11838.800625764581
456,9543,1.0,11832.735849380375
456,9544,1.0,11815.784271033472
456,9545,0.0,11812.239535752162
456,9546,0.0,11812.239535752162
456,9547,1.0,11792.584853072743
456,9548,1.0,11775.887493839318
456,9549,1.0,11778.561697099905
456,9550,1.0,11785.597935719226
456,9551,1.0,11807.260503018035
456,9552,1.0,11828.966014380976
456,9553,1.0,11848.158001016687
456,9554,1.0,11849.370097843897
456,9555,1.0,11850.70273381176
456,9556,1.0,11842.83059349302
456,9557,1.0,11835.343875363349
456,9558,1.0,11825.01518925145
456,9559,1.0,11817.570102309863
456,9560,1.0,11806.072909236658
456,9561,1.0,11799.87456312342
456,9562,1.0,11789.26222597836
456,9563,0.0,11785.725447310568
456,9564,0.0,11785.725447310568
456,9565,0.0,11785.725447310568
456,9566,1.0,11776.083478246037
456,9567,1.0,11773.612266989845
456,9568,1.0,11777.23974797707
456,9569,1.0,11779.58040051138
456,9570,1.0,11783.710291137491
456,9571,1.0,11786.18045907038
456,9572,1.0,11787.320335468848
456,9573,1.0,11779.170040540133
456,9574,1.0,11772.543122946772
456,9575,1.0,11765.200222842564
456,9576,1.0,11758.528551583315
456,9577,1.0,11753.536611650212
456,9578,1.0,11752.336091028632
456,9579,1.0,11742.82448839495
456,9580,1.0,11736.599817169501
456,9581,1.0,11733.955814872403
456,9582,1.0,11729.538032927305
456,9583,1.0,11732.296333484868
456,9584,1.0,11737.903956285256
456,9585,1.0,11742.14212685471
456,9586,1.0,11746.614030316634
456,9587,1.0,11750.612364766985
456,9588,1.0,11749.845169531882
456,9589,0.0,11746.320215981023
456,9590,-1.0,11740.38973047904
456,9591,-1.0,11737.78045102084
456,9592,-1.0,11735.354537193321
456,9593,-1.0,11731.82908825739
456,9594,-1.0,11726.217257560262
456,9595,-1.0,11719.882214641057
456,9596,-1.0,11712.39969096046
456,9597,-1.0,11704.497316303365
456,9598,-1.0,11697.495107419207
456,9599,-1.0,11693.051039267619
456,9600,-1.0,11694.051993923202
456,9601,-1.0,11697.663640213324
456,9602,-1.0,11708.071265618128
456,9603,-1.0,11718.298225161168
456,9604,-1.0,11729.253841767331
456,9605,-1.0,11737.097366185324
456,9606,-1.0,11744.022719690218
456,9607,-1.0,11744.655908999404
456,9608,-1.0,11746.699636712236
456,9609,-1.0,11745.918483357797
456,9610,-1.0,11745.369625584235
456,9611,-1.0,11745.397770997834
456,9612,-1.0,11745.348514519901
456,9613,-1.0,11744.577979777874
456,9614,-1.0,11745.045852411324
456,9615,-1.0,11744.986048226358
456,9616,-1.0,11739.708942743204
456,9617,-1.0,11738.745394011497
456,9618,-1.0,11736.537211230625
456,9619,-1.0,11733.018124481121
456,9620,-1.0,11728.368741667291
456,9621,-1.0,11727.56109319973
456,9622,-1.0,11721.842459796706
456,9623,-1.0,11718.588234580702
456,9624,-1.0,11716.440639428478
456,9625,-1.0,11715.581199654558
456,9626,-1.0,11718.162679094306
456,9627,-1.0,11723.010940073711
456,9628,-1.0,11727.50005973852
456,9629,-1.0,11732.735210574645
456,9630,-1.0,11740.115053410093
456,9631,-1.0,11745.409493365038
456,9632,-1.0,11749.141837588206
456,9633,-1.0,11751.84445862164
456,9634,-1.0,11754.290877795467
456,9635,-1.0,11749.649927536135
456,9636,-1.0,11746.464321161719
456,9637,-1.0,11742.132192133358
456,9638,-1.0,11741.16481154756
456,9639,-1.0,11739.265328628884
456,9640,-1.0,11748.152050898978
456,9641,-1.0,11752.937352767267
456,9642,-1.0,11762.117085853997
456,9643,-1.0,11770.076546445749
456,9644,-1.0,11772.03328347553
456,9645,-1.0,11769.281599249945
456,9646,-1.0,11763.791042686822
456,9647,-1.0,11759.52830125719
456,9648,-1.0,11754.057416960042
456,9649,-1.0,11751.550152230311
456,9650,-1.0,11746.592810948456
456,9651,-1.0,11744.847917707564
456,9652,-1.0,11739.819427036806
456,9653,-1.0,11733.818554876525
456,9654,-1.0,11732.711447603635
456,9655,-1.0,11736.014337562621
456,9656,-1.0,11743.060388184498
456,9657,-1.0,11749.355543558975
456,9658,-1.0,11755.10488484969
456,9659,-1.0,11758.012958120682
456,9660,-1.0,11758.643446500004
456,9661,-1.0,11760.274656199723
456,9662,-1.0,11770.229648424347
456,9663,-1.0,11782.498500323534
456,9664,-1.0,11797.605819454186
456,9665,-1.0,11806.38509870869
456,9666,-1.0,11815.668617277093
456,9667,-1.0,11811.256973407995
456,9668,-1.0,11806.042368591776
456,9669,-1.0,11801.229685704762
456,9670,0.0,11797.689316799051
456,9671,1.0,11795.819994398355
456,9672,0.0,11792.281248400035
456,9673,1.0,11780.84575256445
456,9674,1.0,11777.945698724643
456,9675,1.0,11776.04550827368
456,9676,1.0,11767.01645548564
456,9677,1.0,11763.44810899897
456,9678,1.0,11760.261424157712
456,9679,1.0,11756.131260772556
456,9680,1.0,11754.227231672243
456,9681,0.0,11750.70096350274
456,9682,0.0,11750.70096350274
456,9683,0.0,11750.70096350274
456,9684,1.0,11750.651808020792
456,9685,1.0,11748.508664495543
456,9686,0.0,11744.984111896194
456,9687,0.0,11744.984111896194
456,9688,0.0,11744.984111896194
456,9689,0.0,11744.984111896194
456,9690,0.0,11744.984111896194
456,9691,-1.0,11748.955712100695
456,9692,-1.0,11755.9056997459
456,9693,-1.0,11764.172909728548
456,9694,-1.0,11771.94054068127
456,9695,-1.0,11781.451775075786
456,9696,-1.0,11787.627351896856
456,9697,-1.0,11792.9866436555
456,9698,-1.0,11797.417801517942
456,9699,-1.0,11802.080466665246
456,9700,-1.0,11802.949005932212
456,9701,-1.0,11806.866560261324
456,9702,-1.0,11806.536669460673
456,9703,-1.0,11806.008092656357
456,9704,-1.0,11808.991153454228
456,9705,-1.0,11806.529261292068
456,9706,-1.0,11800.551638046147
456,9707,-1.0,11799.913499038828
456,9708,-1.0,11793.315608900608
456,9709,-1.0,11781.620005008199
456,9710,-1.0,11778.403567395586
456,9711,-1.0,11777.314076309003
456,9712,-1.0,11778.17735906161
456,9713,-1.0,11778.994368701698
456,9714,-1.0,11784.083121220328
456,9715,-1.0,11784.444018544611
456,9716,-1.0,11793.775822469697
456,9717,-1.0,11797.343874252281
456,9718,-1.0,11805.963602579384
456,9719,-1.0,11815.193685156515
456,9720,-1.0,11830.285425366816
456,9721,-1.0,11834.242559957682
456,9722,-1.0,11831.376034878795
456,9723,-1.0,11824.42472416373
456,9724,-1.0,11808.771745374976
456,9725,-1.0,11781.79328050702
456,9726,-1.0,11757.697135256542
456,9727,-1.0,11735.166063716655
456,9728,-1.0,11721.719436461552
456,9729,-1.0,11717.496955772065
456,9730,-1.0,11729.38047333806
456,9731,-1.0,11739.930537427505
456,9732,-1.0,11762.127535248752
456,9733,-1.0,11784.651403233434
456,9734,-1.0,11804.543380895055
456,9735,-1.0,11814.889774346704
456,9736,-1.0,11821.613006040987
456,9737,-1.0,11826.471798578319
456,9738,-1.0,11820.297043935177
456,9739,-1.0,11818.257595773171
456,9740,-1.0,11816.009350684277
456,9741,-1.0,11812.64372702709
456,9742,-1.0,11802.05609553758
456,9743,-1.0,11801.031403153025
456,9744,-1.0,11798.197635726754
456,9745,0.0,11794.658176436036
456,9746,1.0,11788.983463492474
456,9747,0.0,11785.446768453427
456,9748,0.0,11785.446768453427
456,9749,0.0,11785.446768453427
456,9750,-1.0,11776.452872076907
456,9751,-1.0,11769.479505513758
456,9752,-1.0,11765.448894624049
456,9753,-1.0,11770.876055714696
456,9754,-1.0,11774.527130069446
456,9755,-1.0,11775.21288365689
456,9756,-1.0,11775.188135028928
456,9757,-1.0,11773.543835717122
456,9758,-1.0,11767.569216999966
456,9759,-1.0,11764.635547875423
456,9760,-1.0,11763.745471605851
456,9761,-1.0,11761.269492119227
456,9762,-1.0,11760.594984296387
456,9763,-1.0,11761.128269173754
456,9764,-1.0,11762.194850495564
456,9765,-1.0,11764.302886526226
456,9766,-1.0,11765.199885415583
456,9767,-1.0,11765.620244852758
456,9768,-1.0,11764.100901177902
456,9769,-1.0,11760.914190144465
456,9770,-1.0,11758.442282161874
456,9771,-1.0,11758.756452311134
456,9772,-1.0,11758.784697302073
456,9773,-1.0,11758.459859235521
456,9774,-1.0,11762.816235468896
456,9775,-1.0,11772.117221231862
456,9776,-1.0,11778.42577078466
456,9777,-1.0,11782.411449016834
456,9778,-1.0,11783.80536005438
456,9779,-1.0,11781.742000881899
456,9780,-1.0,11779.579301484147
456,9781,-1.0,11781.730610845389
456,9782,-1.0,11786.108017258355
456,9783,-1.0,11788.415689091753
456,9784,-1.0,11796.667369123821
456,9785,-1.0,11801.149820309227
456,9786,-1.0,11810.984939112745
456,9787,-1.0,11804.934178391622
456,9788,0.0,11801.392698138105
456,9789,1.0,11791.90859140669
456,9790,0.0,11788.37101882927
456,9791,0.0,11788.37101882927
456,9792,1.0,11765.239364340985
456,9793,0.0,11761.709792531683
456,9794,0.0,11761.709792531683
456,9795,1.0,11757.19046823519
456,9796,1.0,11762.31954912523
456,9797,1.0,11767.814501978139
456,9798,1.0,11763.483986558957
456,9799,1.0,11770.289398738863
456,9800,1.0,11785.815298746918
456,9801,1.0,11798.333989347539
456,9802,1.0,11816.763038088435
456,9803,1.0,11849.243291504225
456,9804,1.0,11870.398261147398
456,9805,0.0,11866.837141669055
456,9806,-1.0,11845.18144348677
456,9807,-1.0,11835.75095733612
456,9808,-1.0,11785.522287775168
456,9809,-1.0,11711.399459252685
456,9810,-1.0,11621.51847129648
456,9811,-1.0,11510.477656124785
456,9812,-1.0,11411.269457897732
456,9813,-1.0,11350.808010973107
456,9814,-1.0,11288.206229223902
456,9815,-1.0,11241.88912323858
456,9816,-1.0,11215.996326985223
456,9817,-1.0,11178.129725204231
456,9818,-1.0,11152.08667081806
456,9819,-1.0,11149.36564886952
456,9820,-1.0,11135.349073634508
456,9821,-1.0,11130.087460575673
456,9822,-1.0,11121.190086427596
456,9823,-1.0,11117.929971796188
456,9824,-1.0,11108.251696055357
456,9825,-1.0,11108.504985277626
456,9826,-1.0,11097.360394306821
456,9827,-1.0,11097.81066695653
456,9828,-1.0,11107.324241987324
456,9829,-1.0,11134.569399481577
456,9830,-1.0,11157.809043055822
456,9831,-1.0,11192.51348623973
456,9832,-1.0,11210.016565919432
456,9833,-1.0,11206.82829417549
456,9834,-1.0,11196.797649851704
456,9835,-1.0,11189.557482712546
456,9836,0.0,11186.200615467733
456,9837,1.0,11175.82655771145
456,9838,1.0,11169.159801149304
456,9839,1.0,11168.391239430068
456,9840,1.0,11164.403434535636
456,9841,1.0,11161.83353923218
456,9842,1.0,11163.201868949383
456,9843,1.0,11162.47660009433
456,9844,1.0,11166.350483604661
456,9845,1.0,11173.012339381756
456,9846,1.0,11178.674423561304
456,9847,1.0,11191.988510972013
456,9848,1.0,11202.062863961593
456,9849,1.0,11206.646673445774
456,9850,1.0,11210.544177513006
456,9851,1.0,11217.685178869782
456,9852,1.0,11220.74783233209
456,9853,1.0,11223.558322540744
456,9854,1.0,11226.928182062493
456,9855,1.0,11227.790013997103
456,9856,1.0,11226.845008793756
456,9857,1.0,11225.208044235646
456,9858,1.0,11222.98593367783
456,9859,1.0,11216.900368240598
456,9860,1.0,11208.579622553558
456,9861,1.0,11204.304119055885
456,9862,1.0,11203.8159368218
456,9863,1.0,11201.770304989363
456,9864,1.0,11199.140104730093
456,9865,1.0,11205.108857056779
456,9866,1.0,11207.368026555361
456,9867,1.0,11204.11576841158
456,9868,1.0,11199.352699816329
456,9869,1.0,11197.957870115919
456,9870,1.0,11189.231194687309
456,9871,1.0,11179.913933640151
456,9872,1.0,11169.700897121236
456,9873,1.0,11163.996372358515
456,9874,1.0,11156.884450274272
456,9875,1.0,11152.998752533786
456,9876,1.0,11151.711572420028
456,9877,1.0,11155.7359318638
456,9878,1.0,11161.843400288257
456,9879,1.0,11173.423629418425
456,9880,1.0,11182.817446635121
456,9881,1.0,11188.172982952306
456,9882,1.0,11189.50727277327
456,9883,1.0,11186.036137111945
456,9884,1.0,11176.313151351009
456,9885,0.0,11172.960257405604
456,9886,0.0,11172.960257405604
456,9887,1.0,11169.114550437578
456,9888,1.0,11172.431329099789
456,9889,1.0,11177.722084646859
456,9890,0.0,11174.368768021466
456,9891,0.0,11174.368768021466
456,9892,0.0,11174.368768021466
456,9893,0.0,11174.368768021466
456,9894,0.0,11174.368768021466
456,9895,-1.0,11182.926791310803
456,9896,-1.0,11197.67023211058
456,9897,-1.0,11201.978218526601
456,9898,-1.0,11204.782339539992
456,9899,-1.0,11210.3681310753
456,9900,-1.0,11214.268749640325
456,9901,0.0,11210.904469015433
456,9902,1.0,11207.481270757677
456,9903,1.0,11207.780865183568
456,9904,1.0,11213.121233048374
456,9905,1.0,11214.799628164232
456,9906,1.0,11216.231677754673
456,9907,1.0,11217.823834944007
456,9908,1.0,11219.323149325874
456,9909,0.0,11215.957352381076
456,9910,0.0,11215.957352381076
456,9911,0.0,11215.957352381076
456,9912,-1.0,11208.146589806554
456,9913,-1.0,11197.968064925142
456,9914,-1.0,11191.699137206038
456,9915,-1.0,11196.122598445187
456,9916,-1.0,11202.416901865323
456,9917,-1.0,11215.04517612706
456,9918,-1.0,11233.12357884664
456,9919,-1.0,11245.203622848505
456,9920,-1.0,11249.429507964935
456,9921,-1.0,11250.903661489992
456,9922,-1.0,11253.695183549871
456,9923,-1.0,11254.026276779972
456,9924,-1.0,11259.042375980456
456,9925,-1.0,11260.705332490246
456,9926,-1.0,11260.681906704523
456,9927,-1.0,11256.163623969589
456,9928,-1.0,11256.568394158412
456,9929,-1.0,11254.520450699389
456,9930,-1.0,11251.503135010267
456,9931,-1.0,11248.831439516867
456,9932,-1.0,11253.015639886204
456,9933,-1.0,11257.15934259746
456,9934,-1.0,11262.268501257899
456,9935,-1.0,11272.595939168918
456,9936,-1.0,11285.199251449356
456,9937,-1.0,11295.502940161918
456,9938,-1.0,11297.763046809003
456,9939,-1.0,11300.067645259958
456,9940,-1.0,11305.330750051786
456,9941,-1.0,11309.594727518941
456,9942,-1.0,11308.918485584996
456,9943,-1.0,11310.909333154897
456,9944,-1.0,11310.603202943275
456,9945,-1.0,11299.355501909808
456,9946,-1.0,11286.703359366426
456,9947,-1.0,11279.716657435032
456,9948,-1.0,11275.07357982282
456,9949,-1.0,11269.419883453407
456,9950,-1.0,11268.17034314527
456,9951,-1.0,11265.27326858746
456,9952,-1.0,11258.418009743426
456,9953,-1.0,11248.674565082516
456,9954,-1.0,11239.161478744734
456,9955,-1.0,11234.878817951841
456,9956,-1.0,11231.4001365238
456,9957,-1.0,11228.6105473268
456,9958,-1.0,11229.837961369501
456,9959,-1.0,11227.970153499482
456,9960,-1.0,11221.264770429987
456,9961,-1.0,11217.271371442594
456,9962,-1.0,11215.482192588443
456,9963,-1.0,11217.108125107974
456,9964,-1.0,11228.560228094186
456,9965,-1.0,11235.075245860271
456,9966,-1.0,11243.102392217204
456,9967,-1.0,11250.15758103761
456,9968,-1.0,11250.241146401117
456,9969,-1.0,11244.02076736393
456,9970,-1.0,11243.770213020434
456,9971,-1.0,11241.615092113158
456,9972,-1.0,11241.05053098441
456,9973,-1.0,11240.462702703959
456,9974,-1.0,11239.915018683649
456,9975,-1.0,11242.903808774658
456,9976,-1.0,11243.488374405615
456,9977,-1.0,11243.464987494088
456,9978,-1.0,11246.865592174281
456,9979,-1.0,11249.91951847811
456,9980,-1.0,11253.680721643592
456,9981,-1.0,11256.790409804405
456,9982,-1.0,11258.282249918297
456,9983,-1.0,11258.282249918297
456,9984,-1.0,11261.022276849966
456,9985,-1.0,11259.345073771103
456,9986,0.0,11255.967270248972
456,9987,1.0,11257.541275122718
456,9988,1.0,11265.738166957908
456,9989,1.0,11277.237282645825
456,9990,1.0,11289.267724869162
456,9991,1.0,11301.440856212623
456,9992,0.0,11298.05042395576
456,9993,0.0,11298.05042395576
456,9994,0.0,11298.05042395576
456,9995,0.0,11298.05042395576
456,9996,0.0,11298.05042395576
456,9997,-1.0,11293.919789095346
456,9998,-1.0,11289.177595483283
456,9999,-1.0,11279.588772321307
456,10000,-1.0,11275.365779980597
456,10001,-1.0,11278.227582802258
456,10002,-1.0,11285.237941521602
456,10003,-1.0,11289.686421753653
456,10004,-1.0,11289.545670814565
456,10005,-1.0,11292.671803985471
456,10006,-1.0,11296.142289643125
456,10007,-1.0,11290.958452118204
456,10008,-1.0,11290.083376869263
456,10009,-1.0,11296.226289664339
456,10010,-1.0,11303.691261707883
456,10011,-1.0,11308.458812382622
456,10012,-1.0,11315.398459608712
456,10013,-1.0,11323.139382637688
456,10014,-1.0,11329.253190892077
456,10015,-1.0,11335.792484307998
456,10016,-1.0,11340.82148362998
456,10017,0.0,11337.419237184891
456,10018,1.0,11328.739386288848
456,10019,1.0,11324.652562551883
456,10020,1.0,11325.975456179229
456,10021,1.0,11328.241421556844
456,10022,1.0,11326.120285832136
456,10023,1.0,11324.049686011931
456,10024,1.0,11320.686819725126
456,10025,1.0,11313.759170858568
456,10026,1.0,11307.30286839197
456,10027,1.0,11303.272683945605
456,10028,1.0,11300.6244905543
456,10029,1.0,11306.760337635817
456,10030,1.0,11314.5882102377
456,10031,1.0,11326.701576796977
456,10032,1.0,11341.784624148633
456,10033,1.0,11357.24933389676
456,10034,1.0,11365.4917471608
456,10035,0.0,11362.082099636653
456,10036,-1.0,11354.164027699044
456,10037,-1.0,11352.542128532961
456,10038,-1.0,11350.677692223682
456,10039,-1.0,11353.310343559791
456,10040,-1.0,11361.57312898725
456,10041,-1.0,11360.851126268897
456,10042,-1.0,11362.746997119497
456,10043,-1.0,11365.162760162679
456,10044,-1.0,11365.77380840033
456,10045,-1.0,11365.79407249111
456,10046,-1.0,11371.615746670353
456,10047,-1.0,11372.05140491042
456,10048,-1.0,11371.017904777545
456,10049,-1.0,11369.423546365064
456,10050,-1.0,11361.068666486803
456,10051,-1.0,11356.714646606946
456,10052,-1.0,11354.363735560297
456,10053,-1.0,11346.837672873065
456,10054,-1.0,11337.65044690188
456,10055,-1.0,11330.981363770661
456,10056,-1.0,11320.411958226572
456,10057,-1.0,11309.43355392621
456,10058,-1.0,11306.060447882997
456,10059,-1.0,11306.335590185749
456,10060,-1.0,11308.885581334476
456,10061,-1.0,11315.07609005813
456,10062,-1.0,11319.959917270176
456,10063,-1.0,11322.911991906843
456,10064,-1.0,11324.743451771312
456,10065,-1.0,11330.094915992144
456,10066,-1.0,11335.38558070047
456,10067,-1.0,11348.60296922175
456,10068,-1.0,11361.515201494729
456,10069,-1.0,11372.823124600263
456,10070,-1.0,11382.482316225964
456,10071,-1.0,11394.42581132326
456,10072,-1.0,11404.057639892395
456,10073,0.0,11400.636422600428
456,10074,1.0,11395.427650975515
456,10075,1.0,11391.722350708764
456,10076,1.0,11393.104186103388
456,10077,1.0,11404.196496663366
456,10078,1.0,11416.398251393697
456,10079,1.0,11426.633963669281
456,10080,1.0,11447.235244137155
456,10081,1.0,11468.54107123443
456,10082,1.0,11484.840710480405
456,10083,1.0,11503.47646643928
456,10084,0.0,11500.02542349935
456,10085,0.0,11500.02542349935
456,10086,0.0,11500.02542349935
456,10087,-1.0,11490.318504950164
456,10088,-1.0,11496.396133153
456,10089,-1.0,11494.820589752191
456,10090,-1.0,11497.239680452765
456,10091,-1.0,11493.838074728143
456,10092,-1.0,11487.874196533234
456,10093,-1.0,11477.585987294357
456,10094,-1.0,11468.49671752961
456,10095,-1.0,11463.78420258104
456,10096,-1.0,11460.695875637499
456,10097,-1.0,11457.469351312046
456,10098,-1.0,11457.40483187911
456,10099,-1.0,11454.637461736484
456,10100,-1.0,11455.604916831879
456,10101,-1.0,11461.67707046676
456,10102,-1.0,11471.887868629947
456,10103,-1.0,11475.505483231025
456,10104,-1.0,11480.058202936081
456,10105,-1.0,11479.88808293775
456,10106,-1.0,11477.2846658887
456,10107,-1.0,11472.812687575402
456,10108,-1.0,11471.608605964164
456,10109,-1.0,11473.502563936112
456,10110,-1.0,11476.838362947936
456,10111,-1.0,11481.093619554093
456,10112,0.0,11477.649291468228
456,10113,1.0,11473.314558101389
456,10114,1.0,11471.008442214776
456,10115,1.0,11471.399517693513
456,10116,1.0,11473.719090398168
456,10117,1.0,11474.515091481398
456,10118,1.0,11476.73985059092
456,10119,1.0,11480.745240918588
456,10120,1.0,11482.38228920566
456,10121,1.0,11484.795513349038
456,10122,1.0,11489.27958434875
456,10123,1.0,11489.262556901838
456,10124,1.0,11487.130666872648
456,10125,1.0,11480.40271487337
456,10126,1.0,11472.002190987272
456,10127,1.0,11465.56326971878
456,10128,1.0,11460.829208377007
456,10129,1.0,11457.380464173626
456,10130,1.0,11455.22612829172
456,10131,1.0,11452.742611522397
456,10132,1.0,11448.209164831944
456,10133,1.0,11447.570957004216
456,10134,1.0,11448.894955711448
456,10135,1.0,11452.885406468942
456,10136,1.0,11457.828719776022
456,10137,1.0,11460.500092867336
456,10138,1.0,11459.439743214705
456,10139,1.0,11458.450926610494
456,10140,1.0,11455.40311919648
456,10141,1.0,11449.20745324947
456,10142,0.0,11445.772691013495
456,10143,-1.0,11452.169440466994
456,10144,-1.0,11462.558209760962
456,10145,-1.0,11471.57814681625
456,10146,-1.0,11479.783704947831
456,10147,-1.0,11486.55804237909
456,10148,-1.0,11488.426463446809
456,10149,-1.0,11489.817734354865
456,10150,-1.0,11490.428244290917
456,10151,0.0,11486.98111581763
456,10152,1.0,11478.239215748152
456,10153,1.0,11470.319924691736
456,10154,1.0,11459.311508442626
456,10155,0.0,11455.873714990094
456,10156,0.0,11455.873714990094
456,10157,0.0,11455.873714990094
456,10158,-1.0,11456.517534490511
456,10159,-1.0,11456.17371174933
456,10160,0.0,11452.736859635806
456,10161,0.0,11452.736859635806
456,10162,-1.0,11450.74066222957
456,10163,0.0,11447.305440030901
456,10164,0.0,11447.305440030901
456,10165,0.0,11447.305440030901
456,10166,0.0,11447.305440030901
456,10167,0.0,11447.305440030901
456,10168,-1.0,11441.884413484831
456,10169,-1.0,11440.228334958932
456,10170,-1.0,11443.538945162838
456,10171,-1.0,11445.596095316725
456,10172,-1.0,11452.25957623447
456,10173,-1.0,11455.842931215671
456,10174,-1.0,11460.530553138353
456,10175,-1.0,11461.763525661636
456,10176,-1.0,11461.647712286534
456,10177,-1.0,11461.174210701534
456,10178,-1.0,11461.170803990502
456,10179,-1.0,11463.164019007103
456,10180,-1.0,11469.583090769418
456,10181,-1.0,11491.394499691609
456,10182,-1.0,11519.040431507703
456,10183,-1.0,11543.295410790322
456,10184,-1.0,11568.875720207443
456,10185,-1.0,11599.826434410403
456,10186,-1.0,11618.822550701589
456,10187,-1.0,11628.64942121404
456,10188,-1.0,11643.623358567675
456,10189,-1.0,11649.462924812191
456,10190,0.0,11645.968085934748
456,10191,1.0,11655.957512982392
456,10192,1.0,11676.882817683705
456,10193,1.0,11733.015932067237
456,10194,1.0,11796.430019606092
456,10195,1.0,11878.241161627235
456,10196,1.0,11951.150753757523
456,10197,0.0,11947.565408531396
456,10198,0.0,11947.565408531396
456,10199,0.0,11947.565408531396
456,10200,-1.0,11925.968679676462
456,10201,-1.0,11900.26310110849
456,10202,-1.0,11893.544610261511
456,10203,-1.0,11885.385766913676
456,10204,-1.0,11908.249555976889
456,10205,-1.0,11934.313410942494
456,10206,-1.0,11975.431954605652
456,10207,-1.0,12006.69024204967
456,10208,-1.0,12033.016062730781
456,10209,-1.0,12042.694415917924
456,10210,-1.0,12055.340531597676
456,10211,-1.0,12044.901092081678
456,10212,-1.0,12042.056233045776
456,10213,-1.0,12035.014378866186
456,10214,-1.0,12021.144657537481
456,10215,-1.0,12002.547772960495
456,10216,-1.0,11994.491696567158
456,10217,-1.0,11988.173251139553
456,10218,-1.0,11984.249326080007
456,10219,0.0,11980.654051282183
456,10220,1.0,11977.577742743533
456,10221,1.0,11974.255683275183
456,10222,1.0,11975.007396684294
456,10223,1.0,11970.230931005504
456,10224,1.0,11953.374365260463
456,10225,1.0,11939.137185444224
456,10226,1.0,11931.971693694431
456,10227,1.0,11916.751206101524
456,10228,1.0,11901.666831496517
456,10229,1.0,11893.534330144581
456,10230,1.0,11882.06258486439
456,10231,1.0,11869.727676124638
456,10232,1.0,11867.482468948041
456,10233,1.0,11871.5234527928
456,10234,1.0,11879.478906621254
456,10235,1.0,11887.864077837281
456,10236,1.0,11892.7117992378
456,10237,1.0,11893.72746437459
456,10238,1.0,11892.450833576071
456,10239,1.0,11892.330966023963
456,10240,1.0,11894.407772024748
456,10241,1.0,11894.68986148961
456,10242,1.0,11904.491117640388
456,10243,1.0,11914.357956527365
456,10244,1.0,11922.439278096894
456,10245,1.0,11930.705996797384
456,10246,1.0,11945.153804266516
456,10247,1.0,11953.675589159064
456,10248,1.0,11964.127513199257
456,10249,0.0,11960.538274945298
456,10250,-1.0,11950.735457477764
456,10251,-1.0,11948.973310551472
456,10252,-1.0,11951.725528515239
456,10253,-1.0,11961.798650279025
456,10254,-1.0,11978.329048890919
456,10255,-1.0,11993.380653486734
456,10256,-1.0,12009.542760325732
456,10257,-1.0,12021.314134015496
456,10258,-1.0,12021.378245618851
456,10259,-1.0,12009.445703924519
456,10260,-1.0,11996.365353661122
456,10261,-1.0,11987.87308430823
456,10262,-1.0,11977.57896487993
456,10263,-1.0,11975.715836193724
456,10264,-1.0,11980.705005498832
456,10265,-1.0,11982.560537940344
456,10266,-1.0,11986.372831507177
456,10267,-1.0,11999.649379623157
456,10268,-1.0,12007.256657878936
456,10269,-1.0,12008.654473771834
456,10270,-1.0,12010.969879512237
456,10271,-1.0,12009.798912717974
456,10272,-1.0,11996.923200139774
456,10273,-1.0,11984.917301653222
456,10274,0.0,11981.321826462727
456,10275,1.0,11979.796660050704
456,10276,1.0,11976.097991349345
456,10277,1.0,11960.239505038218
456,10278,1.0,11931.805683456818
456,10279,0.0,11928.226141751782
456,10280,0.0,11928.226141751782
456,10281,0.0,11928.226141751782
456,10282,0.0,11928.226141751782
456,10283,0.0,11928.226141751782
456,10284,1.0,11952.764536108598
456,10285,1.0,11972.6957209735
456,10286,1.0,11983.676029336399
456,10287,1.0,11997.173923987259
456,10288,1.0,11996.59138430662
456,10289,0.0,11992.992406891328
456,10290,0.0,11992.992406891328
456,10291,-1.0,11991.241373905843
456,10292,-1.0,11989.679643642015
456,10293,-1.0,11981.926389870987
456,10294,-1.0,11973.761689623734
456,10295,-1.0,11971.62727107104
456,10296,-1.0,11964.581603984776
456,10297,-1.0,11968.232410405797
456,10298,-1.0,11978.297025097172
456,10299,-1.0,11990.448724851307
456,10300,-1.0,11994.257718453364
456,10301,-1.0,11998.816554097873
456,10302,-1.0,11997.786401495197
456,10303,-1.0,11998.62138403818
456,10304,-1.0,11999.794354939264
456,10305,-1.0,12013.87431259299
456,10306,-1.0,12031.74440978689
456,10307,-1.0,12051.896468915302
456,10308,-1.0,12073.469864587421
456,10309,-1.0,12091.67311608317
456,10310,-1.0,12094.12178475268
456,10311,-1.0,12087.095335822987
456,10312,0.0,12083.46920722224
456,10313,1.0,12084.22523038331
456,10314,1.0,12091.435816576168
456,10315,1.0,12089.603461302368
456,10316,1.0,12078.104552189783
456,10317,1.0,12063.085330282964
456,10318,1.0,12050.6667387564
456,10319,1.0,12040.560929190226
456,10320,1.0,12034.961168232156
456,10321,1.0,12037.22488495771
456,10322,1.0,12049.51038602369
456,10323,1.0,12066.270834121851
456,10324,1.0,12090.321589753257
456,10325,1.0,12113.139386890509
456,10326,1.0,12134.115609212184
456,10327,1.0,12153.59447815955
456,10328,1.0,12173.21117277585
456,10329,0.0,12169.559209424016
456,10330,-1.0,12157.91735509975
456,10331,-1.0,12151.498381604379
456,10332,-1.0,12145.547431368486
456,10333,-1.0,12146.467795334751
456,10334,-1.0,12147.56456424095
456,10335,-1.0,12152.975850505056
456,10336,-1.0,12158.10119806262
456,10337,-1.0,12161.825239016116
456,10338,-1.0,12158.703810948151
456,10339,-1.0,12156.45746641412
456,10340,-1.0,12156.443067314396
456,10341,-1.0,12156.504255059312
456,10342,-1.0,12161.808793158032
456,10343,-1.0,12164.544287238972
456,10344,-1.0,12166.053095903055
456,10345,-1.0,12171.320114630844
456,10346,-1.0,12190.733257321006
456,10347,-1.0,12211.522200662737
456,10348,-1.0,12233.084842405931
456,10349,-1.0,12251.733047667372
456,10350,-1.0,12263.772281285033
456,10351,-1.0,12266.270815304992
456,10352,-1.0,12255.306441398927
456,10353,0.0,12251.629849466508
456,10354,1.0,12261.75151515213
456,10355,1.0,12280.761024723855
456,10356,1.0,12288.647376332927
456,10357,1.0,12298.208689166408
456,10358,1.0,12299.29077217341
456,10359,1.0,12289.837779590107
456,10360,1.0,12269.147657253136
456,10361,0.0,12265.46691295596
456,10362,1.0,12254.58361364451
456,10363,1.0,12252.351081496658
456,10364,1.0,12254.014382022484
456,10365,1.0,12265.48421754784
456,10366,0.0,12261.804572282577
456,10367,1.0,12265.342672448438
456,10368,1.0,12276.575313820405
456,10369,0.0,12272.89234122626
456,10370,0.0,12272.89234122626
456,10371,-1.0,12250.719173023976
456,10372,-1.0,12239.467701697262
456,10373,-1.0,12228.124093041937
456,10374,-1.0,12222.148663668999
456,10375,-1.0,12211.175336557648
456,10376,-1.0,12204.45569452345
456,10377,-1.0,12191.50550907096
456,10378,-1.0,12183.263427977477
456,10379,-1.0,12167.01551551632
456,10380,-1.0,12157.220229284192
456,10381,-1.0,12143.279711846357
456,10382,-1.0,12130.357846315597
456,10383,-1.0,12119.219398619856
456,10384,-1.0,12117.332465527976
456,10385,-1.0,12116.444707408571
456,10386,-1.0,12124.067145351259
456,10387,-1.0,12128.509824109908
456,10388,-1.0,12136.818018260852
456,10389,-1.0,12136.222881846454
456,10390,-1.0,12137.717821755548
456,10391,-1.0,12138.819076518315
456,10392,-1.0,12145.717748524166
456,10393,-1.0,12151.373472630681
456,10394,-1.0,12160.199518791855
456,10395,-1.0,12166.486416003263
456,10396,-1.0,12168.259232988737
456,10397,-1.0,12168.892186757937
456,10398,-1.0,12165.284215561405
456,10399,0.0,12161.634630296738
456,10400,1.0,12161.214266172938
456,10401,1.0,12164.331081705468
456,10402,1.0,12158.76547338446
456,10403,1.0,12151.66905991674
456,10404,1.0,12140.577997870145
456,10405,1.0,12132.469979023419
456,10406,1.0,12125.227214287155
456,10407,1.0,12121.487603410824
456,10408,1.0,12117.613086799436
456,10409,1.0,12117.835204960196
456,10410,1.0,12119.820348427422
456,10411,1.0,12124.060135489286
456,10412,1.0,12131.361634605171
456,10413,1.0,12140.605000386882
456,10414,1.0,12146.613459819433
456,10415,1.0,12153.957490450734
456,10416,1.0,12162.332228016707
456,10417,1.0,12169.824944349615
456,10418,1.0,12177.669781623612
456,10419,1.0,12183.330158745594
456,10420,1.0,12195.134204209324
456,10421,1.0,12205.97039105216
456,10422,0.0,12202.308599934846
456,10423,0.0,12202.308599934846
456,10424,0.0,12202.308599934846
456,10425,0.0,12202.308599934846
456,10426,0.0,12202.308599934846
456,10427,-1.0,12196.501525881396
456,10428,-1.0,12191.477509403308
456,10429,-1.0,12184.166382209114
456,10430,-1.0,12179.308260284137
456,10431,-1.0,12174.376731848826
456,10432,-1.0,12167.288856371772
456,10433,-1.0,12168.580812647859
456,10434,-1.0,12169.025859302823
456,10435,-1.0,12167.42110903734
456,10436,-1.0,12165.981740851095
456,10437,-1.0,12165.920747067286
456,10438,-1.0,12165.037915844705
456,10439,-1.0,12162.450843636158
456,10440,-1.0,12158.400406584653
456,10441,-1.0,12148.494875979026
456,10442,-1.0,12138.818017699965
456,10443,-1.0,12137.22469950177
456,10444,-1.0,12135.843125490741
456,10445,-1.0,12142.298905625046
456,10446,-1.0,12156.80336245825
456,10447,-1.0,12169.087039670112
456,10448,-1.0,12172.988225452847
456,10449,-1.0,12173.268194379101
456,10450,-1.0,12166.961453157
456,10451,-1.0,12160.028672813833
456,10452,0.0,12156.380664211989
456,10453,1.0,12157.736708006178
456,10454,1.0,12156.654058969913
456,10455,1.0,12156.291996245389
456,10456,1.0,12157.611299367514
456,10457,1.0,12161.501892340742
456,10458,1.0,12164.84440288171
456,10459,1.0,12169.640684571992
456,10460,1.0,12171.596534802395
456,10461,1.0,12172.716361117653
456,10462,1.0,12168.545819633535
456,10463,1.0,12163.422904289539
456,10464,1.0,12159.263709101326
456,10465,1.0,12158.259886824753
456,10466,1.0,12155.983459844581
456,10467,1.0,12157.736721030813
456,10468,1.0,12162.864413271469
456,10469,1.0,12166.68411558885
456,10470,1.0,12172.912126435165
456,10471,1.0,12176.502042982249
456,10472,1.0,12178.247237479123
456,10473,1.0,12170.592645386445
456,10474,1.0,12162.401864845222
456,10475,1.0,12149.322148379613
456,10476,1.0,12141.087352206547
456,10477,0.0,12137.445026000885
456,10478,0.0,12137.445026000885
456,10479,0.0,12137.445026000885
456,10480,1.0,12125.728723448054
456,10481,1.0,12114.112995736234
456,10482,1.0,12094.004743513007
456,10483,1.0,12078.077245993587
456,10484,1.0,12068.600040918856
456,10485,1.0,12061.131949100305
456,10486,1.0,12052.327361042235
456,10487,1.0,12053.996977473405
456,10488,1.0,12056.407689279036
456,10489,1.0,12065.782709596975
456,10490,1.0,12070.106320509067
456,10491,1.0,12074.889641706752
456,10492,1.0,12073.423966402408
456,10493,1.0,12073.434664101958
456,10494,1.0,12069.389300760704
456,10495,1.0,12064.210542800263
456,10496,1.0,12065.775062497778
456,10497,1.0,12063.430042120286
456,10498,1.0,12053.090375732923
456,10499,1.0,12043.743434652912
456,10500,1.0,12044.33052714396
456,10501,0.0,12040.717227985817
456,10502,0.0,12040.717227985817
456,10503,0.0,12040.717227985817
456,10504,0.0,12040.717227985817
456,10505,0.0,12040.717227985817
456,10506,-1.0,12041.072306215565
456,10507,-1.0,12047.17070931571
456,10508,-1.0,12055.105238316723
456,10509,-1.0,12061.617232612885
456,10510,-1.0,12067.10275572962
456,10511,-1.0,12068.597363478393
456,10512,-1.0,12069.093306435887
456,10513,-1.0,12071.430679779542
456,10514,-1.0,12077.002064429926
456,10515,-1.0,12086.31753196421
456,10516,-1.0,12096.050943414139
456,10517,-1.0,12105.9891986145
456,10518,-1.0,12114.284316580892
456,10519,-1.0,12123.34682783407
456,10520,-1.0,12132.321454171619
456,10521,-1.0,12143.273620009877
456,10522,-1.0,12153.230132675122
456,10523,-1.0,12168.23132831194
456,10524,-1.0,12179.358181169355
456,10525,-1.0,12190.807939066824
456,10526,-1.0,12197.010367087587
456,10527,-1.0,12202.551134811532
456,10528,-1.0,12199.622494734595
456,10529,-1.0,12200.587616136294
456,10530,-1.0,12194.957647264826
456,10531,-1.0,12189.299175063145
456,10532,0.0,12185.642385310626
456,10533,0.0,12185.642385310626
456,10534,-1.0,12169.861524356245
456,10535,-1.0,12162.770217431864
456,10536,-1.0,12156.145918793378
456,10537,-1.0,12150.30150712904
456,10538,-1.0,12153.211383281923
456,10539,-1.0,12152.707713590842
456,10540,-1.0,12149.660241182184
456,10541,-1.0,12146.042384976627
456,10542,-1.0,12131.56020194358
456,10543,-1.0,12119.361116302432
456,10544,-1.0,12109.427407734742
456,10545,-1.0,12103.513398889685
456,10546,-1.0,12105.185984024465
456,10547,-1.0,12111.099988075175
456,10548,-1.0,12114.80790852503
456,10549,-1.0,12127.538970529158
456,10550,-1.0,12136.953505300824
456,10551,-1.0,12149.945567252584
456,10552,-1.0,12162.631965159866
456,10553,-1.0,12180.471599664284
456,10554,-1.0,12189.044007179506
456,10555,-1.0,12198.340414218545
456,10556,-1.0,12199.149945795238
456,10557,-1.0,12202.665618818019
456,10558,-1.0,12194.102867152471
456,10559,-1.0,12183.282002623117
456,10560,-1.0,12166.391276777968
456,10561,-1.0,12146.770600617072
456,10562,-1.0,12124.742633471835
456,10563,0.0,12121.105210681793
456,10564,0.0,12121.105210681793
456,10565,0.0,12121.105210681793
456,10566,0.0,12121.105210681793
456,10567,0.0,12121.105210681793
456,10568,-1.0,12110.154275456724
456,10569,-1.0,12110.089835022456
456,10570,-1.0,12108.464224946818
456,10571,-1.0,12107.497926199047
456,10572,-1.0,12113.672010659531
456,10573,-1.0,12115.107380404166
456,10574,-1.0,12108.771761438957
456,10575,-1.0,12101.67665999757
456,10576,-1.0,12097.44912754487
456,10577,-1.0,12091.67752722546
456,10578,-1.0,12088.818807315245
456,10579,-1.0,12091.636981004693
456,10580,-1.0,12098.53211776347
456,10581,-1.0,12104.422753047225
456,10582,-1.0,12112.630397646395
456,10583,-1.0,12122.726039621613
456,10584,-1.0,12131.42121222983
456,10585,-1.0,12146.25460172616
456,10586,-1.0,12163.968954512058
456,10587,-1.0,12183.371248718808
456,10588,-1.0,12198.786985741945
456,10589,-1.0,12210.595150688272
456,10590,0.0,12206.931972143066
456,10591,1.0,12202.225600487414
456,10592,1.0,12200.718803613561
456,10593,1.0,12193.017273451533
456,10594,1.0,12188.310436635304
456,10595,1.0,12180.610737105666
456,10596,1.0,12175.364030244848
456,10597,1.0,12172.417999540117
456,10598,1.0,12173.222192613048
456,10599,1.0,12170.803191264516
456,10600,1.0,12174.354314733448
456,10601,1.0,12175.670389817604
456,10602,1.0,12176.189779974624
456,10603,1.0,12173.653970274658
456,10604,1.0,12171.209160948263
456,10605,1.0,12165.208050984738
456,10606,1.0,12158.312699784692
456,10607,1.0,12155.179324817987
456,10608,1.0,12161.863990649215
456,10609,1.0,12168.745997317728
456,10610,1.0,12174.518112043128
456,10611,1.0,12178.378017835903
456,10612,0.0,12174.724504430553
456,10613,0.0,12174.724504430553
456,10614,0.0,12174.724504430553
456,10615,0.0,12174.724504430553
456,10616,0.0,12174.724504430553
456,10617,-1.0,12150.091516552158
456,10618,-1.0,12134.623786297381
456,10619,-1.0,12121.780405512161
456,10620,-1.0,12115.809660689682
456,10621,-1.0,12114.26908338642
456,10622,-1.0,12116.866083025116
456,10623,-1.0,12118.249345785896
456,10624,-1.0,12109.655122304403
456,10625,-1.0,12108.061718860577
456,10626,-1.0,12103.021090509206
456,10627,-1.0,12092.78727139963
456,10628,-1.0,12088.54868128827
456,10629,-1.0,12106.336634827712
456,10630,-1.0,12110.653185898678
456,10631,-1.0,12130.156616497397
456,10632,-1.0,12158.054813734287
456,10633,-1.0,12173.099530362146
456,10634,-1.0,12176.36014115593
456,10635,-1.0,12190.196013483515
456,10636,-1.0,12188.485542826551
456,10637,-1.0,12176.760121228936
456,10638,-1.0,12166.468114083214
456,10639,-1.0,12151.689572611558
456,10640,0.0,12148.044065739776
456,10641,1.0,12156.311893205298
456,10642,1.0,12167.523909904905
456,10643,1.0,12177.889403297853
456,10644,1.0,12183.3231526479
456,10645,1.0,12191.371967524632
456,10646,0.0,12187.714555934375
456,10647,0.0,12187.714555934375
456,10648,-1.0,12169.07378219069
456,10649,-1.0,12148.680591064636
456,10650,-1.0,12141.026003416433
456,10651,-1.0,12136.150027421485
456,10652,-1.0,12128.479217196562
456,10653,-1.0,12128.106884168788
456,10654,-1.0,12126.922374995716
456,10655,-1.0,12121.806604073296
456,10656,-1.0,12124.687026025442
456,10657,-1.0,12127.514311962628
456,10658,-1.0,12127.26731056233
456,10659,-1.0,12130.43740096397
456,10660,-1.0,12131.58283877032
456,10661,-1.0,12124.354562827559
456,10662,-1.0,12115.240953444216
456,10663,-1.0,12105.88604672529
456,10664,-1.0,12096.518674014213
456,10665,-1.0,12077.527223216757
456,10666,-1.0,12056.739476746938
456,10667,-1.0,12039.346023852962
456,10668,-1.0,12014.25542643485
456,10669,-1.0,11998.493406111687
456,10670,-1.0,11992.762615585007
456,10671,-1.0,11987.187976173767
456,10672,-1.0,11981.061118661668
456,10673,-1.0,11985.648902046658
456,10674,-1.0,11982.193270137
456,10675,-1.0,11977.044671494137
456,10676,-1.0,11976.519229645974
456,10677,-1.0,11977.460774395
456,10678,-1.0,11979.724878739928
456,10679,-1.0,11982.221991389088
456,10680,-1.0,11985.453041331612
456,10681,-1.0,11988.66422782597
456,10682,-1.0,11991.438995108778
456,10683,-1.0,11995.521322793447
456,10684,-1.0,12007.62679655545
456,10685,-1.0,12016.554639199821
456,10686,-1.0,12019.265422327893
456,10687,0.0,12015.659642701195
456,10688,1.0,12015.307987367827
456,10689,1.0,12022.511973989027
456,10690,1.0,12028.127306613105
456,10691,1.0,12032.212487773173
456,10692,1.0,12033.258007104017
456,10693,1.0,12032.37555405131
456,10694,1.0,12032.591780064697
456,10695,1.0,12033.892469015962
456,10696,1.0,12031.993108285738
456,10697,1.0,12033.42124390586
456,10698,1.0,12033.183776047765
456,10699,1.0,12034.403209037997
456,10700,1.0,12034.30751396427
456,10701,1.0,12031.865515299012
456,10702,1.0,12028.637566362015
456,10703,1.0,12029.548106413919
456,10704,1.0,12028.71539959393
456,10705,1.0,12027.450686065662
456,10706,1.0,12032.651757989282
456,10707,1.0,12034.672114610943
456,10708,1.0,12033.094827125271
456,10709,1.0,12034.583610880893
456,10710,1.0,12033.435122925841
456,10711,1.0,12029.590756094527
456,10712,1.0,12031.397680204445
456,10713,1.0,12036.493903925264
456,10714,1.0,12041.205588909013
456,10715,1.0,12046.891437967573
456,10716,1.0,12050.542629281883
456,10717,1.0,12056.351730528639
456,10718,1.0,12059.624658446795
456,10719,0.0,12056.006771049262
456,10720,0.0,12056.006771049262
456,10721,0.0,12056.006771049262
456,10722,0.0,12056.006771049262
456,10723,0.0,12056.006771049262
456,10724,-1.0,12058.527782835565
456,10725,-1.0,12055.268428501964
456,10726,-1.0,12056.478583348204
456,10727,-1.0,12053.972379219513
456,10728,-1.0,12052.900398506126
456,10729,-1.0,12052.588107487114
456,10730,-1.0,12057.764328700305
456,10731,-1.0,12052.659525813127
456,10732,-1.0,12051.233228883653
456,10733,-1.0,12045.548559259196
456,10734,-1.0,12040.764324017837
456,10735,-1.0,12032.534454304452
456,10736,-1.0,12031.369463572251
456,10737,-1.0,12027.523594433473
456,10738,-1.0,12025.261641952851
456,10739,-1.0,12021.662350493181
456,10740,-1.0,12029.792182618105
456,10741,-1.0,12037.455969930692
456,10742,-1.0,12047.005135052425
456,10743,-1.0,12054.247363036575
456,10744,-1.0,12067.830823875409
456,10745,-1.0,12071.78262286603
456,10746,-1.0,12072.234041321766
456,10747,-1.0,12066.577990770664
456,10748,-1.0,12069.509045812849
456,10749,-1.0,12066.320128326417
456,10750,-1.0,12061.38293461269
456,10751,0.0,12057.764519732305
456,10752,1.0,12050.044425098453
456,10753,1.0,12042.056103651477
456,10754,1.0,12028.244165270664
456,10755,1.0,12012.295307599468
456,10756,1.0,11987.732317591388
456,10757,0.0,11984.135997896112
456,10758,0.0,11984.135997896112
456,10759,1.0,11970.52098395817
456,10760,1.0,11958.788885226353
456,10761,1.0,11949.265357396005
456,10762,1.0,11935.13706861182
456,10763,1.0,11920.746094567532
456,10764,1.0,11909.743924019991
456,10765,1.0,11900.678643181172
456,10766,1.0,11894.833193826169
456,10767,1.0,11894.524116513005
456,10768,1.0,11891.454144848665
456,10769,1.0,11892.486648289609
456,10770,1.0,11897.516716614575
456,10771,1.0,11899.270044427507
456,10772,1.0,11899.705736219112
456,10773,1.0,11901.326147003057
456,10774,1.0,11903.874178852006
456,10775,1.0,11907.473021111526
456,10776,1.0,11920.936188090809
456,10777,1.0,11934.843360838015
456,10778,1.0,11954.152707542065
456,10779,0.0,11950.566461729803
456,10780,0.0,11950.566461729803
456,10781,0.0,11950.566461729803
456,10782,0.0,11950.566461729803
456,10783,0.0,11950.566461729803
456,10784,-1.0,11950.74100932141
456,10785,-1.0,11955.138213267297
456,10786,-1.0,11956.569236463038
456,10787,-1.0,11960.327725974446
456,10788,-1.0,11966.542418757319
456,10789,-1.0,11968.896565188232
456,10790,-1.0,11970.636880906504
456,10791,-1.0,11979.093993316093
456,10792,-1.0,11981.76181625871
456,10793,-1.0,11979.516948264449
456,10794,-1.0,11976.053650865242
456,10795,-1.0,11972.701140685864
456,10796,-1.0,11965.497793822866
456,10797,-1.0,11958.560722760667
456,10798,-1.0,11951.724003998259
456,10799,-1.0,11950.155486371865
456,10800,-1.0,11950.84972439436
456,10801,-1.0,11952.403903715018
456,10802,-1.0,11956.305424860544
456,10803,-1.0,11963.12284868588
456,10804,-1.0,11965.22886021464
456,10805,-1.0,11968.157682205396
456,10806,-1.0,11970.416740894381
456,10807,-1.0,11972.648252944367
456,10808,-1.0,11970.797552984966
456,10809,-1.0,11973.134771976225
456,10810,-1.0,11974.081320388323
456,10811,-1.0,11980.460461117467
456,10812,-1.0,11985.829358813311
456,10813,-1.0,11992.705346595572
456,10814,-1.0,11995.563803503144
456,10815,-1.0,11990.478557964581
456,10816,-1.0,11978.768286868948
456,10817,-1.0,11969.041906172115
456,10818,-1.0,11965.915831969722
456,10819,-1.0,11956.736185660193
456,10820,-1.0,11959.867135156352
456,10821,-1.0,11961.1507580331
456,10822,-1.0,11950.123742794123
456,10823,-1.0,11929.053662555658
456,10824,-1.0,11918.896397358512
456,10825,-1.0,11902.341408454215
456,10826,-1.0,11887.56493397835
456,10827,-1.0,11884.472151098502
456,10828,-1.0,11884.234134671717
456,10829,-1.0,11877.162390821983
456,10830,-1.0,11873.39457398583
456,10831,-1.0,11874.68495736282
456,10832,-1.0,11873.009472694557
456,10833,-1.0,11876.170575998145
456,10834,-1.0,11885.271724644823
456,10835,-1.0,11889.194905610935
456,10836,-1.0,11891.198054185908
456,10837,-1.0,11891.07897766924
456,10838,-1.0,11886.668637718261
456,10839,-1.0,11876.38973364255
456,10840,-1.0,11874.03540809973
456,10841,-1.0,11873.3147928555
456,10842,-1.0,11873.13994543087
456,10843,-1.0,11874.276297718052
456,10844,-1.0,11879.026693416023
456,10845,-1.0,11873.814169656169
456,10846,-1.0,11856.293414802412
456,10847,-1.0,11845.43016404197
456,10848,-1.0,11827.093859771909
456,10849,-1.0,11810.91875108243
456,10850,-1.0,11798.402434057582
456,10851,-1.0,11792.71772475463
456,10852,-1.0,11785.625084821098
456,10853,-1.0,11784.848776061159
456,10854,-1.0,11782.637575696754
456,10855,-1.0,11783.22311980421
456,10856,-1.0,11789.718840419799
456,10857,-1.0,11793.75097623931
456,10858,-1.0,11797.763250140126
456,10859,-1.0,11803.032628339794
456,10860,-1.0,11806.937422105177
456,10861,-1.0,11803.561402632296
456,10862,-1.0,11804.068354167772
456,10863,-1.0,11816.477425356177
456,10864,-1.0,11831.014198213164
456,10865,-1.0,11845.694137375998
456,10866,-1.0,11863.7988025223
456,10867,-1.0,11878.160732270577
456,10868,-1.0,11876.37350453249
456,10869,0.0,11872.810592481132
456,10870,1.0,11871.262987994318
456,10871,1.0,11878.102219787159
456,10872,1.0,11885.697645736745
456,10873,1.0,11887.559221848898
456,10874,1.0,11889.085152364438
456,10875,1.0,11896.195970762625
456,10876,1.0,11894.71468141063
456,10877,1.0,11895.393921611696
456,10878,1.0,11901.248444945393
456,10879,1.0,11916.76159518781
456,10880,1.0,11939.183087653857
456,10881,1.0,11969.478507568763
456,10882,1.0,11999.875331413052
456,10883,1.0,12020.610114393668
456,10884,1.0,12034.593961744804
456,10885,0.0,12030.98358355628
456,10886,0.0,12030.98358355628
456,10887,0.0,12030.98358355628
456,10888,0.0,12030.98358355628
456,10889,0.0,12030.98358355628
456,10890,-1.0,12019.52869409265
456,10891,-1.0,12006.7293895174
456,10892,-1.0,12001.144519900789
456,10893,-1.0,12015.166650762827
456,10894,-1.0,12031.172613939938
456,10895,-1.0,12050.62762059007
456,10896,-1.0,12078.302020488
456,10897,-1.0,12105.284309003437
456,10898,-1.0,12129.65419623615
456,10899,-1.0,12138.999252344427
456,10900,-1.0,12159.206259930008
456,10901,-1.0,12164.93547276903
456,10902,-1.0,12158.486848727334
456,10903,0.0,12154.839302672717
456,10904,1.0,12170.211531255445
456,10905,1.0,12204.598846204
456,10906,1.0,12227.802434628458
456,10907,1.0,12244.99818391344
456,10908,1.0,12258.559413115529
456,10909,1.0,12277.17034560435
456,10910,1.0,12280.049991592225
456,10911,0.0,12276.365976594747
456,10912,0.0,12276.365976594747
456,10913,0.0,12276.365976594747
456,10914,0.0,12276.365976594747
456,10915,-1.0,12263.99627910583
456,10916,-1.0,12260.072307949076
456,10917,-1.0,12254.315669549964
456,10918,-1.0,12254.854468557947
456,10919,-1.0,12249.791285521871
456,10920,-1.0,12241.941367689351
456,10921,-1.0,12239.324944726655
456,10922,-1.0,12235.790880774792
456,10923,-1.0,12235.11657717625
456,10924,-1.0,12237.232428804218
456,10925,-1.0,12238.268972932314
456,10926,-1.0,12246.989490551065
456,10927,-1.0,12262.964542511749
456,10928,-1.0,12281.770906885737
456,10929,-1.0,12295.128712678355
456,10930,-1.0,12313.350194962251
456,10931,-1.0,12323.452385921291
456,10932,-1.0,12320.98250910823
456,10933,-1.0,12308.40243773241
456,10934,0.0,12304.70991700109
456,10935,1.0,12314.943125449587
456,10936,1.0,12334.020686014803
456,10937,1.0,12352.663681571445
456,10938,1.0,12367.617954539182
456,10939,1.0,12382.11433997503
456,10940,1.0,12401.008542387386
456,10941,1.0,12419.95345042153
456,10942,1.0,12425.116206295997
456,10943,0.0,12421.38867143411
456,10944,0.0,12421.38867143411
456,10945,-1.0,12416.27668184727
456,10946,-1.0,12421.353082700309
456,10947,-1.0,12415.646309941594
456,10948,-1.0,12411.581378320554
456,10949,-1.0,12416.604946700798
456,10950,-1.0,12417.564551951631
456,10951,-1.0,12418.306224650101
456,10952,-1.0,12423.932650021872
456,10953,-1.0,12423.889004442497
456,10954,-1.0,12423.474335729716
456,10955,-1.0,12422.041294498942
456,10956,-1.0,12417.385706095138
456,10957,-1.0,12405.077778658986
456,10958,-1.0,12397.030154954855
456,10959,-1.0,12388.10531273178
456,10960,-1.0,12381.218803407271
456,10961,-1.0,12375.837360086312
456,10962,-1.0,12374.972116692954
456,10963,-1.0,12376.318919276022
456,10964,-1.0,12376.163225322214
456,10965,-1.0,12373.940005903152
456,10966,-1.0,12371.981497352876
456,10967,-1.0,12371.923595201415
456,10968,-1.0,12371.286485929359
456,10969,-1.0,12364.23976333232
456,10970,-1.0,12359.324613142264
456,10971,-1.0,12355.000696040936
456,10972,-1.0,12354.422471942204
456,10973,0.0,12350.716145200622
456,10974,1.0,12345.487005188928
456,10975,1.0,12342.653296421362
456,10976,1.0,12340.910064414255
456,10977,1.0,12340.390280566748
456,10978,1.0,12338.61791119975
456,10979,1.0,12334.111388451554
456,10980,1.0,12337.527522147453
456,10981,1.0,12347.201071243748
456,10982,1.0,12359.15547439676
456,10983,1.0,12364.694760208653
456,10984,1.0,12370.268636476145
456,10985,1.0,12367.979142072367
456,10986,1.0,12351.75834912385
456,10987,0.0,12348.052821619112
456,10988,0.0,12348.052821619112
456,10989,1.0,12335.22453184983
456,10990,1.0,12327.30647298131
456,10991,1.0,12324.290933977712
456,10992,1.0,12322.018917323909
456,10993,1.0,12322.39392539123
456,10994,1.0,12320.778564159667
456,10995,1.0,12319.32558557124
456,10996,1.0,12320.908466214052
456,10997,1.0,12322.26794726438
456,10998,1.0,12321.211444964618
456,10999,1.0,12322.880950630273
456,11000,1.0,12322.671776740763
456,11001,1.0,12318.899726544541
456,11002,0.0,12315.204056626579
456,11003,0.0,12315.204056626579
456,11004,1.0,12307.271664868187
456,11005,1.0,12306.43601499665
456,11006,1.0,12309.379272366956
456,11007,1.0,12309.476557697128
456,11008,1.0,12309.116238935316
456,11009,1.0,12308.709093634867
456,11010,1.0,12308.175908161393
456,11011,1.0,12306.821493777212
456,11012,0.0,12303.129447329078
456,11013,0.0,12303.129447329078
456,11014,0.0,12303.129447329078
456,11015,0.0,12303.129447329078
456,11016,0.0,12303.129447329078
456,11017,-1.0,12299.91034569553
456,11018,-1.0,12302.94601603745
456,11019,-1.0,12299.397722353877
456,11020,-1.0,12293.919998895926
456,11021,-1.0,12287.336384294429
456,11022,-1.0,12288.084627895292
456,11023,-1.0,12292.48194423703
456,11024,-1.0,12298.27868747231
456,11025,-1.0,12308.425579828827
456,11026,-1.0,12318.853048594046
456,11027,-1.0,12325.211787079501
456,11028,-1.0,12324.937379739957
456,11029,-1.0,12325.179211487726
456,11030,-1.0,12326.756920154487
456,11031,-1.0,12334.183331859836
456,11032,-1.0,12339.476560377927
456,11033,-1.0,12345.831240239513
456,11034,-1.0,12357.92910149865
456,11035,-1.0,12367.819963336953
456,11036,-1.0,12374.938525090633
456,11037,-1.0,12384.686880068743
456,11038,-1.0,12398.52380928542
456,11039,0.0,12394.804252142634
456,11040,1.0,12388.589194202625
456,11041,1.0,12387.107052631878
456,11042,1.0,12388.607501608249
456,11043,1.0,12401.424669363889
456,11044,1.0,12407.31896738143
456,11045,1.0,12417.495816767645
456,11046,1.0,12425.463663373856
456,11047,1.0,12435.852298725282
456,11048,1.0,12437.642060599634
456,11049,0.0,12433.910767981453
456,11050,-1.0,12430.63965019851
456,11051,-1.0,12425.178599974632
456,11052,-1.0,12425.928590152751
456,11053,-1.0,12426.27819365762
456,11054,-1.0,12428.812947678884
456,11055,-1.0,12432.105259674614
456,11056,-1.0,12439.207078622167
456,11057,-1.0,12448.429079547115
456,11058,-1.0,12451.741827026464
456,11059,-1.0,12451.625023969882
456,11060,-1.0,12450.665182004735
456,11061,-1.0,12452.278252245338
456,11062,-1.0,12443.047014537235
456,11063,-1.0,12437.94010362695
456,11064,-1.0,12434.556601234204
456,11065,-1.0,12435.336482676708
456,11066,-1.0,12436.506675117176
456,11067,-1.0,12447.669075737149
456,11068,-1.0,12460.67660061057
456,11069,-1.0,12471.083908032699
456,11070,-1.0,12482.64543272698
456,11071,-1.0,12491.066339590374
456,11072,-1.0,12495.004651928202
456,11073,-1.0,12496.771351943564
456,11074,-1.0,12499.384729328438
456,11075,-1.0,12499.502071231344
456,11076,-1.0,12499.05101934486
456,11077,-1.0,12499.520401025951
456,11078,-1.0,12497.939839551185
456,11079,0.0,12494.190457599321
456,11080,1.0,12490.350564333827
456,11081,1.0,12486.928134962476
456,11082,0.0,12483.182056521988
456,11083,0.0,12483.182056521988
456,11084,-1.0,12480.041433435388
456,11085,-1.0,12477.738462521569
456,11086,-1.0,12472.414533038673
456,11087,-1.0,12464.69128145544
456,11088,-1.0,12455.041918260558
456,11089,-1.0,12446.749776118455
456,11090,-1.0,12443.029528752317
456,11091,-1.0,12430.583601513978
456,11092,-1.0,12423.521735368484
456,11093,-1.0,12419.0372867854
456,11094,-1.0,12414.164897026983
456,11095,-1.0,12409.541798997181
456,11096,-1.0,12413.367262607379
456,11097,-1.0,12415.00465891116
456,11098,-1.0,12421.1438546425
456,11099,-1.0,12429.590363295072
456,11100,-1.0,12435.503603254696
456,11101,-1.0,12439.81576060603
456,11102,-1.0,12442.893737679531
456,11103,-1.0,12435.847326172872
456,11104,-1.0,12430.36874140718
456,11105,-1.0,12430.80253966257
456,11106,-1.0,12436.543397877567
456,11107,-1.0,12443.93188585037
456,11108,-1.0,12460.35220490928
456,11109,-1.0,12474.307064309533
456,11110,-1.0,12480.789707544935
456,11111,-1.0,12476.974593849634
456,11112,-1.0,12467.306246974103
456,11113,-1.0,12450.756507761154
456,11114,-1.0,12432.035098990747
456,11115,-1.0,12414.182398556308
456,11116,0.0,12410.458143836742
456,11117,1.0,12417.788860249153
456,11118,0.0,12414.06352359108
456,11119,0.0,12414.06352359108
456,11120,0.0,12414.06352359108
456,11121,-1.0,12409.222579932224
456,11122,-1.0,12412.315905582855
456,11123,-1.0,12411.675773762405
456,11124,-1.0,12411.712147819866
456,11125,-1.0,12416.214809914118
456,11126,-1.0,12425.895108893066
456,11127,-1.0,12436.901009788957
456,11128,-1.0,12449.382150318912
456,11129,-1.0,12459.389894249813
456,11130,-1.0,12462.859618892344
456,11131,-1.0,12464.37617755707
456,11132,-1.0,12468.824597105095
456,11133,-1.0,12476.029188168935
456,11134,-1.0,12483.43910399491
456,11135,-1.0,12491.912954594087
456,11136,-1.0,12499.631575876365
456,11137,0.0,12495.881686403602
456,11138,1.0,12492.00456962708
456,11139,1.0,12489.11569813362
456,11140,1.0,12484.399405747938
456,11141,1.0,12480.116910942977
456,11142,1.0,12476.886513415695
456,11143,1.0,12473.609318019779
456,11144,1.0,12472.814766289888
456,11145,1.0,12472.203352177032
456,11146,1.0,12475.018707452295
456,11147,1.0,12477.120714914377
456,11148,1.0,12479.098573664289
456,11149,1.0,12475.501141031096
456,11150,1.0,12471.600972312583
456,11151,1.0,12464.097854848198
456,11152,0.0,12460.358625491745
456,11153,-1.0,12464.29332573742
456,11154,-1.0,12460.409978472446
456,11155,-1.0,12460.329483896645
456,11156,-1.0,12453.809233942144
456,11157,-1.0,12442.482502434414
456,11158,-1.0,12431.596627036546
456,11159,-1.0,12425.69198830597
456,11160,-1.0,12410.922349732502
456,11161,-1.0,12397.780078367607
456,11162,-1.0,12388.838952837032
456,11163,-1.0,12380.717760442165
456,11164,-1.0,12375.650167602385
456,11165,-1.0,12378.7716390138
456,11166,-1.0,12384.578450440367
456,11167,-1.0,12391.412122553706
456,11168,-1.0,12399.478809344999
456,11169,-1.0,12391.452613953288
456,11170,-1.0,12376.23216047996
456,11171,-1.0,12363.591750073947
456,11172,-1.0,12340.212640394375
456,11173,-1.0,12312.298455989487
456,11174,-1.0,12295.199991829199
456,11175,-1.0,12279.294920244085
456,11176,-1.0,12270.925723663844
456,11177,-1.0,12258.806739430796
456,11178,-1.0,12249.37489726145
456,11179,-1.0,12244.021937781248
456,11180,-1.0,12243.6815644085
456,11181,-1.0,12222.797612880677
456,11182,-1.0,12205.48593154223
456,11183,-1.0,12183.180248945211
456,11184,-1.0,12157.965409550292
456,11185,-1.0,12125.996847697801
456,11186,-1.0,12098.241683563825
456,11187,-1.0,12069.952998904
456,11188,-1.0,12042.303038393447
456,11189,-1.0,12006.384138552263
456,11190,-1.0,11983.27857647119
456,11191,-1.0,11963.388526227449
456,11192,-1.0,11948.114893852462
456,11193,-1.0,11930.170438438776
456,11194,-1.0,11919.970683778565
456,11195,-1.0,11909.1550090851
456,11196,-1.0,11898.616891209884
456,11197,-1.0,11891.119414500214
456,11198,-1.0,11879.631476446117
456,11199,-1.0,11870.654913075547
456,11200,-1.0,11855.3025500365
456,11201,-1.0,11838.699571999334
456,11202,-1.0,11815.22571346509
456,11203,-1.0,11800.879359097764
456,11204,-1.0,11787.212061790999
456,11205,-1.0,11773.30628269709
456,11206,-1.0,11760.555587998131
456,11207,-1.0,11752.631854020507
456,11208,-1.0,11748.991835096755
456,11209,-1.0,11742.93451074855
456,11210,-1.0,11740.105022639756
456,11211,-1.0,11739.76092417428
456,11212,-1.0,11742.958782524292
456,11213,-1.0,11749.382087031454
456,11214,-1.0,11762.615868367855
456,11215,-1.0,11762.288132747773
456,11216,-1.0,11763.81385674147
456,11217,0.0,11760.284712584447
456,11218,1.0,11764.804565480856
456,11219,1.0,11779.218885029934
456,11220,1.0,11781.451254442156
456,11221,1.0,11789.339480957604
456,11222,1.0,11796.090530177988
456,11223,1.0,11803.66460559106
456,11224,1.0,11806.397298425694
456,11225,1.0,11810.01159642926
456,11226,1.0,11815.368691820911
456,11227,1.0,11813.919674197257
456,11228,1.0,11811.443029709813
456,11229,1.0,11809.891101186648
456,11230,1.0,11805.643059603874
456,11231,1.0,11789.160619540591
456,11232,1.0,11762.84240127972
456,11233,1.0,11749.241085999178
456,11234,1.0,11737.199573260665
456,11235,1.0,11723.73233363179
456,11236,1.0,11717.224957527022
456,11237,1.0,11723.74579632448
456,11238,1.0,11721.999537403603
456,11239,1.0,11723.966981861595
456,11240,1.0,11732.509346941686
456,11241,1.0,11737.440547924765
456,11242,1.0,11743.733774898732
456,11243,1.0,11745.172932068634
456,11244,1.0,11748.63753253813
456,11245,1.0,11743.241759385526
456,11246,1.0,11738.884337566837
456,11247,1.0,11733.656914146333
456,11248,1.0,11730.771201076854
456,11249,1.0,11726.290413172102
456,11250,1.0,11730.918902949801
456,11251,1.0,11735.627722141378
456,11252,1.0,11738.892854114556
456,11253,1.0,11748.326497714308
456,11254,1.0,11757.202577097729
456,11255,1.0,11769.548976601498
456,11256,1.0,11790.017394775141
456,11257,1.0,11821.078815052228
456,11258,1.0,11843.887893790115
456,11259,1.0,11846.722926775708
456,11260,0.0,11843.168909897677
456,11261,0.0,11843.168909897677
456,11262,0.0,11843.168909897677
456,11263,0.0,11843.168909897677
456,11264,0.0,11843.168909897677
456,11265,-1.0,11837.674892662137
456,11266,-1.0,11833.354540800696
456,11267,-1.0,11827.35122562794
456,11268,-1.0,11829.340462530909
456,11269,-1.0,11835.855044916842
456,11270,-1.0,11835.185642688322
456,11271,-1.0,11851.46517058881
456,11272,-1.0,11862.150935819716
456,11273,-1.0,11868.247304789475
456,11274,-1.0,11872.628843945133
456,11275,-1.0,11872.49799843078
456,11276,-1.0,11845.387234447664
456,11277,-1.0,11829.82325618228
456,11278,-1.0,11817.44466210277
456,11279,0.0,11813.899428704139
456,11280,1.0,11817.485248339459
456,11281,1.0,11813.828314128992
456,11282,0.0,11810.284165634754
456,11283,0.0,11810.284165634754
456,11284,-1.0,11808.92882363319
456,11285,-1.0,11820.518171256637
456,11286,-1.0,11830.755162649632
456,11287,-1.0,11842.742754890132
456,11288,-1.0,11853.295513839112
456,11289,-1.0,11864.286411935544
456,11290,-1.0,11869.053787155113
456,11291,-1.0,11871.539693732399
456,11292,-1.0,11865.60868538491
456,11293,-1.0,11861.284774928006
456,11294,0.0,11857.726389495529
456,11295,1.0,11848.865522955783
456,11296,1.0,11838.971109704697
456,11297,0.0,11835.419418371786
456,11298,0.0,11835.419418371786
456,11299,0.0,11835.419418371786
456,11300,0.0,11835.419418371786
456,11301,1.0,11835.587535822118
456,11302,1.0,11833.972341973164
456,11303,1.0,11833.384755759376
456,11304,1.0,11826.566881309582
456,11305,1.0,11825.540227239873
456,11306,1.0,11820.528092854629
456,11307,1.0,11809.866193251872
456,11308,1.0,11795.312043282123
456,11309,1.0,11782.616693456355
456,11310,1.0,11764.80270082569
456,11311,1.0,11750.090026440725
456,11312,0.0,11746.564999432792
456,11313,0.0,11746.564999432792
456,11314,1.0,11768.569193034893
456,11315,1.0,11801.717181035983
456,11316,1.0,11838.708523231724
456,11317,1.0,11892.049067206588
456,11318,1.0,11946.365239547195
456,11319,1.0,12013.343281295949
456,11320,0.0,12009.739278311561
456,11321,-1.0,11970.413963689838
456,11322,-1.0,11954.957634946944
456,11323,-1.0,11925.826657915284
456,11324,-1.0,11916.334459926713
456,11325,-1.0,11872.356147788028
456,11326,-1.0,11819.245798887148
456,11327,-1.0,11769.608628305701
456,11328,-1.0,11739.552570486214
456,11329,-1.0,11690.775344868554
456,11330,-1.0,11666.344971465407
456,11331,-1.0,11669.936733349741
456,11332,-1.0,11679.004191756905
456,11333,-1.0,11686.02800651784
456,11334,-1.0,11720.195118971738
456,11335,-1.0,11743.348831348892
456,11336,-1.0,11743.423190995993
456,11337,-1.0,11737.283583487057
456,11338,-1.0,11734.26232903195
456,11339,-1.0,11728.427876870257
456,11340,-1.0,11720.387467010794
456,11341,-1.0,11719.83085659157
456,11342,-1.0,11723.53362686293
456,11343,-1.0,11721.613449948907
456,11344,-1.0,11722.385879624733
456,11345,-1.0,11718.856393155702
456,11346,-1.0,11706.073496870695
456,11347,0.0,11702.561674821634
456,11348,1.0,11695.740100053767
456,11349,1.0,11696.608484648415
456,11350,1.0,11695.696342914938
456,11351,1.0,11684.832227250894
456,11352,1.0,11690.674606233948
456,11353,1.0,11695.891277423945
456,11354,1.0,11701.461387301837
456,11355,1.0,11710.28759302683
456,11356,1.0,11708.464538034013
456,11357,1.0,11713.055948884377
456,11358,1.0,11718.121860975662
456,11359,1.0,11722.735962181656
456,11360,1.0,11733.193038211704
456,11361,1.0,11741.463077020886
456,11362,1.0,11739.139854866373
456,11363,1.0,11751.518393787046
456,11364,1.0,11757.944666841953
456,11365,1.0,11746.745977661716
456,11366,1.0,11752.364296568829
456,11367,1.0,11765.426858901792
456,11368,1.0,11772.343516334324
456,11369,1.0,11782.275505673859
456,11370,1.0,11811.226033443509
456,11371,1.0,11834.13442451914
456,11372,1.0,11857.215812014947
456,11373,1.0,11878.132405032977
456,11374,1.0,11894.907925135265
456,11375,0.0,11891.339452757726
456,11376,-1.0,11887.816403770063
456,11377,-1.0,11914.567593265145
456,11378,-1.0,11953.274231921378
456,11379,-1.0,11985.622495755184
456,11380,-1.0,12027.131623364778
456,11381,-1.0,12065.893680779716
456,11382,-1.0,12086.205576316643
456,11383,-1.0,12103.737941333595
456,11384,-1.0,12130.673847121447
456,11385,-1.0,12152.98984331368
456,11386,0.0,12149.343946360686
456,11387,1.0,12143.908247646015
456,11388,1.0,12153.98469972529
456,11389,1.0,12179.03714783557
456,11390,1.0,12211.07063571047
456,11391,1.0,12224.212540188706
456,11392,1.0,12239.837449825043
456,11393,1.0,12252.693697318324
456,11394,1.0,12253.718907369625
456,11395,1.0,12255.705755317693
456,11396,1.0,12268.433626658492
456,11397,1.0,12268.186656852973
456,11398,1.0,12265.48872120824
456,11399,1.0,12266.352699566945
456,11400,1.0,12259.498465809811
456,11401,1.0,12253.130354997342
456,11402,0.0,12249.454415890843
456,11403,0.0,12249.454415890843
456,11404,0.0,12249.454415890843
456,11405,0.0,12249.454415890843
456,11406,0.0,12249.454415890843
456,11407,-1.0,12258.73361314581
456,11408,-1.0,12272.420524942503
456,11409,-1.0,12286.75436979471
456,11410,-1.0,12299.465520199477
456,11411,-1.0,12307.156118113211
456,11412,-1.0,12317.540186796283
456,11413,0.0,12313.844924740244
456,11414,1.0,12304.732500621973
456,11415,1.0,12312.230012428654
456,11416,1.0,12312.155497775371
456,11417,1.0,12318.016045643271
456,11418,1.0,12326.714690423416
456,11419,1.0,12334.376215223869
456,11420,1.0,12334.635582683139
456,11421,1.0,12337.831343810725
456,11422,0.0,12334.129994407582
456,11423,1.0,12323.452442888914
456,11424,0.0,12319.755407156048
456,11425,1.0,12312.276574023115
456,11426,0.0,12308.582891050908
456,11427,0.0,12308.582891050908
456,11428,0.0,12308.582891050908
456,11429,0.0,12308.582891050908
456,11430,0.0,12308.582891050908
456,11431,-1.0,12300.907076542875
456,11432,-1.0,12298.578648000948
456,11433,-1.0,12294.315615705438
456,11434,-1.0,12293.206836662346
456,11435,-1.0,12304.167910419179
456,11436,-1.0,12308.003106862516
456,11437,-1.0,12313.363758733198
456,11438,-1.0,12316.208210782324
456,11439,-1.0,12322.875678861523
456,11440,-1.0,12315.936166426094
456,11441,-1.0,12318.62633899685
456,11442,-1.0,12328.800670398829
456,11443,-1.0,12332.988437420265
456,11444,-1.0,12329.863441101395
456,11445,-1.0,12332.10200226947
456,11446,-1.0,12332.269062596866
456,11447,-1.0,12321.580638069694
456,11448,-1.0,12320.94499270229
456,11449,-1.0,12322.525099053313
456,11450,-1.0,12314.636547172897
456,11451,-1.0,12286.020566055045
456,11452,-1.0,12260.529161988987
456,11453,-1.0,12237.62975323833
456,11454,-1.0,12214.699151065155
456,11455,-1.0,12192.743898281036
456,11456,-1.0,12190.002043522834
456,11457,-1.0,12196.003510335537
456,11458,-1.0,12193.66356341574
456,11459,-1.0,12189.0119597703
456,11460,-1.0,12188.573863399115
456,11461,-1.0,12198.834221990346
456,11462,-1.0,12198.62363415013
456,11463,-1.0,12203.703575564003
456,11464,-1.0,12201.057377638837
456,11465,-1.0,12196.538934106036
456,11466,-1.0,12183.778518320789
456,11467,-1.0,12176.101680868605
456,11468,-1.0,12171.848761191894
456,11469,-1.0,12175.967821985374
456,11470,-1.0,12192.345943069877
456,11471,-1.0,12204.63304286746
456,11472,-1.0,12208.633524002644
456,11473,-1.0,12213.054328735689
456,11474,-1.0,12213.510974884108
456,11475,-1.0,12205.148510769246
456,11476,-1.0,12194.992353173951
456,11477,-1.0,12190.365865791566
456,11478,-1.0,12185.960599096416
456,11479,-1.0,12190.562665705358
456,11480,0.0,12186.905496905647
456,11481,1.0,12171.799508394944
456,11482,1.0,12162.784607574675
456,11483,1.0,12154.26654323937
456,11484,1.0,12151.40932597025
456,11485,1.0,12143.935779580985
456,11486,1.0,12138.337468442682
456,11487,1.0,12129.253374148911
456,11488,1.0,12126.917909047548
456,11489,1.0,12123.975706479456
456,11490,1.0,12125.34721079998
456,11491,1.0,12127.686071164197
456,11492,1.0,12135.798191079775
456,11493,1.0,12141.461212287986
456,11494,1.0,12150.293559351536
456,11495,1.0,12158.577982547768
456,11496,1.0,12169.987097257186
456,11497,1.0,12177.49522607839
456,11498,1.0,12183.777725217291
456,11499,1.0,12186.581583626572
456,11500,1.0,12187.42630476995
456,11501,1.0,12184.065255863756
456,11502,0.0,12180.410036286998
456,11503,0.0,12180.410036286998
456,11504,0.0,12180.410036286998
456,11505,0.0,12180.410036286998
456,11506,0.0,12180.410036286998
456,11507,-1.0,12175.008026547219
456,11508,-1.0,12173.964730879694
456,11509,-1.0,12175.193222951422
456,11510,-1.0,12178.991171226964
456,11511,-1.0,12181.841460382082
456,11512,-1.0,12185.676903726244
456,11513,-1.0,12192.491716693934
456,11514,-1.0,12194.444367981838
456,11515,-1.0,12192.662790634213
456,11516,-1.0,12190.706255758862
456,11517,-1.0,12186.15502492951
456,11518,-1.0,12177.754989691493
456,11519,-1.0,12172.155321497545
456,11520,-1.0,12170.657269898777
456,11521,-1.0,12171.903072343763
456,11522,-1.0,12173.89785928624
456,11523,-1.0,12183.155145237106
456,11524,-1.0,12196.066738630252
456,11525,-1.0,12198.689648938942
456,11526,-1.0,12201.937931237802
456,11527,-1.0,12204.980092844638
456,11528,-1.0,12198.46972502335
456,11529,-1.0,12182.207682039005
456,11530,-1.0,12179.902488719448
456,11531,-1.0,12174.591342245369
456,11532,-1.0,12163.4239552746
456,11533,-1.0,12158.082962581186
456,11534,0.0,12154.435537692412
456,11535,0.0,12154.435537692412
456,11536,0.0,12154.435537692412
456,11537,0.0,12154.435537692412
456,11538,0.0,12154.435537692412
456,11539,-1.0,12149.783556464177
456,11540,-1.0,12145.290651104515
456,11541,-1.0,12136.759092790355
456,11542,-1.0,12130.201245320226
456,11543,-1.0,12123.087399328724
456,11544,-1.0,12119.103364355151
456,11545,-1.0,12123.475360304317
456,11546,-1.0,12133.200869356444
456,11547,-1.0,12144.114542761854
456,11548,-1.0,12160.884319886312
456,11549,-1.0,12169.971175264958
456,11550,-1.0,12161.008978030364
456,11551,-1.0,12126.055613492857
456,11552,-1.0,12081.118974867395
456,11553,-1.0,12027.921360909824
456,11554,-1.0,11966.36865576028
456,11555,-1.0,11914.932342689113
456,11556,-1.0,11880.951745529714
456,11557,-1.0,11848.361949920833
456,11558,-1.0,11850.596354376074
456,11559,-1.0,11866.186186430834
456,11560,-1.0,11866.450792375159
456,11561,-1.0,11873.278016187196
456,11562,-1.0,11886.485482646898
456,11563,-1.0,11885.424011929706
456,11564,-1.0,11881.065035802605
456,11565,-1.0,11898.350910964717
456,11566,-1.0,11911.263936323134
456,11567,-1.0,11930.129044114256
456,11568,-1.0,11928.811110188797
456,11569,-1.0,11916.20335096272
456,11570,-1.0,11903.43668294019
456,11571,-1.0,11894.300385521115
456,11572,-1.0,11883.199486141717
456,11573,-1.0,11880.220622023364
456,11574,-1.0,11891.225169544565
456,11575,-1.0,11897.931798931095
456,11576,0.0,11894.362419391417
456,11577,1.0,11881.445342014758
456,11578,1.0,11874.140512936781
456,11579,1.0,11863.260519381449
456,11580,1.0,11857.465519700885
456,11581,1.0,11859.655565050884
456,11582,1.0,11861.200184427875
456,11583,1.0,11868.10657340356
456,11584,1.0,11880.571668808085
456,11585,1.0,11885.51399002431
456,11586,1.0,11892.41491381721
456,11587,1.0,11896.662733675827
456,11588,1.0,11893.38502682976
456,11589,1.0,11890.615042941816
456,11590,1.0,11890.8090093629
456,11591,1.0,11893.221284593574
456,11592,1.0,11898.352581992527
456,11593,1.0,11910.79127682668
456,11594,1.0,11921.961595898425
456,11595,1.0,11929.273158147296
456,11596,1.0,11933.098768388125
456,11597,1.0,11928.614541060431
456,11598,1.0,11922.503537509676
456,11599,1.0,11915.685821939012
456,11600,1.0,11914.700924659066
456,11601,1.0,11907.081944560488
456,11602,0.0,11903.50981997712
456,11603,0.0,11903.50981997712
456,11604,0.0,11903.50981997712
456,11605,0.0,11903.50981997712
456,11606,0.0,11903.50981997712
456,11607,-1.0,11896.493797849322
456,11608,0.0,11892.924849709967
456,11609,1.0,11876.314440834527
456,11610,1.0,11862.563513436453
456,11611,1.0,11846.489560861753
456,11612,1.0,11828.4910784266
456,11613,1.0,11807.639849741217
456,11614,1.0,11782.375940426044
456,11615,1.0,11769.416384503249
456,11616,1.0,11764.641756929721
456,11617,1.0,11753.737087028792
456,11618,1.0,11743.220872703369
456,11619,1.0,11738.022495782308
456,11620,1.0,11729.347510475736
456,11621,1.0,11720.754759237923
456,11622,1.0,11721.228860640902
456,11623,1.0,11721.625844432567
456,11624,1.0,11719.698100412446
456,11625,1.0,11706.867801143972
456,11626,1.0,11698.073688409995
456,11627,1.0,11683.46262728338
456,11628,1.0,11674.70711925548
456,11629,1.0,11676.962601333465
456,11630,1.0,11672.83090604964
456,11631,1.0,11642.019088717614
456,11632,1.0,11626.175807814425
456,11633,1.0,11596.26835400675
456,11634,1.0,11556.758994494618
456,11635,1.0,11544.749466208143
456,11636,1.0,11553.391479214843
456,11637,1.0,11552.869777453725
456,11638,1.0,11567.727618138204
456,11639,1.0,11586.333397950462
456,11640,1.0,11592.011570027207
456,11641,1.0,11600.37243883452
456,11642,1.0,11608.940838961451
456,11643,1.0,11606.82742177755
456,11644,1.0,11605.722783223167
456,11645,1.0,11603.987958157275
456,11646,0.0,11600.506761769828
456,11647,-1.0,11604.165089951306
456,11648,-1.0,11595.463012332266
456,11649,-1.0,11590.27146634292
456,11650,-1.0,11585.01649473155
456,11651,-1.0,11577.601121409401
456,11652,-1.0,11573.931851789133
456,11653,-1.0,11577.930634934377
456,11654,-1.0,11583.281729021348
456,11655,-1.0,11591.224101922016
456,11656,-1.0,11596.57261175935
456,11657,-1.0,11603.374064185435
456,11658,-1.0,11592.901135620927
456,11659,-1.0,11580.90003654505
456,11660,-1.0,11566.353116797047
456,11661,-1.0,11553.198989678827
456,11662,-1.0,11539.92150980782
456,11663,-1.0,11538.747945682306
456,11664,-1.0,11526.941216794123
456,11665,-1.0,11522.01826056709
456,11666,-1.0,11513.40161925423
456,11667,-1.0,11501.10807431279
456,11668,-1.0,11486.793285874863
456,11669,-1.0,11483.345316752686
456,11670,-1.0,11478.762856587464
456,11671,-1.0,11477.777537520897
456,11672,-1.0,11485.572371392793
456,11673,-1.0,11500.341023232111
456,11674,-1.0,11521.251573762196
456,11675,-1.0,11536.338206935912
456,11676,-1.0,11540.70955350232
456,11677,-1.0,11532.130761519047
456,11678,-1.0,11517.402409377737
456,11679,-1.0,11492.592848072898
456,11680,-1.0,11460.72141379883
456,11681,-1.0,11425.413776282616
456,11682,-1.0,11401.71769468375
456,11683,-1.0,11385.323043956529
456,11684,-1.0,11391.334193698976
456,11685,-1.0,11411.118800314043
456,11686,-1.0,11444.894845306051
456,11687,-1.0,11477.498563883724
456,11688,-1.0,11528.539626480268
456,11689,-1.0,11557.024588612225
456,11690,-1.0,11575.814847257554
456,11691,-1.0,11567.877501230483
456,11692,-1.0,11565.269131369552
456,11693,-1.0,11545.051305002562
456,11694,-1.0,11527.23458542636
456,11695,0.0,11523.776415050734
456,11696,1.0,11511.229336554958
456,11697,1.0,11510.09546529866
456,11698,1.0,11523.175506068306
456,11699,1.0,11525.968738372545
456,11700,1.0,11534.674782794202
456,11701,1.0,11557.679243366058
456,11702,1.0,11577.343448268124
456,11703,1.0,11585.472194141501
456,11704,1.0,11607.527568850634
456,11705,0.0,11604.045310579979
456,11706,0.0,11604.045310579979
456,11707,-1.0,11566.67124319372
456,11708,-1.0,11527.061900626051
456,11709,-1.0,11488.377425079318
456,11710,-1.0,11458.46852139066
456,11711,-1.0,11451.113916066492
456,11712,-1.0,11432.938557666144
456,11713,-1.0,11396.883956379173
456,11714,-1.0,11367.45270307487
456,11715,-1.0,11338.100994157609
456,11716,-1.0,11302.15225356901
456,11717,-1.0,11271.479883982405
456,11718,-1.0,11255.724800417132
456,11719,-1.0,11250.510691647347
456,11720,-1.0,11244.848996020695
456,11721,-1.0,11240.823198810145
456,11722,-1.0,11241.19437159012
456,11723,-1.0,11247.308259047455
456,11724,-1.0,11244.84208184188
456,11725,-1.0,11240.488852877097
456,11726,-1.0,11223.239155009958
456,11727,-1.0,11209.427752644526
456,11728,-1.0,11187.905726285244
456,11729,-1.0,11162.095942951386
456,11730,-1.0,11133.279006925817
456,11731,-1.0,11106.750528802533
456,11732,-1.0,11089.793040951858
456,11733,-1.0,11078.669540095318
456,11734,-1.0,11065.34575990661
456,11735,-1.0,11054.281839631725
456,11736,-1.0,11047.654435137012
456,11737,-1.0,11036.533367375674
456,11738,-1.0,11028.96652757655
456,11739,-1.0,11018.590853299942
456,11740,-1.0,11016.06971333303
456,11741,-1.0,11029.7453780085
456,11742,-1.0,11034.975387318676
456,11743,-1.0,11031.9617919195
456,11744,-1.0,11035.523309388102
456,11745,-1.0,11036.36166008435
456,11746,-1.0,11022.872406087994
456,11747,0.0,11019.565544366167
456,11748,1.0,11011.651539848597
456,11749,1.0,11009.999931768987
456,11750,1.0,11008.692158841623
456,11751,1.0,11006.804394537214
456,11752,1.0,11014.300599871658
456,11753,1.0,11023.325757654644
456,11754,1.0,11032.856660557594
456,11755,1.0,11039.4755669848
456,11756,1.0,11044.07911057904
456,11757,1.0,11044.839519697685
456,11758,1.0,11049.32177953761
456,11759,1.0,11053.569971577768
456,11760,1.0,11060.22864843628
456,11761,1.0,11061.084260365955
456,11762,1.0,11054.650449305202
456,11763,1.0,11042.41536887725
456,11764,1.0,11034.46860200948
456,11765,1.0,11035.577879957365
456,11766,1.0,11051.105977402467
456,11767,1.0,11077.23084162418
456,11768,1.0,11112.5533383483
456,11769,1.0,11141.16383253304
456,11770,1.0,11156.280787149077
456,11771,1.0,11165.744397772194
456,11772,1.0,11178.439102210332
456,11773,1.0,11183.362504268722
456,11774,1.0,11188.7212084683
456,11775,1.0,11180.473191610094
456,11776,0.0,11177.11904965261
456,11777,0.0,11177.11904965261
456,11778,0.0,11177.11904965261
456,11779,0.0,11177.11904965261
456,11780,0.0,11177.11904965261
456,11781,-1.0,11180.044984875763
456,11782,-1.0,11181.02174812016
456,11783,-1.0,11181.944866780334
456,11784,-1.0,11181.287037245987
456,11785,-1.0,11176.73340650512
456,11786,0.0,11173.380386483168
456,11787,1.0,11163.510452257564
456,11788,1.0,11155.32519490198
456,11789,1.0,11145.554384141662
456,11790,1.0,11142.388727734227
456,11791,1.0,11134.346650676946
456,11792,1.0,11131.839061031602
456,11793,1.0,11132.150913871206
456,11794,1.0,11132.579468010212
456,11795,1.0,11126.493149103666
456,11796,1.0,11117.921404490144
456,11797,1.0,11104.408047966777
456,11798,1.0,11091.226609332622
456,11799,1.0,11082.279238368264
456,11800,1.0,11074.114812705719
456,11801,1.0,11072.853878076312
456,11802,1.0,11073.986464664862
456,11803,1.0,11070.45700875982
456,11804,1.0,11069.563226142813
456,11805,1.0,11067.646848829405
456,11806,1.0,11060.413992483906
456,11807,1.0,11054.554321439256
456,11808,1.0,11049.237981060704
456,11809,1.0,11038.817142200507
456,11810,1.0,11039.170639036434
456,11811,1.0,11054.597381898511
456,11812,1.0,11061.296860600545
456,11813,1.0,11065.483696358244
456,11814,1.0,11077.862644173496
456,11815,1.0,11083.883735341484
456,11816,0.0,11080.558570220881
456,11817,0.0,11080.558570220881
456,11818,0.0,11080.558570220881
456,11819,-1.0,11053.760464328287
456,11820,-1.0,11020.837778403607
456,11821,-1.0,11002.24338965479
456,11822,-1.0,11010.087981680705
456,11823,-1.0,10997.879828827901
456,11824,-1.0,11003.291974073642
456,11825,-1.0,11012.321423640133
456,11826,-1.0,11023.544599174804
456,11827,-1.0,11035.608803064353
456,11828,-1.0,11062.644405657526
456,11829,-1.0,11063.917700047496
456,11830,-1.0,11067.313470544468
456,11831,-1.0,11053.998047253937
456,11832,-1.0,11054.763563921912
456,11833,-1.0,11038.107980267578
456,11834,-1.0,11032.672738531934
456,11835,-1.0,11029.285518132141
456,11836,-1.0,11035.459168548752
456,11837,-1.0,11021.11555362428
456,11838,-1.0,11008.289646208385
456,11839,-1.0,11000.067895106882
456,11840,-1.0,10984.474076278953
456,11841,-1.0,10976.06860447902
456,11842,-1.0,10980.08764079523
456,11843,-1.0,10985.550100871098
456,11844,-1.0,10992.650213798703
456,11845,-1.0,11008.468949862578
456,11846,-1.0,11021.004895120086
456,11847,-1.0,11042.59349400119
456,11848,-1.0,11068.22829225407
456,11849,-1.0,11083.780428499815
456,11850,-1.0,11104.486567993725
456,11851,-1.0,11125.477253093739
456,11852,-1.0,11129.17955388278
456,11853,0.0,11125.840800016615
456,11854,1.0,11116.954011205344
456,11855,1.0,11111.073913736453
456,11856,1.0,11110.655384108266
456,11857,1.0,11103.239315045897
456,11858,1.0,11107.939895568992
456,11859,1.0,11108.490407936604
456,11860,1.0,11112.062334662794
456,11861,1.0,11116.591209810525
456,11862,1.0,11121.62936916338
456,11863,1.0,11119.494973700374
456,11864,1.0,11125.893540986772
456,11865,1.0,11135.19526097852
456,11866,1.0,11141.88172377576
456,11867,1.0,11152.705100138232
456,11868,1.0,11167.501041853087
456,11869,1.0,11180.41240814367
456,11870,1.0,11193.371268595427
456,11871,1.0,11200.513018961152
456,11872,0.0,11197.152865055465
456,11873,0.0,11197.152865055465
456,11874,0.0,11197.152865055465
456,11875,0.0,11197.152865055465
456,11876,0.0,11197.152865055465
456,11877,-1.0,11205.333141790323
456,11878,-1.0,11208.220388091415
456,11879,-1.0,11219.849648560046
456,11880,-1.0,11222.80406677967
456,11881,-1.0,11226.942186870501
456,11882,-1.0,11230.717080184775
456,11883,-1.0,11244.557458475236
456,11884,-1.0,11252.499487703357
456,11885,-1.0,11258.395245644018
456,11886,-1.0,11262.72968414547
456,11887,-1.0,11259.365584097923
456,11888,-1.0,11255.315110850148
456,11889,-1.0,11245.928238910366
456,11890,0.0,11242.554460438694
456,11891,1.0,11255.119941238161
456,11892,1.0,11260.901831440766
456,11893,1.0,11277.489121938861
456,11894,1.0,11288.798713955446
456,11895,1.0,11293.242846244579
456,11896,1.0,11290.448397479398
456,11897,0.0,11287.061262960155
456,11898,0.0,11287.061262960155
456,11899,0.0,11287.061262960155
456,11900,0.0,11287.061262960155
456,11901,0.0,11287.061262960155
456,11902,-1.0,11289.970339384761
456,11903,-1.0,11287.555516601526
456,11904,-1.0,11285.917417180239
456,11905,-1.0,11274.026029453373
456,11906,-1.0,11259.126154011492
456,11907,-1.0,11250.65302820796
456,11908,-1.0,11255.172043920235
456,11909,-1.0,11248.34650577956
456,11910,-1.0,11235.094099305952
456,11911,-1.0,11230.590789486705
456,11912,-1.0,11222.142316470827
456,11913,-1.0,11207.102597747134
456,11914,-1.0,11196.290092658977
456,11915,-1.0,11202.18175440498
456,11916,-1.0,11195.36533791622
456,11917,-1.0,11190.87741705374
456,11918,-1.0,11184.90023402062
456,11919,-1.0,11189.167653610277
456,11920,-1.0,11178.445502565015
456,11921,-1.0,11173.697756779495
456,11922,-1.0,11166.823718421267
456,11923,-1.0,11168.085337799277
456,11924,-1.0,11168.915146672243
456,11925,-1.0,11170.306528121782
456,11926,-1.0,11176.579077510103
456,11927,-1.0,11187.977005813143
456,11928,-1.0,11199.16475151391
456,11929,-1.0,11205.581713178957
456,11930,-1.0,11214.06925521969
456,11931,-1.0,11222.813483818194
456,11932,-1.0,11232.11278310579
456,11933,-1.0,11238.166284199842
456,11934,-1.0,11246.610809346437
456,11935,-1.0,11257.377653509242
456,11936,0.0,11254.000440213189
456,11937,1.0,11253.193884978476
456,11938,1.0,11259.959248578727
456,11939,1.0,11270.420682412738
456,11940,1.0,11281.271693183045
456,11941,1.0,11280.116605206384
456,11942,1.0,11292.152510359667
456,11943,1.0,11303.86051882169
456,11944,1.0,11310.618004276987
456,11945,0.0,11307.224818875704
456,11946,1.0,11327.87591711696
456,11947,1.0,11351.137218839202
456,11948,1.0,11368.934593614655
456,11949,0.0,11365.523913236571
456,11950,0.0,11365.523913236571
456,11951,0.0,11365.523913236571
456,11952,0.0,11365.523913236571
456,11953,0.0,11365.523913236571
456,11954,-1.0,11356.908738002261
456,11955,-1.0,11355.694876671525
456,11956,-1.0,11359.6627241589
456,11957,-1.0,11356.931735146685
456,11958,-1.0,11360.890465462215
456,11959,-1.0,11365.960172815294
456,11960,-1.0,11380.639120469485
456,11961,-1.0,11388.562946817963
456,11962,-1.0,11394.249298932773
456,11963,-1.0,11391.737591315206
456,11964,-1.0,11387.766664597804
456,11965,-1.0,11375.529187210917
456,11966,-1.0,11369.778980280955
456,11967,-1.0,11364.98383676878
456,11968,-1.0,11357.898918711222
456,11969,-1.0,11341.056059022374
456,11970,-1.0,11308.669363268931
456,11971,-1.0,11276.419212391154
456,11972,0.0,11273.036286627437
456,11973,1.0,11288.164942009758
456,11974,1.0,11313.580127456013
456,11975,0.0,11310.186053417776
456,11976,0.0,11310.186053417776
456,11977,-1.0,11324.921642998495
456,11978,-1.0,11336.181818830526
456,11979,-1.0,11357.772799903174
456,11980,-1.0,11368.922113552579
456,11981,-1.0,11362.411410512468
456,11982,-1.0,11353.133854894386
456,11983,-1.0,11350.842646173513
456,11984,-1.0,11333.913160949698
456,11985,-1.0,11299.281208579037
456,11986,-1.0,11275.402130812305
456,11987,-1.0,11254.057277642387
456,11988,-1.0,11230.155755002224
456,11989,-1.0,11220.461833619433
456,11990,-1.0,11231.346571725444
456,11991,-1.0,11256.850831886588
456,11992,-1.0,11266.04579251399
456,11993,-1.0,11271.724593682062
456,11994,-1.0,11273.452422798375
456,11995,-1.0,11266.472200285138
456,11996,-1.0,11239.460841296246
456,11997,-1.0,11221.428602372025
456,11998,-1.0,11205.075352783717
456,11999,-1.0,11190.57094277496
456,12000,-1.0,11191.930742902572
456,12001,-1.0,11190.19391742955
456,12002,-1.0,11193.179754212453
456,12003,-1.0,11193.880024301738
456,12004,-1.0,11200.205282532464
456,12005,-1.0,11198.702688743122
456,12006,-1.0,11198.328773361958
456,12007,-1.0,11191.45860827031
456,12008,-1.0,11189.028296128585
456,12009,-1.0,11182.137095020742
456,12010,-1.0,11168.590307922184
456,12011,-1.0,11158.74769433628
456,12012,0.0,11155.40007002798
456,12013,1.0,11164.322814743551
456,12014,1.0,11174.704014665738
456,12015,1.0,11180.551699846932
456,12016,1.0,11196.814993011176
456,12017,1.0,11210.750077621673
456,12018,1.0,11216.445096541858
456,12019,0.0,11213.080163012895
456,12020,0.0,11213.080163012895
456,12021,0.0,11213.080163012895
456,12022,0.0,11213.080163012895
456,12023,0.0,11213.080163012895
456,12024,-1.0,11205.36559208515
456,12025,-1.0,11198.075033517
456,12026,-1.0,11185.601186355343
456,12027,-1.0,11174.111112598923
456,12028,-1.0,11171.925450554545
456,12029,-1.0,11166.754614568668
456,12030,-1.0,11157.341306744136
456,12031,-1.0,11147.98195102835
456,12032,-1.0,11142.379033215126
456,12033,-1.0,11134.70723021297
456,12034,-1.0,11136.560301030988
456,12035,-1.0,11158.06911564526
456,12036,-1.0,11190.831165465082
456,12037,-1.0,11215.169655039628
456,12038,-1.0,11235.13061690182
456,12039,-1.0,11247.096080265264
456,12040,-1.0,11247.244136965764
456,12041,0.0,11243.869963724675
456,12042,1.0,11246.182585719409
456,12043,1.0,11243.124096306436
456,12044,1.0,11225.844546048169
456,12045,1.0,11200.869912409007
456,12046,1.0,11182.802439161233
456,12047,1.0,11159.22042145765
456,12048,1.0,11139.521424485027
456,12049,1.0,11133.888141816411
456,12050,1.0,11135.13518801747
456,12051,1.0,11134.460311452845
456,12052,1.0,11133.907296455767
456,12053,1.0,11131.954325873417
456,12054,1.0,11131.92621121021
456,12055,1.0,11135.638151111534
456,12056,1.0,11140.978364182374
456,12057,1.0,11146.599564272814
456,12058,1.0,11152.650787174069
456,12059,1.0,11153.630373076288
456,12060,1.0,11146.27273778073
456,12061,1.0,11136.70017903816
456,12062,1.0,11122.12864880732
456,12063,1.0,11110.271505766432
456,12064,1.0,11097.106299000527
456,12065,1.0,11093.479540037128
456,12066,1.0,11087.285572550734
456,12067,1.0,11085.473340472716
456,12068,1.0,11084.467732781619
456,12069,1.0,11090.982116974375
456,12070,1.0,11100.498658160635
456,12071,1.0,11106.537880042799
456,12072,0.0,11103.205918678786
456,12073,0.0,11103.205918678786
456,12074,0.0,11103.205918678786
456,12075,0.0,11103.205918678786
456,12076,0.0,11103.205918678786
456,12077,-1.0,11109.79418484583
456,12078,-1.0,11121.298929928927
456,12079,-1.0,11143.65546152953
456,12080,-1.0,11155.69676980262
456,12081,-1.0,11163.880827241625
456,12082,-1.0,11169.4976634364
456,12083,-1.0,11174.732968107255
456,12084,-1.0,11166.679824415995
456,12085,-1.0,11169.208621027721
456,12086,-1.0,11173.573787410913
456,12087,-1.0,11171.334647797887
456,12088,-1.0,11161.001875927508
456,12089,-1.0,11156.77923138265
456,12090,-1.0,11167.671586968676
456,12091,-1.0,11171.002007331928
456,12092,-1.0,11176.40753152924
456,12093,-1.0,11183.225836733674
456,12094,-1.0,11180.017611374047
456,12095,-1.0,11168.516367665023
456,12096,-1.0,11165.954030951794
456,12097,-1.0,11163.238625576265
456,12098,-1.0,11161.114607183114
456,12099,-1.0,11160.40920385812
456,12100,-1.0,11151.185486763003
456,12101,-1.0,11144.455658080366
456,12102,-1.0,11137.996667719905
456,12103,-1.0,11130.507275862885
456,12104,-1.0,11143.606602694972
456,12105,-1.0,11167.439769988192
456,12106,-1.0,11190.968787906064
456,12107,-1.0,11223.002506437533
456,12108,-1.0,11277.003035681873
456,12109,-1.0,11302.823034806579
456,12110,-1.0,11323.635911616097
456,12111,-1.0,11338.777953308167
456,12112,-1.0,11349.897337316052
456,12113,-1.0,11343.127216024508
456,12114,0.0,11339.724277859701
456,12115,1.0,11320.978097148263
456,12116,1.0,11303.205651210461
456,12117,1.0,11299.648499713936
456,12118,1.0,11296.876298282878
456,12119,1.0,11303.737499798539
456,12120,1.0,11297.729045151766
456,12121,1.0,11284.571238824828
456,12122,1.0,11239.274892958232
456,12123,1.0,11184.544718529247
456,12124,1.0,11138.776739100247
456,12125,1.0,11101.399107835816
456,12126,1.0,11069.70222670633
456,12127,1.0,11020.295668928287
456,12128,1.0,11003.706039813069
456,12129,1.0,10998.361383483623
456,12130,1.0,11001.705710719292
456,12131,1.0,11008.772728124522
456,12132,1.0,11054.72643285824
456,12133,1.0,11077.032181087554
456,12134,1.0,11075.161510305967
456,12135,1.0,11069.852672438645
456,12136,1.0,11067.484975298355
456,12137,1.0,11075.066539821826
456,12138,1.0,11087.506973147409
456,12139,1.0,11095.736415819694
456,12140,1.0,11103.598784695203
456,12141,0.0,11100.267705059794
456,12142,-1.0,11101.067006174491
456,12143,-1.0,11110.510052109445
456,12144,-1.0,11111.189672730248
456,12145,-1.0,11112.306892360515
456,12146,-1.0,11108.869038928266
456,12147,-1.0,11105.615858483121
456,12148,-1.0,11098.42556065956
456,12149,-1.0,11102.693974309788
456,12150,-1.0,11099.460906600892
456,12151,-1.0,11097.398701511542
456,12152,-1.0,11103.993844699375
456,12153,-1.0,11113.56701970681
456,12154,-1.0,11108.362283166713
456,12155,-1.0,11108.088607515792
456,12156,-1.0,11108.057152870864
456,12157,-1.0,11101.668887715117
456,12158,-1.0,11102.543175756604
456,12159,-1.0,11109.359509315998
456,12160,-1.0,11122.188497489517
456,12161,-1.0,11135.45712339129
456,12162,-1.0,11143.380305822962
456,12163,-1.0,11136.44756502483
456,12164,-1.0,11128.552244563267
456,12165,-1.0,11105.934190291748
456,12166,-1.0,11073.179285454786
456,12167,-1.0,11039.520431367577
456,12168,-1.0,11022.782751082068
456,12169,-1.0,10999.857662429078
456,12170,-1.0,10988.05009096701
456,12171,-1.0,10987.764337089393
456,12172,-1.0,11000.145558063392
456,12173,-1.0,11007.036773375648
456,12174,-1.0,11014.380087381183
456,12175,-1.0,11017.580186655698
456,12176,-1.0,11020.52318750411
456,12177,-1.0,11018.9991669601
456,12178,-1.0,11011.272033032352
456,12179,-1.0,11003.207990897321
456,12180,-1.0,10995.589927805584
456,12181,-1.0,10986.922310916154
456,12182,-1.0,10978.369635998975
456,12183,-1.0,10971.32188886442
456,12184,-1.0,10965.249060775517
456,12185,-1.0,10954.242551417568
456,12186,-1.0,10938.406607986202
456,12187,-1.0,10923.28145501141
456,12188,-1.0,10911.154205891882
456,12189,-1.0,10914.562076496377
456,12190,-1.0,10914.34952920754
456,12191,-1.0,10924.8090599812
456,12192,-1.0,10933.264209912431
456,12193,-1.0,10938.385656514738
456,12194,-1.0,10941.577536135092
456,12195,-1.0,10956.112563238361
456,12196,-1.0,10956.344597935817
456,12197,-1.0,10950.222089834075
456,12198,-1.0,10951.328826149289
456,12199,-1.0,10936.4196615281
456,12200,-1.0,10923.88105767171
456,12201,-1.0,10921.669284921618
456,12202,0.0,10918.392784136142
456,12203,1.0,10907.959079803022
456,12204,1.0,10896.167161168914
456,12205,1.0,10888.794688564538
456,12206,1.0,10881.161376842176
456,12207,1.0,10876.442309159153
456,12208,1.0,10874.122241097813
456,12209,1.0,10875.344817115472
456,12210,1.0,10894.51967351075
456,12211,1.0,10912.28591040816
456,12212,1.0,10925.283751269593
456,12213,1.0,10930.884287052313
456,12214,1.0,10932.110019133479
456,12215,1.0,10916.93174800974
456,12216,1.0,10905.612190134305
456,12217,0.0,10902.340506477265
456,12218,0.0,10902.340506477265
456,12219,1.0,10900.002765177722
456,12220,1.0,10897.725246186918
456,12221,1.0,10887.623169528624
456,12222,1.0,10886.17772419789
456,12223,1.0,10888.389263448193
456,12224,1.0,10882.359432905982
456,12225,1.0,10877.946046714032
456,12226,1.0,10883.00950448701
456,12227,1.0,10884.977197678105
456,12228,1.0,10900.662214445332
456,12229,1.0,10917.96591908209
456,12230,1.0,10941.36333633507
456,12231,1.0,10958.672020934586
456,12232,1.0,10974.402518332981
456,12233,1.0,10979.82307380461
456,12234,0.0,10976.529126882468
456,12235,-1.0,10969.931124753264
456,12236,-1.0,10963.804980729788
456,12237,-1.0,10961.479535838303
456,12238,-1.0,10964.548421917661
456,12239,-1.0,10973.790931381453
456,12240,-1.0,10981.368552684846
456,12241,-1.0,10987.13239093712
456,12242,-1.0,10986.791581309137
456,12243,-1.0,10985.347669281868
456,12244,-1.0,10976.126293616217
456,12245,-1.0,10983.54978866026
456,12246,-1.0,10988.267661991213
456,12247,-1.0,10988.543427895647
456,12248,-1.0,10978.40477429984
456,12249,-1.0,10964.877696953481
456,12250,-1.0,10935.475683264436
456,12251,-1.0,10904.691481387345
456,12252,-1.0,10868.68318979987
456,12253,-1.0,10864.598499733673
456,12254,-1.0,10886.34217979084
456,12255,-1.0,10906.933880699293
456,12256,-1.0,10929.833448437124
456,12257,-1.0,10994.556353477023
456,12258,-1.0,11025.763806082277
456,12259,-1.0,11028.341806846913
456,12260,-1.0,11051.145011940385
456,12261,-1.0,11079.023349511352
456,12262,-1.0,11063.524085390847
456,12263,0.0,11060.20502816523
456,12264,1.0,11054.14117742523
456,12265,1.0,11074.789682812068
456,12266,1.0,11085.809065129692
456,12267,1.0,11091.270862870297
456,12268,1.0,11104.668107084455
456,12269,1.0,11112.17919437447
456,12270,1.0,11121.814261876654
456,12271,1.0,11139.584195000341
456,12272,1.0,11152.102026520084
456,12273,1.0,11147.249233513568
456,12274,1.0,11140.90265585865
456,12275,1.0,11136.742481757627
456,12276,1.0,11140.956191114048
456,12277,1.0,11148.615778733878
456,12278,0.0,11145.271194000257
456,12279,0.0,11145.271194000257
456,12280,0.0,11145.271194000257
456,12281,0.0,11145.271194000257
456,12282,0.0,11145.271194000257
456,12283,-1.0,11131.788839229765
456,12284,-1.0,11125.587023631131
456,12285,-1.0,11125.903302380075
456,12286,-1.0,11124.550392355732
456,12287,-1.0,11122.383568728521
456,12288,-1.0,11126.927814988145
456,12289,-1.0,11133.424017501779
456,12290,-1.0,11143.289118299639
456,12291,-1.0,11145.669531080564
456,12292,-1.0,11148.423449444292
456,12293,-1.0,11144.563395238156
456,12294,-1.0,11135.612125335607
456,12295,-1.0,11127.690788168638
456,12296,-1.0,11127.991510836953
456,12297,-1.0,11133.695575524836
456,12298,-1.0,11147.524746891311
456,12299,-1.0,11174.32336944278
456,12300,-1.0,11193.39025348565
456,12301,-1.0,11211.361021333087
456,12302,-1.0,11232.667603839647
456,12303,-1.0,11249.950612035313
456,12304,0.0,11246.575626851702
456,12305,1.0,11237.467430666107
456,12306,1.0,11231.42173573474
456,12307,1.0,11229.979777564125
456,12308,1.0,11228.620308708463
456,12309,1.0,11233.228425128691
456,12310,1.0,11237.887495710313
456,12311,1.0,11242.544853532605
456,12312,1.0,11254.880251967461
456,12313,1.0,11265.813200765439
456,12314,1.0,11275.539293988475
456,12315,1.0,11280.134473199721
456,12316,1.0,11280.847023397455
456,12317,1.0,11276.318696704693
456,12318,1.0,11273.753003056485
456,12319,1.0,11273.54961372229
456,12320,1.0,11280.12848412098
456,12321,1.0,11291.748038599691
456,12322,0.0,11288.360514188113
456,12323,0.0,11288.360514188113
456,12324,0.0,11288.360514188113
456,12325,0.0,11288.360514188113
456,12326,0.0,11288.360514188113
456,12327,-1.0,11284.970825539513
456,12328,-1.0,11283.58777187736
456,12329,-1.0,11285.26877818275
456,12330,-1.0,11288.228150280213
456,12331,-1.0,11289.18847387062
456,12332,-1.0,11288.021147123192
456,12333,-1.0,11291.49996137128
456,12334,-1.0,11293.36049991065
456,12335,-1.0,11295.63549847766
456,12336,-1.0,11311.69942938739
456,12337,-1.0,11326.785456069956
456,12338,-1.0,11338.260003017382
456,12339,-1.0,11352.448215648674
456,12340,-1.0,11361.882386049152
456,12341,-1.0,11359.250704557915
456,12342,-1.0,11366.857972675773
456,12343,-1.0,11381.873298824872
456,12344,-1.0,11395.729421282425
456,12345,0.0,11392.310702456041
456,12346,1.0,11378.327682609868
456,12347,1.0,11378.809473929656
456,12348,1.0,11386.069819662318
456,12349,1.0,11384.063343605148
456,12350,1.0,11375.308069477129
456,12351,1.0,11372.308545748225
456,12352,1.0,11366.46615051537
456,12353,1.0,11364.48654875288
456,12354,1.0,11367.218239046448
456,12355,1.0,11371.681055811183
456,12356,1.0,11380.765835218492
456,12357,1.0,11386.159171531808
456,12358,1.0,11388.595799980909
456,12359,1.0,11408.837389340377
456,12360,1.0,11430.882941350352
456,12361,1.0,11453.099811317581
456,12362,0.0,11449.663881374187
456,12363,-1.0,11409.858457408074
456,12364,-1.0,11393.648297592075
456,12365,-1.0,11374.188501108545
456,12366,-1.0,11370.914807629584
456,12367,-1.0,11375.652097860357
456,12368,-1.0,11385.436725643893
456,12369,-1.0,11385.80208016502
456,12370,-1.0,11396.810709645822
456,12371,-1.0,11390.37411741718
456,12372,-1.0,11383.868930416113
456,12373,-1.0,11381.97430375258
456,12374,-1.0,11382.637530168044
456,12375,-1.0,11382.493296842618
456,12376,-1.0,11388.098249494153
456,12377,-1.0,11384.037242622195
456,12378,-1.0,11377.681109193018
456,12379,-1.0,11377.280737889114
456,12380,-1.0,11367.63779322151
456,12381,-1.0,11359.410012328404
456,12382,-1.0,11357.067343958544
456,12383,-1.0,11354.830190247805
456,12384,-1.0,11351.0520158892
456,12385,-1.0,11355.008816608237
456,12386,-1.0,11366.112406441276
456,12387,-1.0,11380.94753888219
456,12388,-1.0,11386.986554775656
456,12389,-1.0,11388.19461769617
456,12390,-1.0,11386.76513831733
456,12391,-1.0,11386.107820654335
456,12392,-1.0,11379.142135886299
456,12393,0.0,11375.728393245534
456,12394,1.0,11363.05669825512
456,12395,1.0,11343.707811803019
456,12396,1.0,11335.930132782923
456,12397,1.0,11328.568606839783
456,12398,1.0,11323.429626322639
456,12399,1.0,11326.612706833384
456,12400,1.0,11336.957429775264
456,12401,1.0,11336.637988976752
456,12402,1.0,11349.369375853881
456,12403,1.0,11362.602750145901
456,12404,1.0,11369.501074517177
456,12405,1.0,11381.588553017607
456,12406,1.0,11401.562211133047
456,12407,1.0,11411.237266903943
456,12408,1.0,11422.822282308549
456,12409,1.0,11436.770429785076
456,12410,1.0,11447.861170578899
456,12411,1.0,11458.445630428272
456,12412,0.0,11455.008096739144
456,12413,0.0,11455.008096739144
456,12414,0.0,11455.008096739144
456,12415,0.0,11455.008096739144
456,12416,0.0,11455.008096739144
456,12417,-1.0,11451.957903314318
456,12418,-1.0,11448.921633861248
456,12419,-1.0,11451.360835025731
456,12420,-1.0,11448.61191025991
456,12421,-1.0,11447.315221305233
456,12422,-1.0,11449.142584207622
456,12423,-1.0,11447.054002952049
456,12424,-1.0,11442.738525347775
456,12425,-1.0,11437.747780897542
456,12426,-1.0,11437.272083267546
456,12427,-1.0,11437.850761464539
456,12428,-1.0,11440.110479547884
456,12429,-1.0,11447.530561073389
456,12430,-1.0,11456.553619343815
456,12431,-1.0,11459.100104678497
456,12432,-1.0,11456.271910870832
456,12433,-1.0,11460.61918872446
456,12434,-1.0,11453.786865889735
456,12435,0.0,11450.350729829968
456,12436,1.0,11446.423225288238
456,12437,0.0,11442.989298320652
456,12438,0.0,11442.989298320652
456,12439,1.0,11416.948489936898
456,12440,1.0,11400.487694020427
456,12441,1.0,11372.500294935544
456,12442,1.0,11355.872631584683
456,12443,1.0,11352.041986316499
456,12444,1.0,11357.441170597578
456,12445,1.0,11360.90765430105
456,12446,1.0,11371.353016478772
456,12447,1.0,11375.192198497098
456,12448,1.0,11373.079286309285
456,12449,1.0,11369.77257407579
456,12450,1.0,11371.523170210403
456,12451,1.0,11364.906287974773
456,12452,1.0,11354.17013779841
456,12453,1.0,11346.342988489345
456,12454,1.0,11337.54858439636
456,12455,1.0,11325.366122778943
456,12456,1.0,11317.891804135934
456,12457,1.0,11319.581905172516
456,12458,1.0,11316.533678992544
456,12459,1.0,11314.544018293045
456,12460,1.0,11310.756974034395
456,12461,1.0,11312.542283302935
456,12462,1.0,11304.916063834644
456,12463,1.0,11297.746070872327
456,12464,1.0,11289.515882963919
456,12465,1.0,11288.548627515158
456,12466,1.0,11290.746899204287
456,12467,1.0,11294.884659205063
456,12468,1.0,11298.508553240192
456,12469,0.0,11295.11900067422
456,12470,1.0,11291.020519261712
456,12471,0.0,11287.633213105933
456,12472,0.0,11287.633213105933
456,12473,0.0,11287.633213105933
456,12474,0.0,11287.633213105933
456,12475,0.0,11287.633213105933
456,12476,-1.0,11268.900538326572
456,12477,-1.0,11257.653981068535
456,12478,-1.0,11259.633267978996
456,12479,-1.0,11259.5444297771
456,12480,-1.0,11255.261594813406
456,12481,-1.0,11253.283640810974
456,12482,-1.0,11247.27587828345
456,12483,-1.0,11233.535804226256
456,12484,-1.0,11222.165636189913
456,12485,-1.0,11220.512571169682
456,12486,-1.0,11221.059157121888
456,12487,-1.0,11223.773217260383
456,12488,-1.0,11229.611206090114
456,12489,-1.0,11233.075781269703
456,12490,-1.0,11229.238646153653
456,12491,-1.0,11229.87105964625
456,12492,-1.0,11230.155712020342
456,12493,-1.0,11232.072202855235
456,12494,-1.0,11230.550906957616
456,12495,-1.0,11229.615087539318
456,12496,-1.0,11227.199050955767
456,12497,-1.0,11218.449432714253
456,12498,-1.0,11209.570482163868
456,12499,-1.0,11207.777866365508
456,12500,-1.0,11211.47853872356
456,12501,-1.0,11216.582704671242
456,12502,-1.0,11230.45316333631
456,12503,-1.0,11243.759492550926
456,12504,-1.0,11247.529166367685
456,12505,-1.0,11247.13327716874
456,12506,-1.0,11246.927354187008
456,12507,-1.0,11244.487116193157
456,12508,-1.0,11231.097661496231
456,12509,-1.0,11230.746609635848
456,12510,-1.0,11226.072764834904
456,12511,-1.0,11222.088574482326
456,12512,-1.0,11215.048013082709
456,12513,0.0,11211.683498678785
456,12514,0.0,11211.683498678785
456,12515,0.0,11211.683498678785
456,12516,0.0,11211.683498678785
456,12517,0.0,11211.683498678785
456,12518,-1.0,11122.823012070501
456,12519,-1.0,11043.293325919385
456,12520,-1.0,11033.497509466013
456,12521,-1.0,11055.173770317753
456,12522,-1.0,11080.12054803679
456,12523,-1.0,11075.372561236736
456,12524,-1.0,11063.19691306551
456,12525,-1.0,11058.515465360491
456,12526,-1.0,11053.235708491351
456,12527,-1.0,11038.428694056764
456,12528,-1.0,11045.40987743646
456,12529,-1.0,11044.963038181642
456,12530,-1.0,11016.839997715504
456,12531,-1.0,10979.866180263138
456,12532,-1.0,10936.903004449408
456,12533,-1.0,10882.231966442567
456,12534,-1.0,10855.278352628891
456,12535,-1.0,10848.766787073971
456,12536,-1.0,10852.349663790343
456,12537,-1.0,10879.45585595604
456,12538,-1.0,10932.931035487974
456,12539,-1.0,10965.590400492016
456,12540,-1.0,11016.337399772387
456,12541,-1.0,11046.44086487713
456,12542,-1.0,11052.39002812988
456,12543,-1.0,11039.03807961223
456,12544,-1.0,11015.419583510711
456,12545,0.0,11012.114957635658
456,12546,1.0,11029.438174025714
456,12547,1.0,11031.771136722798
456,12548,1.0,11037.592372488114
456,12549,1.0,11035.074470175445
456,12550,1.0,11027.556190356298
456,12551,1.0,11037.584995268624
456,12552,1.0,11058.749774482396
456,12553,1.0,11083.858987065045
456,12554,1.0,11099.928695927963
456,12555,1.0,11116.409225399213
456,12556,1.0,11122.249017277449
456,12557,1.0,11135.94435463364
456,12558,1.0,11146.994620801664
456,12559,1.0,11154.778248142176
456,12560,1.0,11164.932201297375
456,12561,1.0,11187.296224694512
456,12562,1.0,11199.505252361761
456,12563,1.0,11204.99725841328
456,12564,0.0,11201.635759235756
456,12565,0.0,11201.635759235756
456,12566,0.0,11201.635759235756
456,12567,0.0,11201.635759235756
456,12568,0.0,11201.635759235756
456,12569,-1.0,11200.472575745622
456,12570,-1.0,11207.330322009768
456,12571,-1.0,11221.281253007097
456,12572,-1.0,11230.147449477727
456,12573,-1.0,11230.637856690086
456,12574,0.0,11227.268665333078
456,12575,1.0,11235.52276466551
456,12576,1.0,11241.048470189715
456,12577,1.0,11247.928637701372
456,12578,1.0,11250.212585302801
456,12579,1.0,11252.064617357122
456,12580,1.0,11252.158480514416
456,12581,1.0,11256.666052566898
456,12582,1.0,11259.806647651489
456,12583,1.0,11250.13073440106
456,12584,1.0,11243.88120055594
456,12585,1.0,11240.404565688877
456,12586,1.0,11235.765972964371
456,12587,1.0,11227.064195744784
456,12588,1.0,11231.151621260618
456,12589,1.0,11230.304921385907
456,12590,1.0,11230.354899963286
456,12591,1.0,11232.741812571898
456,12592,1.0,11239.759898716042
456,12593,1.0,11244.475924598759
456,12594,1.0,11245.561443350021
456,12595,1.0,11238.777048548995
456,12596,1.0,11234.210094526063
456,12597,1.0,11232.51346249195
456,12598,1.0,11226.955846460398
456,12599,1.0,11224.522935657273
456,12600,1.0,11223.716963365765
456,12601,1.0,11221.646421054473
456,12602,1.0,11221.502830691596
456,12603,1.0,11225.86807719297
456,12604,1.0,11228.379366946827
456,12605,1.0,11217.925502109169
456,12606,1.0,11212.184227941942
456,12607,1.0,11196.474140071761
456,12608,1.0,11178.137036835153
456,12609,1.0,11164.274803823417
456,12610,1.0,11166.38045975822
456,12611,1.0,11159.40652238512
456,12612,1.0,11158.175512090305
456,12613,1.0,11159.919524496263
456,12614,1.0,11151.340601678376
456,12615,1.0,11142.48825803352
456,12616,1.0,11134.543875814317
456,12617,1.0,11149.808956546363
456,12618,1.0,11152.157047123323
456,12619,1.0,11168.868519422855
456,12620,1.0,11185.422675614805
456,12621,1.0,11207.331353511936
456,12622,1.0,11203.146954894877
456,12623,0.0,11199.78601080841
456,12624,0.0,11199.78601080841
456,12625,0.0,11199.78601080841
456,12626,-1.0,11200.8142100018
456,12627,-1.0,11203.666614899159
456,12628,-1.0,11204.384146898381
456,12629,-1.0,11207.000546552203
456,12630,-1.0,11219.88308133644
456,12631,-1.0,11226.763907932334
456,12632,-1.0,11234.111724678145
456,12633,-1.0,11238.510230382044
456,12634,-1.0,11243.760193879294
456,12635,-1.0,11236.936322182803
456,12636,-1.0,11233.828176318868
456,12637,-1.0,11227.926099068824
456,12638,-1.0,11219.752936638535
456,12639,-1.0,11217.287358380943
456,12640,-1.0,11226.52761239707
456,12641,-1.0,11232.014254911881
456,12642,-1.0,11239.372714028326
456,12643,-1.0,11247.929970463658
456,12644,-1.0,11251.776189793849
456,12645,-1.0,11246.225459022451
456,12646,-1.0,11250.881555864913
456,12647,-1.0,11251.367414771727
456,12648,-1.0,11249.461625735696
456,12649,-1.0,11253.300283938546
456,12650,-1.0,11245.437994474316
456,12651,-1.0,11225.13343441658
456,12652,-1.0,11206.546493489559
456,12653,-1.0,11213.819602110563
456,12654,-1.0,11211.038586636001
456,12655,-1.0,11231.480682498912
456,12656,-1.0,11250.35480519154
456,12657,-1.0,11278.841556984817
456,12658,-1.0,11278.863562769577
456,12659,-1.0,11284.67327150357
456,12660,-1.0,11278.715683225286
456,12661,-1.0,11282.735936544725
456,12662,-1.0,11273.904119257668
456,12663,-1.0,11268.7224445064
456,12664,-1.0,11257.75765204235
456,12665,-1.0,11247.819591596335
456,12666,0.0,11244.445245718856
456,12667,1.0,11240.652060147106
456,12668,1.0,11244.403724057694
456,12669,0.0,11241.030402940478
456,12670,0.0,11241.030402940478
456,12671,-1.0,11228.246597041776
456,12672,-1.0,11232.167017556732
456,12673,-1.0,11235.620548165747
456,12674,-1.0,11235.974190094175
456,12675,-1.0,11240.4878117622
456,12676,-1.0,11239.899331104765
456,12677,-1.0,11230.152044971455
456,12678,-1.0,11236.900432646056
456,12679,-1.0,11242.847489097076
456,12680,-1.0,11252.879578587155
456,12681,-1.0,11272.037816138745
456,12682,-1.0,11284.400791350192
456,12683,-1.0,11288.905293412992
456,12684,-1.0,11301.5969858546
456,12685,-1.0,11314.39345002009
456,12686,-1.0,11318.455228993937
456,12687,-1.0,11327.777442571429
456,12688,-1.0,11335.681146928344
456,12689,0.0,11332.280442584266
456,12690,1.0,11323.833535368036
456,12691,1.0,11321.39419052331
456,12692,1.0,11318.329752111757
456,12693,1.0,11318.383447012744
456,12694,1.0,11317.874845477596
456,12695,1.0,11316.920583583666
456,12696,1.0,11312.094358111832
456,12697,1.0,11310.117779102147
456,12698,1.0,11307.412901047674
456,12699,1.0,11303.754986331323
456,12700,1.0,11308.38187547462
456,12701,1.0,11315.764082209804
456,12702,1.0,11316.316916081114
456,12703,1.0,11318.325850822848
456,12704,1.0,11325.183406560891
456,12705,1.0,11324.990596482085
456,12706,0.0,11321.59309930314
456,12707,0.0,11321.59309930314
456,12708,0.0,11321.59309930314
456,12709,0.0,11321.59309930314
456,12710,0.0,11321.59309930314
456,12711,-1.0,11295.347250371176
456,12712,-1.0,11285.31234604316
456,12713,-1.0,11274.663551301395
456,12714,-1.0,11256.754822041263
456,12715,-1.0,11254.164799618122
456,12716,-1.0,11250.078187032805
456,12717,-1.0,11237.98993050442
456,12718,-1.0,11228.353484198005
456,12719,-1.0,11225.929248535873
456,12720,-1.0,11204.501489027052
456,12721,-1.0,11191.763724738094
456,12722,-1.0,11183.976337874212
456,12723,-1.0,11170.834271402256
456,12724,-1.0,11154.918472223315
456,12725,-1.0,11146.528193553611
456,12726,-1.0,11121.582070910566
456,12727,-1.0,11086.014423893785
456,12728,-1.0,11057.439909925644
456,12729,-1.0,11030.04589414869
456,12730,-1.0,10997.865773995567
456,12731,-1.0,10971.580390418469
456,12732,-1.0,10957.316914376275
456,12733,-1.0,10954.826128419501
456,12734,-1.0,10959.697944396874
456,12735,-1.0,10963.850114355622
456,12736,-1.0,10976.967950362196
456,12737,-1.0,10992.271101354487
456,12738,-1.0,10989.830821782454
456,12739,-1.0,10972.855984071317
456,12740,-1.0,10958.017707144965
456,12741,-1.0,10946.318274509465
456,12742,-1.0,10932.477648117549
456,12743,-1.0,10919.521345477411
456,12744,-1.0,10920.684929045763
456,12745,-1.0,10923.555323578441
456,12746,-1.0,10928.456692775335
456,12747,-1.0,10932.271367694855
456,12748,-1.0,10938.253085699569
456,12749,-1.0,10938.93131341044
456,12750,-1.0,10940.738618658948
456,12751,-1.0,10935.15169367352
456,12752,0.0,10931.871148165419
456,12753,1.0,10929.142537119049
456,12754,1.0,10928.047317767829
456,12755,1.0,10930.745438846328
456,12756,1.0,10935.277598053839
456,12757,1.0,10938.482492306102
456,12758,1.0,10946.300025496414
456,12759,1.0,10951.403423122507
456,12760,1.0,10955.888587016543
456,12761,1.0,10957.298083816313
456,12762,1.0,10977.154708743297
456,12763,1.0,10991.539906701537
456,12764,1.0,11003.593877762061
456,12765,1.0,11013.839011975011
456,12766,1.0,11022.723530697873
456,12767,1.0,11011.74030781733
456,12768,1.0,11008.496472475263
456,12769,0.0,11005.193923533521
456,12770,1.0,10988.57745394257
456,12771,1.0,10986.16273771502
456,12772,1.0,10981.418850304417
456,12773,1.0,10976.058135272542
456,12774,1.0,10975.448056654988
456,12775,1.0,10982.523746158735
456,12776,1.0,10980.264684872209
456,12777,1.0,10983.410747996943
456,12778,1.0,10985.114811257767
456,12779,1.0,10983.398403252173
456,12780,1.0,10977.16036723489
456,12781,1.0,10974.704636201504
456,12782,1.0,10979.456402323309
456,12783,1.0,10989.951789989676
456,12784,1.0,11007.85867999789
456,12785,1.0,11015.417639967398
456,12786,1.0,11022.952314817234
456,12787,1.0,11016.085832629564
456,12788,1.0,11001.414561925796
456,12789,1.0,10990.833474517945
456,12790,0.0,10987.53622447559
456,12791,1.0,10987.91471679895
456,12792,1.0,11000.026431810924
456,12793,1.0,11016.984050574596
456,12794,1.0,11035.343269657138
456,12795,1.0,11053.099488006701
456,12796,1.0,11074.07190032081
456,12797,1.0,11100.125553281003
456,12798,1.0,11130.804812685332
456,12799,0.0,11127.465571241526
456,12800,0.0,11127.465571241526
456,12801,0.0,11127.465571241526
456,12802,0.0,11127.465571241526
456,12803,0.0,11127.465571241526
456,12804,-1.0,11107.101469725932
456,12805,-1.0,11082.080659549987
456,12806,-1.0,11053.553659861967
456,12807,-1.0,11029.65095944477
456,12808,-1.0,10997.473701827386
456,12809,-1.0,10980.32115715917
456,12810,-1.0,10976.489425077287
456,12811,-1.0,10978.749111880223
456,12812,-1.0,10986.215601286054
456,12813,-1.0,11000.125329194485
456,12814,-1.0,11018.328940047591
456,12815,-1.0,11019.192852880096
456,12816,-1.0,11009.352668239266
456,12817,-1.0,10990.116823144566
456,12818,-1.0,10963.336035607808
456,12819,-1.0,10934.617027624245
456,12820,-1.0,10905.377621229545
456,12821,-1.0,10881.697834035876
456,12822,-1.0,10857.228337362863
456,12823,-1.0,10846.481521927803
456,12824,-1.0,10842.790225921366
456,12825,-1.0,10866.27691586604
456,12826,-1.0,10887.339562819658
456,12827,-1.0,10919.964982815183
456,12828,-1.0,10939.54088909618
456,12829,-1.0,10945.878892179962
456,12830,-1.0,10935.75905063656
456,12831,-1.0,10928.23551766734
456,12832,-1.0,10917.738741577366
456,12833,-1.0,10908.016280117892
456,12834,0.0,10904.743875233857
456,12835,1.0,10902.55400230938
456,12836,1.0,10905.154370718901
456,12837,1.0,10914.680682751004
456,12838,1.0,10916.687081581347
456,12839,1.0,10909.398618143772
456,12840,1.0,10907.114930245987
456,12841,1.0,10904.049659382543
456,12842,1.0,10901.47125613954
456,12843,1.0,10903.217295202398
456,12844,1.0,10901.664503083886
456,12845,1.0,10890.710076904748
456,12846,1.0,10877.78764513497
456,12847,1.0,10864.254290195417
456,12848,1.0,10848.366309038549
456,12849,1.0,10847.149239914546
456,12850,1.0,10849.455475210305
456,12851,1.0,10855.231245757263
456,12852,1.0,10851.720093527601
456,12853,1.0,10850.26931488447
456,12854,1.0,10844.889396505807
456,12855,1.0,10835.566941813937
456,12856,1.0,10824.063141495784
456,12857,1.0,10823.878501509445
456,12858,1.0,10821.904166620361
456,12859,1.0,10821.502197850403
456,12860,1.0,10822.47016489293
456,12861,1.0,10824.6418914924
456,12862,1.0,10821.4938556262
456,12863,1.0,10821.761854729772
456,12864,1.0,10822.955879498604
456,12865,1.0,10826.7296310387
456,12866,1.0,10832.778266556896
456,12867,1.0,10840.16314438387
456,12868,1.0,10844.204880456196
456,12869,1.0,10846.63341996946
456,12870,1.0,10844.920621547048
456,12871,0.0,10841.667145360583
456,12872,0.0,10841.667145360583
456,12873,-1.0,10844.987266651668
456,12874,-1.0,10853.250207431107
456,12875,-1.0,10849.248617407735
456,12876,-1.0,10840.961507310762
456,12877,-1.0,10836.107582858855
456,12878,-1.0,10826.17316877233
456,12879,-1.0,10815.105052853061
456,12880,-1.0,10812.811583141896
456,12881,-1.0,10811.330508868834
456,12882,-1.0,10809.926840895063
456,12883,-1.0,10813.137120396728
456,12884,-1.0,10816.886676625281
456,12885,-1.0,10821.657819726543
456,12886,-1.0,10823.10121373673
456,12887,-1.0,10822.758890471605
456,12888,-1.0,10818.463232943224
456,12889,-1.0,10812.502355368788
456,12890,-1.0,10806.746437658823
456,12891,-1.0,10807.89674327383
456,12892,-1.0,10807.459793368187
456,12893,-1.0,10809.418015882062
456,12894,-1.0,10818.294929812439
456,12895,-1.0,10824.782630080057
456,12896,-1.0,10828.326025844157
456,12897,-1.0,10840.237812178408
456,12898,-1.0,10861.775961357527
456,12899,-1.0,10875.012906412827
456,12900,-1.0,10887.313159998954
456,12901,-1.0,10897.121490900538
456,12902,-1.0,10902.257776272803
456,12903,-1.0,10901.266428978883
456,12904,0.0,10897.996049050189
456,12905,1.0,10897.56030493002
456,12906,1.0,10896.37177095663
456,12907,1.0,10891.962751096276
456,12908,1.0,10895.933038375575
456,12909,1.0,10899.457004659336
456,12910,1.0,10899.883199909345
456,12911,1.0,10899.156639520676
456,12912,1.0,10904.37947775333
456,12913,1.0,10908.055516146222
456,12914,1.0,10920.239914554202
456,12915,1.0,10930.34938265698
456,12916,1.0,10944.35311698965
456,12917,1.0,10953.028465346963
456,12918,1.0,10968.324002806354
456,12919,0.0,10965.033505605512
456,12920,0.0,10965.033505605512
456,12921,0.0,10965.033505605512
456,12922,0.0,10965.033505605512
456,12923,0.0,10965.033505605512
456,12924,-1.0,10964.83570315686
456,12925,-1.0,10966.829983417156
456,12926,-1.0,10957.922380511636
456,12927,-1.0,10955.09072114349
456,12928,-1.0,10947.412854303817
456,12929,-1.0,10950.744222962992
456,12930,-1.0,10948.731079035859
456,12931,-1.0,10939.075341242302
456,12932,-1.0,10928.561801199403
456,12933,-1.0,10918.161488103813
456,12934,-1.0,10897.352970016553
456,12935,-1.0,10881.772393319912
456,12936,-1.0,10878.928781172404
456,12937,-1.0,10865.098766096347
456,12938,-1.0,10862.165200294481
456,12939,-1.0,10853.814972401255
456,12940,-1.0,10851.891350751886
456,12941,-1.0,10824.714056214885
456,12942,-1.0,10812.190440873426
456,12943,-1.0,10792.793142966544
456,12944,-1.0,10773.536391783748
456,12945,-1.0,10749.717524315696
456,12946,-1.0,10752.536534372244
456,12947,-1.0,10745.250147683053
456,12948,-1.0,10742.725648741216
456,12949,-1.0,10746.719346189479
456,12950,-1.0,10765.343882915098
456,12951,-1.0,10778.914861463174
456,12952,-1.0,10787.164209142453
456,12953,-1.0,10804.179912324178
456,12954,-1.0,10813.372874135463
456,12955,-1.0,10812.077293090995
456,12956,-1.0,10810.838264911254
456,12957,-1.0,10816.103660854315
456,12958,-1.0,10817.384839032755
456,12959,-1.0,10831.803291216404
456,12960,0.0,10828.553750229039
456,12961,1.0,10820.276783657975
456,12962,1.0,10808.681894608082
456,12963,1.0,10806.28697744151
456,12964,1.0,10816.593274103152
456,12965,1.0,10825.251825883066
456,12966,1.0,10831.394341078583
456,12967,1.0,10841.13252405779
456,12968,1.0,10854.873362824308
456,12969,1.0,10868.69844836863
456,12970,1.0,10882.176344402405
456,12971,1.0,10897.60611983854
456,12972,1.0,10918.767134547825
456,12973,1.0,10932.977694047788
456,12974,1.0,10944.93548826516
456,12975,1.0,10951.689329377197
456,12976,1.0,10957.549549013396
456,12977,0.0,10954.262284148692
456,12978,-1.0,10951.45550787603
456,12979,-1.0,10959.744673483689
456,12980,-1.0,10957.411774867145
456,12981,-1.0,10960.193470878736
456,12982,-1.0,10961.875080234307
456,12983,-1.0,10953.579558762025
456,12984,-1.0,10941.129481342736
456,12985,-1.0,10934.646959240417
456,12986,-1.0,10924.450055987607
456,12987,-1.0,10926.21010830099
456,12988,-1.0,10947.304907500777
456,12989,-1.0,10996.930379432364
456,12990,-1.0,11040.843942965628
456,12991,-1.0,11087.730108797174
456,12992,-1.0,11132.123265715127
456,12993,-1.0,11169.156612403087
456,12994,-1.0,11167.456926714724
456,12995,0.0,11164.10668963671
456,12996,1.0,11182.987947051908
456,12997,1.0,11199.547559192113
456,12998,1.0,11223.45726810983
456,12999,1.0,11243.22515803394
456,13000,1.0,11250.55348778485
456,13001,1.0,11241.654018726105
456,13002,1.0,11244.425872150423
456,13003,1.0,11244.669486467721
456,13004,1.0,11247.740022300117
456,13005,1.0,11256.901227688866
456,13006,1.0,11266.152313257879
456,13007,1.0,11268.957325544428
456,13008,1.0,11265.279765805482
456,13009,1.0,11253.101976469481
456,13010,1.0,11230.803157608929
456,13011,0.0,11227.433916661646
456,13012,0.0,11227.433916661646
456,13013,0.0,11227.433916661646
456,13014,0.0,11227.433916661646
456,13015,0.0,11227.433916661646
456,13016,-1.0,11221.403903697628
456,13017,-1.0,11218.894671395743
456,13018,-1.0,11212.395984444574
456,13019,-1.0,11199.333243948737
456,13020,-1.0,11179.10310063974
456,13021,-1.0,11169.105403598693
456,13022,-1.0,11163.49868908542
456,13023,-1.0,11158.1716560018
456,13024,-1.0,11152.774730071853
456,13025,-1.0,11152.94276932739
456,13026,-1.0,11131.602775177082
456,13027,-1.0,11107.141323346277
456,13028,-1.0,11084.166736454768
456,13029,-1.0,11069.330507599941
456,13030,-1.0,11058.195367027092
456,13031,-1.0,11062.78446003791
456,13032,-1.0,11066.46158533934
456,13033,-1.0,11075.833772807755
456,13034,-1.0,11076.109628363809
456,13035,-1.0,11077.037191994146
456,13036,-1.0,11075.357728215813
456,13037,-1.0,11079.846473048168
456,13038,-1.0,11076.594643945211
456,13039,-1.0,11078.780473255649
456,13040,-1.0,11079.35963078934
456,13041,-1.0,11083.40998079278
456,13042,-1.0,11085.49759373132
456,13043,-1.0,11094.153822060154
456,13044,-1.0,11101.971236946187
456,13045,-1.0,11114.755234782011
456,13046,-1.0,11120.563360992322
456,13047,-1.0,11121.087112363526
456,13048,-1.0,11114.690094591222
456,13049,-1.0,11107.50123621162
456,13050,-1.0,11096.701964781842
456,13051,0.0,11093.372954192408
456,13052,1.0,11090.36694528409
456,13053,1.0,11089.750629598417
456,13054,1.0,11088.278149958074
456,13055,1.0,11089.574327345297
456,13056,1.0,11088.17809170081
456,13057,1.0,11084.042714834475
456,13058,1.0,11077.50038622646
456,13059,1.0,11064.709848384295
456,13060,1.0,11057.589285627542
456,13061,1.0,11058.109916118152
456,13062,1.0,11070.014472745566
456,13063,1.0,11075.618393220551
456,13064,1.0,11080.467012242772
456,13065,1.0,11075.70205556581
456,13066,1.0,11062.056207081685
456,13067,1.0,11035.458206016729
456,13068,0.0,11032.147568554923
456,13069,1.0,11017.269515982664
456,13070,1.0,11012.079867973789
456,13071,1.0,11008.298263710589
456,13072,1.0,11029.803298308047
456,13073,1.0,11041.415260608357
456,13074,1.0,11062.315318800227
456,13075,1.0,11081.27919627963
456,13076,1.0,11108.740118148495
456,13077,1.0,11132.114256993193
456,13078,0.0,11128.774622716095
456,13079,0.0,11128.774622716095
456,13080,0.0,11128.774622716095
456,13081,-1.0,11094.559401448918
456,13082,-1.0,11081.55695928704
456,13083,-1.0,11074.194708960082
456,13084,-1.0,11086.959706811123
456,13085,-1.0,11132.174350666284
456,13086,-1.0,11178.446545987303
456,13087,-1.0,11224.577985530224
456,13088,-1.0,11264.809481781018
456,13089,-1.0,11286.491036174488
456,13090,-1.0,11307.6367679351
456,13091,-1.0,11337.66294508607
456,13092,-1.0,11347.569506116888
456,13093,-1.0,11372.374433042181
456,13094,-1.0,11395.550415060277
456,13095,-1.0,11385.537479252444
456,13096,0.0,11382.121818008669
456,13097,1.0,11364.726485006391
456,13098,1.0,11333.983469765277
456,13099,1.0,11294.069768545338
456,13100,1.0,11276.281538952191
456,13101,1.0,11273.169284193831
456,13102,1.0,11262.555462656299
456,13103,1.0,11273.650487193514
456,13104,1.0,11305.507582953698
456,13105,1.0,11322.223582318122
456,13106,1.0,11332.369206239555
456,13107,1.0,11353.719090653449
456,13108,1.0,11373.508086407353
456,13109,1.0,11390.02881262861
456,13110,1.0,11403.482322518481
456,13111,1.0,11412.724515064678
456,13112,1.0,11416.409330226339
456,13113,1.0,11419.503823370474
456,13114,1.0,11416.405213462633
456,13115,0.0,11412.980291898595
456,13116,0.0,11412.980291898595
456,13117,0.0,11412.980291898595
456,13118,0.0,11412.980291898595
456,13119,0.0,11412.980291898595
456,13120,-1.0,11413.014954436489
456,13121,-1.0,11412.654902669798
456,13122,-1.0,11422.811672902799
456,13123,-1.0,11430.780532348623
456,13124,-1.0,11428.538276852882
456,13125,-1.0,11434.946487335163
456,13126,-1.0,11440.301009024755
456,13127,-1.0,11445.110546526092
456,13128,-1.0,11451.294622673195
456,13129,-1.0,11460.463300170904
456,13130,-1.0,11459.645430120756
456,13131,-1.0,11462.652098441027
456,13132,-1.0,11461.106999403366
456,13133,-1.0,11456.393079247502
456,13134,-1.0,11452.471326314533
456,13135,-1.0,11450.161047945594
456,13136,-1.0,11448.781151488065
456,13137,-1.0,11446.584467351286
456,13138,-1.0,11448.868359510629
456,13139,-1.0,11454.397943468273
456,13140,-1.0,11465.32975207235
456,13141,-1.0,11475.438098873075
456,13142,-1.0,11486.42293542425
456,13143,-1.0,11494.274135774214
456,13144,-1.0,11498.13367111753
456,13145,-1.0,11499.858018796094
456,13146,-1.0,11513.607379173223
456,13147,-1.0,11528.494797308744
456,13148,-1.0,11543.394620618084
456,13149,-1.0,11561.27219206623
456,13150,-1.0,11575.268666817276
456,13151,-1.0,11581.235189873405
456,13152,0.0,11577.760819316443
456,13153,1.0,11555.760332744027
456,13154,1.0,11545.340674530038
456,13155,1.0,11524.792454057402
456,13156,1.0,11513.780676541435
456,13157,1.0,11509.774723614164
456,13158,1.0,11512.029183402065
456,13159,1.0,11508.983301430291
456,13160,1.0,11515.376191068566
456,13161,1.0,11521.127089469644
456,13162,1.0,11520.400611574018
456,13163,1.0,11513.714815532072
456,13164,1.0,11505.283671476122
456,13165,1.0,11499.004106801945
456,13166,1.0,11484.611728548132
456,13167,1.0,11469.757291617692
456,13168,1.0,11466.362355472931
456,13169,1.0,11469.680427308387
456,13170,1.0,11471.955783881038
456,13171,0.0,11468.514197145874
456,13172,0.0,11468.514197145874
456,13173,0.0,11468.514197145874
456,13174,0.0,11468.514197145874
456,13175,0.0,11468.514197145874
456,13176,-1.0,11446.851300749993
456,13177,-1.0,11427.643564549653
456,13178,-1.0,11392.311192731246
456,13179,-1.0,11365.961804395238
456,13180,-1.0,11341.098072146433
456,13181,-1.0,11329.561902522883
456,13182,-1.0,11307.44771921035
456,13183,-1.0,11298.178473012287
456,13184,-1.0,11283.84528158835
456,13185,-1.0,11276.893204284532
456,13186,-1.0,11269.959982332271
456,13187,-1.0,11278.157875309089
456,13188,-1.0,11282.621712608145
456,13189,-1.0,11293.786444353413
456,13190,-1.0,11304.766804680257
456,13191,-1.0,11316.878172617187
456,13192,-1.0,11332.336509580115
456,13193,-1.0,11347.377498743412
456,13194,-1.0,11365.963018455384
456,13195,-1.0,11380.814604067173
456,13196,-1.0,11397.609095334008
456,13197,-1.0,11409.85001239521
456,13198,-1.0,11419.55723205233
456,13199,-1.0,11434.27489075008
456,13200,-1.0,11445.206154092182
456,13201,-1.0,11460.69163593187
456,13202,0.0,11457.25342844109
456,13203,1.0,11437.970100705947
456,13204,1.0,11434.389619963167
456,13205,1.0,11433.399494367019
456,13206,1.0,11443.976809769429
456,13207,1.0,11452.649495127944
456,13208,1.0,11454.694231940399
456,13209,1.0,11443.77886534658
456,13210,1.0,11447.21588961741
456,13211,1.0,11452.992132107078
456,13212,1.0,11462.101094099575
456,13213,1.0,11475.506416960976
456,13214,1.0,11508.336965965902
456,13215,1.0,11519.934210412666
456,13216,1.0,11529.811218382793
456,13217,1.0,11547.517010487769
456,13218,1.0,11564.615094744842
456,13219,0.0,11561.145710216419
456,13220,0.0,11561.145710216419
456,13221,0.0,11561.145710216419
456,13222,0.0,11561.145710216419
456,13223,0.0,11561.145710216419
456,13224,-1.0,11549.643014973992
456,13225,-1.0,11542.534006994953
456,13226,-1.0,11531.150821089654
456,13227,-1.0,11516.834381588766
456,13228,-1.0,11509.802236787093
456,13229,-1.0,11515.81369349022
456,13230,-1.0,11523.261684485755
456,13231,-1.0,11527.42201573926
456,13232,-1.0,11532.38959109809
456,13233,-1.0,11538.113975902377
456,13234,-1.0,11536.888412180795
456,13235,-1.0,11531.256828942927
456,13236,-1.0,11529.724795168095
456,13237,-1.0,11526.990428974266
456,13238,-1.0,11521.72892096771
456,13239,-1.0,11515.12858525661
456,13240,-1.0,11505.893677398872
456,13241,-1.0,11490.881215495287
456,13242,-1.0,11473.285698414777
456,13243,-1.0,11458.979671089806
456,13244,-1.0,11445.278603703413
456,13245,-1.0,11438.145188227621
456,13246,-1.0,11434.315354472974
456,13247,-1.0,11433.75637850258
456,13248,-1.0,11429.4790305812
456,13249,-1.0,11423.583512714433
456,13250,-1.0,11417.484548023824
456,13251,-1.0,11414.164521266322
456,13252,-1.0,11407.36865003297
456,13253,-1.0,11401.267375772697
456,13254,-1.0,11400.16878428683
456,13255,-1.0,11403.088352251523
456,13256,-1.0,11400.011370370086
456,13257,-1.0,11397.799254145682
456,13258,-1.0,11402.481526630323
456,13259,-1.0,11407.746055601861
456,13260,-1.0,11408.463308405291
456,13261,-1.0,11413.287910896972
456,13262,-1.0,11420.723073536468
456,13263,-1.0,11419.487745906654
456,13264,-1.0,11419.51283421177
456,13265,-1.0,11412.940750175374
456,13266,0.0,11409.516867950322
456,13267,1.0,11422.002978597882
456,13268,1.0,11431.32127316011
456,13269,1.0,11439.059634603691
456,13270,1.0,11432.699824576825
456,13271,1.0,11420.83823631924
456,13272,1.0,11414.731496200237
456,13273,1.0,11412.518012583725
456,13274,1.0,11417.325649129565
456,13275,1.0,11422.347719340727
456,13276,1.0,11435.31785271477
456,13277,1.0,11437.928094382763
456,13278,1.0,11443.814573693648
456,13279,1.0,11447.365096157144
456,13280,1.0,11453.943902328409
456,13281,1.0,11444.60879029565
456,13282,1.0,11436.710709037006
456,13283,1.0,11430.624054571008
456,13284,1.0,11425.762156301456
456,13285,0.0,11422.334427654567
456,13286,0.0,11422.334427654567
456,13287,0.0,11422.334427654567
456,13288,1.0,11411.744409057881
456,13289,1.0,11412.608520994847
456,13290,1.0,11406.774932358596
456,13291,0.0,11403.352899878888
456,13292,1.0,11396.2988208363
456,13293,1.0,11402.361620362199
456,13294,1.0,11400.409730089745
456,13295,1.0,11400.466031592037
456,13296,1.0,11404.854972361849
456,13297,1.0,11414.20628844021
456,13298,1.0,11417.70118689278
456,13299,1.0,11421.379063470633
456,13300,1.0,11424.935698353067
456,13301,1.0,11425.668998687854
456,13302,1.0,11426.756432711456
456,13303,1.0,11426.543313039729
456,13304,1.0,11427.264176778985
456,13305,0.0,11423.835997525952
456,13306,0.0,11423.835997525952
456,13307,0.0,11423.835997525952
456,13308,0.0,11423.835997525952
456,13309,0.0,11423.835997525952
456,13310,-1.0,11391.885122371823
456,13311,-1.0,11368.099032577793
456,13312,-1.0,11353.530569072427
456,13313,-1.0,11344.53737563915
456,13314,-1.0,11346.275844636586
456,13315,-1.0,11354.147781026113
456,13316,-1.0,11353.352557523935
456,13317,-1.0,11352.591368419527
456,13318,-1.0,11348.067632595596
456,13319,-1.0,11338.246932160786
456,13320,-1.0,11331.84331212035
456,13321,-1.0,11328.820790336025
456,13322,-1.0,11321.179356803254
456,13323,-1.0,11321.575789483646
456,13324,-1.0,11339.683830977174
456,13325,-1.0,11340.896976488148
456,13326,-1.0,11346.576137603
456,13327,-1.0,11350.113259860167
456,13328,-1.0,11347.163363112217
456,13329,-1.0,11335.605124512691
456,13330,-1.0,11340.062540085868
456,13331,-1.0,11348.462354047597
456,13332,-1.0,11369.456208801179
456,13333,-1.0,11388.71730754913
456,13334,-1.0,11406.71276209526
456,13335,0.0,11403.290748266632
456,13336,1.0,11393.299786028856
456,13337,1.0,11394.61738094655
456,13338,1.0,11389.14797203766
456,13339,1.0,11391.981972277878
456,13340,1.0,11390.343077145104
456,13341,1.0,11386.33276670746
456,13342,1.0,11394.145229027752
456,13343,1.0,11400.091760648836
456,13344,1.0,11402.487383588832
456,13345,1.0,11389.855998161936
456,13346,1.0,11374.980478378471
456,13347,1.0,11349.947271558496
456,13348,1.0,11338.728409369836
456,13349,1.0,11327.888808711106
456,13350,1.0,11332.71868968003
456,13351,1.0,11342.957570924762
456,13352,1.0,11353.30149473088
456,13353,1.0,11354.78971770546
456,13354,1.0,11368.00869839427
456,13355,1.0,11379.516165972815
456,13356,1.0,11389.632034750906
456,13357,1.0,11398.04170254635
456,13358,1.0,11408.698964629333
456,13359,1.0,11407.89286376723
456,13360,0.0,11404.470495908101
456,13361,-1.0,11393.910081764778
456,13362,-1.0,11381.819907737921
456,13363,-1.0,11368.08541010011
456,13364,-1.0,11365.993125013274
456,13365,-1.0,11366.634120054785
456,13366,-1.0,11359.395591197299
456,13367,-1.0,11356.90536146773
456,13368,-1.0,11375.829175861913
456,13369,-1.0,11397.650220490365
456,13370,-1.0,11423.468982062876
456,13371,-1.0,11446.395090743577
456,13372,-1.0,11476.061630375005
456,13373,-1.0,11485.299087990574
456,13374,-1.0,11475.688270294073
456,13375,-1.0,11467.45686875603
456,13376,-1.0,11489.605801575239
456,13377,-1.0,11492.48044191342
456,13378,-1.0,11492.354352350556
456,13379,0.0,11488.90664604485
456,13380,1.0,11486.168799430676
456,13381,1.0,11508.96788686587
456,13382,1.0,11519.392839600798
456,13383,1.0,11515.095802465345
456,13384,1.0,11504.168168818598
456,13385,1.0,11489.674044029458
456,13386,1.0,11476.057211970307
456,13387,1.0,11466.778953470473
456,13388,1.0,11463.198431486817
456,13389,1.0,11455.732691757674
456,13390,1.0,11448.933186531005
456,13391,1.0,11442.8871854579
456,13392,1.0,11433.860595652912
456,13393,1.0,11429.241053184702
456,13394,1.0,11436.385060479604
456,13395,1.0,11444.138431413861
456,13396,1.0,11450.251092053695
456,13397,1.0,11456.114995571708
456,13398,1.0,11462.635939231635
456,13399,1.0,11461.87774164096
456,13400,1.0,11460.040226526478
456,13401,0.0,11456.60221445852
456,13402,-1.0,11447.329379575061
456,13403,-1.0,11438.938553846603
456,13404,-1.0,11430.998121561932
456,13405,-1.0,11420.292847762013
456,13406,-1.0,11408.497664118297
456,13407,-1.0,11402.535926317052
456,13408,-1.0,11399.115130199787
456,13409,-1.0,11394.919164918769
456,13410,-1.0,11389.511836641339
456,13411,-1.0,11383.380067920094
456,13412,-1.0,11377.231697843677
456,13413,-1.0,11374.384055064302
456,13414,-1.0,11372.902663337489
456,13415,-1.0,11378.951786194622
456,13416,-1.0,11385.69527327984
456,13417,-1.0,11396.153345313307
456,13418,-1.0,11408.928055535329
456,13419,-1.0,11416.22204663851
456,13420,-1.0,11417.224173712442
456,13421,-1.0,11422.791880302295
456,13422,-1.0,11429.29910675511
456,13423,-1.0,11438.882724866286
456,13424,-1.0,11454.579010266181
456,13425,-1.0,11471.912735268035
456,13426,-1.0,11492.99474569298
456,13427,-1.0,11513.849288645837
456,13428,-1.0,11526.009768687254
456,13429,-1.0,11525.556995247302
456,13430,0.0,11522.099328148728
456,13431,1.0,11532.513490762627
456,13432,1.0,11547.07942532518
456,13433,1.0,11556.35481520387
456,13434,1.0,11558.922952602392
456,13435,1.0,11558.818192926032
456,13436,1.0,11555.228574603301
456,13437,1.0,11548.57187083756
456,13438,1.0,11546.42112520203
456,13439,1.0,11537.5137139542
456,13440,1.0,11529.271965275955
456,13441,1.0,11524.395223939026
456,13442,1.0,11528.717139167187
456,13443,0.0,11525.258524025438
456,13444,0.0,11525.258524025438
456,13445,0.0,11525.258524025438
456,13446,0.0,11525.258524025438
456,13447,0.0,11525.258524025438
456,13448,-1.0,11520.486946132623
456,13449,-1.0,11533.846850958265
456,13450,-1.0,11539.372883598184
456,13451,-1.0,11537.499338127745
456,13452,-1.0,11530.599549379049
456,13453,-1.0,11530.140280440792
456,13454,-1.0,11529.677798873501
456,13455,-1.0,11531.375393272432
456,13456,-1.0,11537.086245041006
456,13457,-1.0,11537.5077021071
456,13458,-1.0,11533.38464630104
456,13459,-1.0,11527.538863487174
456,13460,-1.0,11521.40432156031
456,13461,-1.0,11509.163616127695
456,13462,-1.0,11507.959162265368
456,13463,-1.0,11501.724683945795
456,13464,-1.0,11493.95248226552
456,13465,-1.0,11486.390405490643
456,13466,-1.0,11478.387397934346
456,13467,-1.0,11466.133580891157
456,13468,-1.0,11459.937711657974
456,13469,-1.0,11457.24597775703
456,13470,-1.0,11449.763310806089
456,13471,-1.0,11449.160233084807
456,13472,-1.0,11449.26389044652
456,13473,-1.0,11449.684701623508
456,13474,-1.0,11452.602688651172
456,13475,-1.0,11459.446170168369
456,13476,-1.0,11458.811179027836
456,13477,-1.0,11462.080739914252
456,13478,-1.0,11469.236513363057
456,13479,-1.0,11470.315990451574
456,13480,-1.0,11472.871671759352
456,13481,-1.0,11471.92441604587
456,13482,-1.0,11464.444044696915
456,13483,-1.0,11457.559227936345
456,13484,-1.0,11447.396995112864
456,13485,-1.0,11432.247226659674
456,13486,-1.0,11430.321951862057
456,13487,-1.0,11437.51955199265
456,13488,-1.0,11444.955075493332
456,13489,-1.0,11463.409730422542
456,13490,-1.0,11484.034070896985
456,13491,-1.0,11501.197757624488
456,13492,-1.0,11506.279350506564
456,13493,-1.0,11505.99826483851
456,13494,-1.0,11503.176523187733
456,13495,-1.0,11509.80646896467
456,13496,0.0,11506.35352702398
456,13497,1.0,11489.522918429047
456,13498,1.0,11469.015126192147
456,13499,1.0,11456.328141241536
456,13500,1.0,11444.694718246996
456,13501,1.0,11441.845353274708
456,13502,1.0,11441.210058080873
456,13503,1.0,11443.192002757052
456,13504,1.0,11436.986314479374
456,13505,1.0,11425.580908057524
456,13506,1.0,11413.587247452819
456,13507,1.0,11401.859524524252
456,13508,1.0,11392.731624701675
456,13509,1.0,11383.94631342781
456,13510,1.0,11384.262846345173
456,13511,1.0,11381.725557620995
456,13512,1.0,11371.700370626391
456,13513,1.0,11363.193178502308
456,13514,1.0,11359.9156385686
456,13515,1.0,11358.320722370794
456,13516,1.0,11357.295389844705
456,13517,1.0,11365.32477323947
456,13518,1.0,11371.455231117143
456,13519,1.0,11375.922597913679
456,13520,1.0,11378.829217269611
456,13521,1.0,11379.461869302437
456,13522,1.0,11379.71867819922
456,13523,1.0,11373.518000457503
456,13524,0.0,11370.105945057367
456,13525,0.0,11370.105945057367
456,13526,0.0,11370.105945057367
456,13527,0.0,11370.105945057367
456,13528,0.0,11370.105945057367
456,13529,-1.0,11371.52883712148
456,13530,-1.0,11371.234396903026
456,13531,-1.0,11377.004885595807
456,13532,-1.0,11378.574803699326
456,13533,-1.0,11378.678212614823
456,13534,-1.0,11378.145352234602
456,13535,-1.0,11371.450948249223
456,13536,-1.0,11372.271710234607
456,13537,-1.0,11376.951960274853
456,13538,-1.0,11393.072197506952
456,13539,-1.0,11409.626681610733
456,13540,-1.0,11429.12229579553
456,13541,-1.0,11421.401451770002
456,13542,-1.0,11409.554161220292
456,13543,-1.0,11388.446620168597
456,13544,-1.0,11366.593778713834
456,13545,-1.0,11344.56196056657
456,13546,-1.0,11338.393270390303
456,13547,-1.0,11333.636236680673
456,13548,-1.0,11322.236073989025
456,13549,-1.0,11311.79300120395
456,13550,-1.0,11306.011657143656
456,13551,-1.0,11308.771187028311
456,13552,-1.0,11322.19615138416
456,13553,-1.0,11353.544198062387
456,13554,-1.0,11377.607487309351
456,13555,-1.0,11408.65495492387
456,13556,-1.0,11426.478123050754
456,13557,-1.0,11437.590847393194
456,13558,-1.0,11436.133653936015
456,13559,-1.0,11433.608521919547
456,13560,-1.0,11425.474881715578
456,13561,-1.0,11422.781936967285
456,13562,-1.0,11417.9023918877
456,13563,-1.0,11408.186836726853
456,13564,0.0,11404.764380675835
456,13565,1.0,11408.890743638023
456,13566,1.0,11412.000486276263
456,13567,1.0,11418.125376159693
456,13568,1.0,11418.67901108024
456,13569,1.0,11411.962619892456
456,13570,0.0,11408.53903110649
456,13571,-1.0,11411.893588964926
456,13572,-1.0,11421.134075483917
456,13573,-1.0,11428.175560074149
456,13574,-1.0,11428.714012552242
456,13575,-1.0,11433.244282179647
456,13576,-1.0,11445.940763707476
456,13577,-1.0,11462.07122179388
456,13578,-1.0,11490.646233485131
456,13579,-1.0,11525.949440789687
456,13580,-1.0,11551.834816414368
456,13581,-1.0,11571.053833718022
456,13582,-1.0,11576.859200231975
456,13583,0.0,11573.386142471905
456,13584,1.0,11574.395692485788
456,13585,1.0,11587.844304875036
456,13586,1.0,11601.23197958827
456,13587,1.0,11608.032924087243
456,13588,1.0,11612.298421845031
456,13589,1.0,11619.026324477221
456,13590,1.0,11617.756110065182
456,13591,1.0,11621.262587559426
456,13592,1.0,11623.877614441008
456,13593,1.0,11625.184222490097
456,13594,1.0,11625.200272724263
456,13595,0.0,11621.712712642446
456,13596,-1.0,11618.04653701991
456,13597,-1.0,11616.115915583354
456,13598,-1.0,11610.678635369031
456,13599,-1.0,11609.56614056713
456,13600,-1.0,11615.654631298215
456,13601,-1.0,11621.307734216985
456,13602,-1.0,11630.650830797596
456,13603,-1.0,11637.76495804298
456,13604,-1.0,11641.778255251407
456,13605,-1.0,11641.099880516029
456,13606,-1.0,11642.701007078165
456,13607,-1.0,11649.033053442992
456,13608,-1.0,11664.534429916075
456,13609,-1.0,11677.450266650669
456,13610,-1.0,11689.849275201104
456,13611,-1.0,11701.008774033306
456,13612,-1.0,11700.43963694073
456,13613,-1.0,11690.379247873541
456,13614,-1.0,11679.831835898207
456,13615,-1.0,11673.716497245183
456,13616,-1.0,11648.834570642159
456,13617,-1.0,11632.272004062332
456,13618,-1.0,11568.240411816185
456,13619,-1.0,11509.182529944213
456,13620,-1.0,11452.60793667023
456,13621,-1.0,11431.064571821
456,13622,-1.0,11406.935864669675
456,13623,-1.0,11438.148615438266
456,13624,-1.0,11454.615760029603
456,13625,-1.0,11460.083115098856
456,13626,-1.0,11451.15190814672
456,13627,-1.0,11470.567262752767
456,13628,-1.0,11475.681583303636
456,13629,-1.0,11512.378757220935
456,13630,-1.0,11549.72156093173
456,13631,-1.0,11580.361734598084
456,13632,-1.0,11569.408218427294
456,13633,-1.0,11564.426142125938
456,13634,-1.0,11531.433105470369
456,13635,-1.0,11509.996759859785
456,13636,-1.0,11502.280039502362
456,13637,-1.0,11488.453198710937
456,13638,-1.0,11475.010924027998
456,13639,0.0,11471.56842075079
456,13640,0.0,11471.56842075079
456,13641,0.0,11471.56842075079
456,13642,1.0,11468.61006001035
456,13643,1.0,11461.785261160312
456,13644,1.0,11431.61921917354
456,13645,0.0,11428.18973340779
456,13646,0.0,11428.18973340779
456,13647,0.0,11428.18973340779
456,13648,0.0,11428.18973340779
456,13649,0.0,11428.18973340779
456,13650,-1.0,11411.187624817954
456,13651,-1.0,11386.983923667523
456,13652,-1.0,11358.102226991414
456,13653,0.0,11354.694796323316
456,13654,1.0,11365.584521459461
456,13655,1.0,11367.45485327974
456,13656,1.0,11361.46879066701
456,13657,0.0,11358.06035002981
456,13658,-1.0,11367.692840820708
456,13659,-1.0,11376.5096594241
456,13660,-1.0,11373.285618784912
456,13661,-1.0,11357.921577844732
456,13662,-1.0,11334.130308748438
456,13663,-1.0,11319.458501807614
456,13664,-1.0,11302.499845901013
456,13665,-1.0,11296.947363731604
456,13666,-1.0,11302.366836688498
456,13667,-1.0,11315.000796168777
456,13668,-1.0,11320.11845653975
456,13669,-1.0,11326.928878132985
456,13670,-1.0,11329.69729721952
456,13671,-1.0,11334.882821112136
456,13672,-1.0,11342.938045954916
456,13673,-1.0,11349.193910770302
456,13674,-1.0,11360.376708123133
456,13675,-1.0,11365.518880286036
456,13676,-1.0,11368.622706723076
456,13677,-1.0,11364.893117604961
456,13678,0.0,11361.483649669679
456,13679,1.0,11368.267832514131
456,13680,1.0,11368.189641836554
456,13681,1.0,11366.313264837423
456,13682,1.0,11369.384163712872
456,13683,1.0,11366.504283724236
456,13684,1.0,11365.538315785978
456,13685,1.0,11370.944721908145
456,13686,1.0,11370.500465047477
456,13687,1.0,11361.30562858156
456,13688,1.0,11356.495522330666
456,13689,1.0,11345.394167285594
456,13690,1.0,11329.58577751507
456,13691,1.0,11323.837454734388
456,13692,1.0,11321.714654237669
456,13693,1.0,11318.27158124531
456,13694,1.0,11321.612099670741
456,13695,1.0,11324.461655479568
456,13696,1.0,11328.854189868725
456,13697,1.0,11339.58405555525
456,13698,1.0,11345.890031743987
456,13699,1.0,11353.24431402902
456,13700,1.0,11364.137029325317
456,13701,1.0,11366.557476482572
456,13702,1.0,11368.280214611734
456,13703,0.0,11364.86973054735
456,13704,0.0,11364.86973054735
456,13705,-1.0,11357.865598128214
456,13706,-1.0,11353.962721182743
456,13707,-1.0,11351.096147931214
456,13708,-1.0,11352.26969692945
456,13709,-1.0,11351.336255888638
456,13710,-1.0,11354.744488175478
456,13711,-1.0,11355.72194637555
456,13712,-1.0,11358.329087133567
456,13713,-1.0,11362.505143162085
456,13714,-1.0,11371.162950568569
456,13715,-1.0,11377.483592110615
456,13716,-1.0,11382.956900083322
456,13717,-1.0,11389.249268339121
456,13718,-1.0,11394.3656325244
456,13719,-1.0,11395.472493808442
456,13720,-1.0,11388.99056504809
456,13721,-1.0,11382.970025005832
456,13722,-1.0,11374.456524261557
456,13723,-1.0,11364.420319935458
456,13724,-1.0,11352.86366162889
456,13725,-1.0,11349.47272442721
456,13726,-1.0,11350.393578968073
456,13727,-1.0,11351.523369443557
456,13728,-1.0,11356.361506153646
456,13729,-1.0,11365.50658996134
456,13730,-1.0,11373.472097106085
456,13731,-1.0,11375.643203538266
456,13732,-1.0,11379.587892135347
456,13733,-1.0,11381.290845858204
456,13734,-1.0,11382.383784866463
456,13735,-1.0,11382.913057195776
456,13736,-1.0,11381.685473888934
456,13737,-1.0,11381.244007170044
456,13738,-1.0,11382.186544732527
456,13739,-1.0,11377.701266224367
456,13740,-1.0,11375.656954235905
456,13741,-1.0,11383.135876593013
456,13742,-1.0,11392.58911219246
456,13743,-1.0,11400.316233720196
456,13744,-1.0,11405.217693673305
456,13745,-1.0,11412.428022311
456,13746,-1.0,11410.583999044244
456,13747,-1.0,11410.788190463378
456,13748,-1.0,11409.672825329604
456,13749,-1.0,11418.021698494267
456,13750,-1.0,11421.07371008469
456,13751,0.0,11417.647387971665
456,13752,1.0,11418.666871518197
456,13753,1.0,11430.267255305418
456,13754,1.0,11448.732399188952
456,13755,1.0,11463.905189235991
456,13756,1.0,11485.526149601583
456,13757,1.0,11507.671166753524
456,13758,1.0,11529.351584706632
456,13759,0.0,11525.89277923122
456,13760,0.0,11525.89277923122
456,13761,0.0,11525.89277923122
456,13762,0.0,11525.89277923122
456,13763,0.0,11525.89277923122
456,13764,-1.0,11503.53656956638
456,13765,-1.0,11492.72226224913
456,13766,-1.0,11481.812170041436
456,13767,-1.0,11472.960520344312
456,13768,-1.0,11474.470923223504
456,13769,-1.0,11465.233478341976
456,13770,-1.0,11459.748752844249
456,13771,-1.0,11452.362717103246
456,13772,-1.0,11442.692591031695
456,13773,-1.0,11429.459475860102
456,13774,-1.0,11427.52674021132
456,13775,-1.0,11424.995219948363
456,13776,-1.0,11427.512900908789
456,13777,-1.0,11430.058576556356
456,13778,-1.0,11429.886333216753
456,13779,-1.0,11431.01700690643
456,13780,-1.0,11430.431073747175
456,13781,-1.0,11426.069068607847
456,13782,-1.0,11422.198516765802
456,13783,-1.0,11422.64290525401
456,13784,-1.0,11415.057982561446
456,13785,-1.0,11407.774142052376
456,13786,-1.0,11401.937489253774
456,13787,-1.0,11400.434920966494
456,13788,-1.0,11395.671347007537
456,13789,-1.0,11396.10515501316
456,13790,0.0,11392.686323466656
456,13791,1.0,11395.256735492458
456,13792,1.0,11403.966001525398
456,13793,1.0,11409.691042490782
456,13794,1.0,11416.32203682582
456,13795,1.0,11423.541359197272
456,13796,1.0,11426.97825785758
456,13797,1.0,11431.785840053217
456,13798,1.0,11435.785169325409
456,13799,1.0,11439.344214460729
456,13800,1.0,11442.234059514596
456,13801,1.0,11447.479274160516
456,13802,1.0,11447.811286695623
456,13803,1.0,11449.380747595766
456,13804,1.0,11452.58262595703
456,13805,1.0,11454.212180216702
456,13806,1.0,11455.268106774405
456,13807,1.0,11459.797074855052
456,13808,1.0,11460.765946373673
456,13809,1.0,11452.27584704528
456,13810,1.0,11448.700833265897
456,13811,1.0,11440.098555819968
456,13812,1.0,11435.5054091739
456,13813,1.0,11426.307337463906
456,13814,1.0,11429.272759818901
456,13815,1.0,11426.526453474435
456,13816,1.0,11427.083202204065
456,13817,1.0,11419.473198383028
456,13818,1.0,11423.125212604598
456,13819,1.0,11418.616943505087
456,13820,1.0,11411.308948423088
456,13821,1.0,11403.122296143938
456,13822,1.0,11402.226263349621
456,13823,1.0,11394.186556771618
456,13824,1.0,11384.9397332293
456,13825,1.0,11378.749464409015
456,13826,1.0,11374.66332899901
456,13827,1.0,11369.785993140114
456,13828,1.0,11370.228226625171
456,13829,1.0,11380.31056670435
456,13830,1.0,11391.6822623607
456,13831,1.0,11401.542990872442
456,13832,1.0,11404.71305675377
456,13833,1.0,11409.857899071001
456,13834,1.0,11402.214035694764
456,13835,1.0,11391.899493764235
456,13836,1.0,11378.463567700524
456,13837,1.0,11371.988459319733
456,13838,1.0,11361.371772036982
456,13839,1.0,11355.62906144512
456,13840,1.0,11358.560466700575
456,13841,0.0,11355.152898560566
456,13842,1.0,11333.728143082368
456,13843,1.0,11318.049949578723
456,13844,1.0,11308.746213076576
456,13845,1.0,11293.474950218577
456,13846,1.0,11275.350471706068
456,13847,1.0,11275.653728745989
456,13848,1.0,11278.44468694454
456,13849,1.0,11266.997008618082
456,13850,1.0,11251.446270128288
456,13851,1.0,11243.414542843188
456,13852,1.0,11239.09160060733
456,13853,1.0,11222.558450416069
456,13854,1.0,11216.293223936533
456,13855,1.0,11227.780408253244
456,13856,1.0,11241.30527200728
456,13857,1.0,11252.770578557369
456,13858,1.0,11272.05037753117
456,13859,1.0,11283.035733666622
456,13860,1.0,11285.367391083617
456,13861,1.0,11281.048846175008
456,13862,1.0,11282.99805060693
456,13863,1.0,11284.669186334055
456,13864,0.0,11281.283785578154
456,13865,0.0,11281.283785578154
456,13866,0.0,11281.283785578154
456,13867,0.0,11281.283785578154
456,13868,0.0,11281.283785578154
456,13869,-1.0,11267.516057988943
456,13870,-1.0,11257.966543082226
456,13871,-1.0,11251.708153164422
456,13872,-1.0,11251.532426735195
456,13873,-1.0,11251.72663100213
456,13874,-1.0,11249.427383247594
456,13875,-1.0,11246.505755059638
456,13876,-1.0,11245.288706121424
456,13877,-1.0,11242.401703358486
456,13878,-1.0,11243.33499152219
456,13879,-1.0,11247.479559484276
456,13880,-1.0,11251.210108766885
456,13881,-1.0,11258.13248683355
456,13882,-1.0,11267.609128055366
456,13883,-1.0,11273.237315436052
456,13884,-1.0,11279.491530706122
456,13885,-1.0,11286.481891895002
456,13886,-1.0,11287.2553062551
456,13887,-1.0,11289.016032611353
456,13888,-1.0,11296.282465498009
456,13889,-1.0,11303.918516017622
456,13890,-1.0,11309.06898469763
456,13891,-1.0,11313.471071344518
456,13892,-1.0,11325.035674948107
456,13893,0.0,11321.638164245624
456,13894,0.0,11321.638164245624
456,13895,1.0,11295.082860211742
456,13896,1.0,11271.458739708934
456,13897,1.0,11269.008500613549
456,13898,1.0,11273.853183960011
456,13899,1.0,11292.812113117036
456,13900,1.0,11320.88173538114
456,13901,1.0,11350.209268214378
456,13902,1.0,11371.279854076905
456,13903,1.0,11387.830468879734
456,13904,1.0,11400.885371650254
456,13905,1.0,11404.648602292318
456,13906,0.0,11401.22720771163
456,13907,0.0,11401.22720771163
456,13908,-1.0,11393.239444615525
456,13909,-1.0,11391.950126781214
456,13910,-1.0,11382.365197844485
456,13911,-1.0,11381.619965183872
456,13912,-1.0,11373.350161570634
456,13913,-1.0,11372.449872622792
456,13914,-1.0,11366.08120652518
456,13915,-1.0,11361.540188303743
456,13916,-1.0,11351.6806771108
456,13917,-1.0,11351.214497145053
456,13918,-1.0,11348.876621230202
456,13919,-1.0,11354.187487389929
456,13920,-1.0,11365.30451516754
456,13921,-1.0,11379.930327313401
456,13922,-1.0,11392.295637821448
456,13923,-1.0,11404.393005761043
456,13924,-1.0,11412.844103704903
456,13925,-1.0,11425.627431441071
456,13926,-1.0,11441.505190797589
456,13927,-1.0,11456.092640258072
456,13928,-1.0,11470.164280665898
456,13929,-1.0,11480.000586930946
456,13930,-1.0,11478.09546332012
456,13931,0.0,11474.652034681125
456,13932,1.0,11480.048422448219
456,13933,1.0,11487.10605045493
456,13934,1.0,11492.650324682041
456,13935,1.0,11487.188062531863
456,13936,1.0,11482.493183267494
456,13937,1.0,11470.166560791677
456,13938,1.0,11463.477993355347
456,13939,1.0,11456.341236019975
456,13940,1.0,11461.455625087106
456,13941,1.0,11469.243023637538
456,13942,1.0,11482.292764962529
456,13943,1.0,11491.538515846978
456,13944,1.0,11501.894955167452
456,13945,1.0,11508.222958988832
456,13946,1.0,11514.783954703753
456,13947,1.0,11520.991044917537
456,13948,1.0,11530.007746291578
456,13949,0.0,11526.54874396769
456,13950,0.0,11526.54874396769
456,13951,0.0,11526.54874396769
456,13952,0.0,11526.54874396769
456,13953,0.0,11526.54874396769
456,13954,-1.0,11522.954962529198
456,13955,-1.0,11525.265925008547
456,13956,-1.0,11527.62141531029
456,13957,-1.0,11527.845682682128
456,13958,-1.0,11524.025104100076
456,13959,-1.0,11526.080833105643
456,13960,-1.0,11528.10545896335
456,13961,-1.0,11533.13445544277
456,13962,-1.0,11536.086145366451
456,13963,-1.0,11539.222180736768
456,13964,-1.0,11539.348681944903
456,13965,-1.0,11541.085022910183
456,13966,-1.0,11539.936543865819
456,13967,-1.0,11540.69248675049
456,13968,-1.0,11538.550832297207
456,13969,-1.0,11539.38886320783
456,13970,-1.0,11537.921128750468
456,13971,-1.0,11537.25064227969
456,13972,-1.0,11539.470655542167
456,13973,-1.0,11545.741945494658
456,13974,-1.0,11549.773622600389
456,13975,-1.0,11554.550611058477
456,13976,-1.0,11559.776237724856
456,13977,-1.0,11564.640953936734
456,13978,-1.0,11568.550979391859
456,13979,-1.0,11575.164476080747
456,13980,-1.0,11578.503457751412
456,13981,-1.0,11578.716185939884
456,13982,-1.0,11579.640321958108
456,13983,0.0,11576.166429861521
456,13984,1.0,11570.797600675995
456,13985,1.0,11560.464179438299
456,13986,1.0,11546.31258852411
456,13987,0.0,11542.848694747552
456,13988,0.0,11542.848694747552
456,13989,0.0,11542.848694747552
456,13990,1.0,11538.422519091928
456,13991,1.0,11536.22710005399
456,13992,1.0,11537.323089843656
456,13993,1.0,11540.190072328387
456,13994,1.0,11542.078149460629
456,13995,1.0,11545.735027791512
456,13996,1.0,11555.475123004899
456,13997,1.0,11560.034126607048
456,13998,1.0,11560.789391930133
456,13999,0.0,11557.321155112555
456,14000,0.0,11557.321155112555
456,14001,-1.0,11562.358876548107
456,14002,-1.0,11567.57248077803
456,14003,-1.0,11573.094233185213
456,14004,-1.0,11572.890826379484
456,14005,-1.0,11576.207858718339
456,14006,-1.0,11575.568953769356
456,14007,-1.0,11582.35458307156
456,14008,-1.0,11587.106730574176
456,14009,-1.0,11592.541626807695
456,14010,-1.0,11600.411341644674
456,14011,-1.0,11612.967012145706
456,14012,-1.0,11615.375778855976
456,14013,-1.0,11623.21974714544
456,14014,-1.0,11629.2745070259
456,14015,-1.0,11632.956066882247
456,14016,-1.0,11634.177511262444
456,14017,-1.0,11639.404458579851
456,14018,-1.0,11636.575692182154
456,14019,-1.0,11641.936838214848
456,14020,-1.0,11639.783042154027
456,14021,-1.0,11628.60965222738
456,14022,-1.0,11613.856347190796
456,14023,-1.0,11603.389246332325
456,14024,-1.0,11592.820249828808
456,14025,-1.0,11600.78893645905
456,14026,-1.0,11624.648389164464
456,14027,-1.0,11650.469059904435
456,14028,-1.0,11676.425325358758
456,14029,-1.0,11699.184905528276
456,14030,-1.0,11707.373813037784
456,14031,-1.0,11716.243513726684
456,14032,-1.0,11728.23674608765
456,14033,-1.0,11743.114089453222
456,14034,-1.0,11748.24795281341
456,14035,-1.0,11764.19186085552
456,14036,0.0,11760.662603297264
456,14037,0.0,11760.662603297264
456,14038,1.0,11766.785879463312
456,14039,1.0,11768.39009773331
456,14040,1.0,11782.566771445185
456,14041,1.0,11789.330942834249
456,14042,1.0,11801.692956084717
456,14043,1.0,11816.082030425532
456,14044,1.0,11842.650766081679
456,14045,1.0,11868.045283699263
456,14046,1.0,11897.885515400505
456,14047,0.0,11894.316149745886
456,14048,0.0,11894.316149745886
456,14049,0.0,11894.316149745886
456,14050,0.0,11894.316149745886
456,14051,0.0,11894.316149745886
456,14052,-1.0,11893.747813284386
456,14053,-1.0,11897.492555413151
456,14054,-1.0,11908.148391686844
456,14055,-1.0,11916.848063867352
456,14056,-1.0,11926.463703752088
456,14057,-1.0,11925.38655078498
456,14058,-1.0,11925.638689597838
456,14059,-1.0,11923.699704640743
456,14060,-1.0,11914.320802224991
456,14061,-1.0,11902.749647809967
456,14062,-1.0,11900.906937790061
456,14063,-1.0,11890.567373972286
456,14064,-1.0,11878.114094144114
456,14065,-1.0,11870.8711010347
456,14066,-1.0,11868.96612628194
456,14067,-1.0,11860.855103922231
456,14068,-1.0,11855.38178781183
456,14069,-1.0,11854.009409441791
456,14070,-1.0,11855.813756245532
456,14071,-1.0,11858.333835095389
456,14072,-1.0,11861.273912550554
456,14073,-1.0,11867.694676133433
456,14074,-1.0,11872.173669392894
456,14075,-1.0,11876.38113551151
456,14076,-1.0,11879.44044303829
456,14077,-1.0,11883.132770652925
456,14078,-1.0,11880.071231103695
456,14079,-1.0,11880.090789346077
456,14080,-1.0,11881.345843105297
456,14081,0.0,11877.781439352366
456,14082,1.0,11875.124232800052
456,14083,1.0,11874.922274681834
456,14084,1.0,11877.463748413682
456,14085,1.0,11881.567463089821
456,14086,1.0,11884.144132535437
456,14087,1.0,11882.849535403886
456,14088,1.0,11878.507796857488
456,14089,1.0,11875.904186508435
456,14090,1.0,11870.740336416979
456,14091,1.0,11865.726384960977
456,14092,1.0,11862.128227639068
456,14093,1.0,11856.757364109779
456,14094,1.0,11847.983126382704
456,14095,1.0,11846.88079875929
456,14096,1.0,11846.646600481205
456,14097,1.0,11845.22222397574
456,14098,1.0,11844.13608872069
456,14099,1.0,11837.010351933895
456,14100,1.0,11822.53932985213
456,14101,1.0,11809.567776278096
456,14102,1.0,11790.607317222728
456,14103,1.0,11769.277371052276
456,14104,1.0,11760.29101269634
456,14105,1.0,11751.257885607873
456,14106,1.0,11740.650214526278
456,14107,1.0,11735.959239942118
456,14108,1.0,11738.154307811868
456,14109,1.0,11746.507283015215
456,14110,1.0,11762.38235996009
456,14111,1.0,11783.319835219401
456,14112,1.0,11802.263183251285
456,14113,1.0,11825.070514687937
456,14114,1.0,11839.379842751083
456,14115,1.0,11846.543402280982
456,14116,0.0,11842.989439260298
456,14117,0.0,11842.989439260298
456,14118,-1.0,11841.30238067385
456,14119,-1.0,11846.924350939042
456,14120,-1.0,11851.554962074893
456,14121,-1.0,11856.78251202554
456,14122,-1.0,11856.818326805333
456,14123,-1.0,11859.744480030284
456,14124,-1.0,11863.287335409188
456,14125,-1.0,11861.984296066697
456,14126,-1.0,11849.658725036286
456,14127,-1.0,11839.220077019234
456,14128,-1.0,11833.381516357013
456,14129,-1.0,11821.905648390612
456,14130,-1.0,11819.876974150682
456,14131,-1.0,11835.745056902273
456,14132,-1.0,11849.786215439673
456,14133,-1.0,11865.035624169437
456,14134,-1.0,11888.049248745801
456,14135,-1.0,11904.76152643722
456,14136,-1.0,11913.041240946264
456,14137,-1.0,11918.231188907019
456,14138,-1.0,11910.993071977038
456,14139,-1.0,11890.97913721974
456,14140,-1.0,11875.563103206045
456,14141,0.0,11872.000434275084
456,14142,1.0,11888.650012877688
456,14143,1.0,11903.094612573139
456,14144,1.0,11910.523476400356
456,14145,0.0,11906.950319357436
456,14146,0.0,11906.950319357436
456,14147,0.0,11906.950319357436
456,14148,-1.0,11919.591213348936
456,14149,-1.0,11941.054547580054
456,14150,-1.0,11958.272241965784
456,14151,-1.0,11973.385595983911
456,14152,-1.0,11977.132704598478
456,14153,-1.0,11969.29629910824
456,14154,-1.0,11951.26318655046
456,14155,-1.0,11934.084688475028
456,14156,-1.0,11918.835273966599
456,14157,-1.0,11906.676129544674
456,14158,-1.0,11898.766719410178
456,14159,-1.0,11893.487837416913
456,14160,-1.0,11895.67064360353
456,14161,-1.0,11895.458482671822
456,14162,-1.0,11904.04732528407
456,14163,-1.0,11913.135102192018
456,14164,-1.0,11928.323885393467
456,14165,-1.0,11941.24875321388
456,14166,-1.0,11956.946282299185
456,14167,-1.0,11966.790426917354
456,14168,-1.0,11980.952838370162
456,14169,-1.0,11983.969677121811
456,14170,-1.0,11976.026606660142
456,14171,-1.0,11960.088249541828
456,14172,-1.0,11930.043953284126
456,14173,0.0,11926.464940098142
456,14174,1.0,11953.793827079911
456,14175,1.0,11972.9993837921
456,14176,1.0,11984.648439862354
456,14177,0.0,11981.053045330396
456,14178,0.0,11981.053045330396
456,14179,-1.0,11973.884357962577
456,14180,-1.0,11957.899874264687
456,14181,-1.0,11935.535486975006
456,14182,-1.0,11895.623816734695
456,14183,-1.0,11852.884450906646
456,14184,-1.0,11823.490378984257
456,14185,-1.0,11801.203881030418
456,14186,-1.0,11794.097285505835
456,14187,-1.0,11803.347570790798
456,14188,-1.0,11815.357648090678
456,14189,-1.0,11817.000642992532
456,14190,-1.0,11828.85768611261
456,14191,-1.0,11827.861484390163
456,14192,-1.0,11831.663030702823
456,14193,-1.0,11832.704208793335
456,14194,-1.0,11829.199553798462
456,14195,-1.0,11813.333147957565
456,14196,-1.0,11798.494967322451
456,14197,-1.0,11781.995930716448
456,14198,-1.0,11767.06072578047
456,14199,-1.0,11753.901838010002
456,14200,-1.0,11743.193793858462
456,14201,-1.0,11734.853167969535
456,14202,-1.0,11729.060807853859
456,14203,-1.0,11722.523026685452
456,14204,-1.0,11715.380896186753
456,14205,-1.0,11710.592668310395
456,14206,-1.0,11701.17544852885
456,14207,-1.0,11688.863362988284
456,14208,-1.0,11662.586780407772
456,14209,-1.0,11627.834043719871
456,14210,-1.0,11584.15667237428
456,14211,-1.0,11546.97812673105
456,14212,-1.0,11504.410258908943
456,14213,-1.0,11481.546854686922
456,14214,-1.0,11472.216727631343
456,14215,-1.0,11466.07295955085
456,14216,-1.0,11451.295517693692
456,14217,-1.0,11441.83790869562
456,14218,-1.0,11452.400028947426
456,14219,-1.0,11460.062509516449
456,14220,-1.0,11470.705934838323
456,14221,-1.0,11484.642118074038
456,14222,-1.0,11502.995276121492
456,14223,-1.0,11493.930807319211
456,14224,-1.0,11487.078980803415
456,14225,-1.0,11484.893336431818
456,14226,-1.0,11481.744067459333
456,14227,-1.0,11480.355348878851
456,14228,-1.0,11481.69661425292
456,14229,-1.0,11478.851883295183
456,14230,0.0,11475.408227730195
456,14231,1.0,11471.675654914636
456,14232,1.0,11476.903873845044
456,14233,1.0,11479.058859994833
456,14234,1.0,11478.575611281143
456,14235,1.0,11476.592675586038
456,14236,1.0,11477.010507153953
456,14237,1.0,11468.455726894783
456,14238,1.0,11462.01543503542
456,14239,1.0,11455.947738786937
456,14240,1.0,11453.233887455528
456,14241,1.0,11449.854596065543
456,14242,1.0,11445.982553324879
456,14243,1.0,11444.834443243735
456,14244,1.0,11436.324893559107
456,14245,1.0,11425.078416555234
456,14246,1.0,11416.726092607012
456,14247,1.0,11420.14117305254
456,14248,1.0,11421.143989982033
456,14249,1.0,11430.499523790695
456,14250,1.0,11442.006282769473
456,14251,1.0,11451.394668931383
456,14252,1.0,11454.42372986153
456,14253,1.0,11461.052888725892
456,14254,1.0,11463.183131086798
456,14255,1.0,11469.34741734466
456,14256,1.0,11477.298136998012
456,14257,1.0,11483.973507346998
456,14258,1.0,11484.469582599984
456,14259,1.0,11485.989106647028
456,14260,1.0,11483.992710709552
456,14261,1.0,11479.480205184256
456,14262,1.0,11478.925181328628
456,14263,0.0,11475.48150377423
456,14264,0.0,11475.48150377423
456,14265,0.0,11475.48150377423
456,14266,0.0,11475.48150377423
456,14267,0.0,11475.48150377423
456,14268,-1.0,11472.216546471442
456,14269,-1.0,11472.493959659414
456,14270,-1.0,11477.649402808023
456,14271,-1.0,11481.275726941047
456,14272,-1.0,11494.908153551853
456,14273,-1.0,11505.013029564057
456,14274,-1.0,11514.709845807009
456,14275,-1.0,11518.831832997652
456,14276,-1.0,11521.830616750109
456,14277,-1.0,11515.494534113073
456,14278,0.0,11512.03988575284
456,14279,0.0,11512.03988575284
456,14280,1.0,11509.093370315622
456,14281,1.0,11508.283108899643
456,14282,1.0,11507.873319003524
456,14283,1.0,11510.344508594855
456,14284,1.0,11512.56306047627
456,14285,1.0,11517.690376953726
456,14286,1.0,11521.782567412534
456,14287,1.0,11523.389256848757
456,14288,1.0,11520.915266613565
456,14289,0.0,11517.458992033582
456,14290,-1.0,11517.086968735513
456,14291,-1.0,11522.06632702453
456,14292,-1.0,11526.863920593807
456,14293,-1.0,11533.744537873736
456,14294,-1.0,11537.905477328568
456,14295,-1.0,11542.61345913414
456,14296,-1.0,11544.060075727475
456,14297,-1.0,11538.444631569093
456,14298,-1.0,11523.446832261548
456,14299,-1.0,11510.039881265593
456,14300,-1.0,11489.680633705955
456,14301,-1.0,11469.090361972694
456,14302,-1.0,11460.144651047422
456,14303,-1.0,11451.668145878713
456,14304,-1.0,11444.416895727707
456,14305,-1.0,11442.183017970267
456,14306,-1.0,11436.329115933144
456,14307,-1.0,11441.655299594575
456,14308,-1.0,11454.683331046694
456,14309,-1.0,11465.22811809124
456,14310,-1.0,11484.656119095529
456,14311,-1.0,11507.853774262265
456,14312,-1.0,11514.632082367123
456,14313,-1.0,11512.541923465711
456,14314,-1.0,11514.725425344841
456,14315,-1.0,11515.75229675604
456,14316,-1.0,11518.641480914122
456,14317,-1.0,11519.367942792407
456,14318,-1.0,11523.683798044383
456,14319,-1.0,11521.438263210084
456,14320,-1.0,11510.501623661376
456,14321,0.0,11507.048473174278
456,14322,1.0,11513.378699607923
456,14323,1.0,11517.665764276446
456,14324,1.0,11520.150668467371
456,14325,1.0,11511.988960447725
456,14326,0.0,11508.53536375959
456,14327,0.0,11508.53536375959
456,14328,1.0,11498.485331614687
456,14329,1.0,11493.015703782985
456,14330,0.0,11489.56779907185
456,14331,0.0,11489.56779907185
456,14332,0.0,11489.56779907185
456,14333,0.0,11489.56779907185
456,14334,0.0,11489.56779907185
456,14335,-1.0,11475.536368700266
456,14336,-1.0,11464.869838546147
456,14337,0.0,11461.430377594583
456,14338,1.0,11465.11682213445
456,14339,1.0,11467.063608455706
456,14340,0.0,11463.62348937317
456,14341,0.0,11463.62348937317
456,14342,-1.0,11462.065043096878
456,14343,-1.0,11466.839243703318
456,14344,-1.0,11464.091992532767
456,14345,-1.0,11461.41089802118
456,14346,-1.0,11460.4457743285
456,14347,-1.0,11455.209218299455
456,14348,-1.0,11452.971912889217
456,14349,-1.0,11455.481912960866
456,14350,-1.0,11461.162351623925
456,14351,-1.0,11458.105412528326
456,14352,-1.0,11459.160120821585
456,14353,-1.0,11449.867223484258
456,14354,-1.0,11441.308163295336
456,14355,-1.0,11432.339976112333
456,14356,-1.0,11428.599275008984
456,14357,-1.0,11423.621248590469
456,14358,-1.0,11425.775741677428
456,14359,-1.0,11428.365294919853
456,14360,-1.0,11426.131416821987
456,14361,-1.0,11428.870143371667
456,14362,-1.0,11432.357050015855
456,14363,-1.0,11440.797062521091
456,14364,-1.0,11449.341785429146
456,14365,-1.0,11459.727705062569
456,14366,-1.0,11460.81672342426
456,14367,-1.0,11459.19233724687
456,14368,-1.0,11457.324820852813
456,14369,-1.0,11450.258641360417
456,14370,-1.0,11436.642816525191
456,14371,-1.0,11428.139934702784
456,14372,0.0,11424.711492722374
456,14373,0.0,11424.711492722374
456,14374,0.0,11424.711492722374
456,14375,1.0,11435.575722793965
456,14376,0.0,11432.145050077126
456,14377,-1.0,11408.88633573397
456,14378,-1.0,11386.952269964298
456,14379,-1.0,11370.074550588888
456,14380,-1.0,11363.307667361612
456,14381,-1.0,11357.088131160952
456,14382,-1.0,11353.051806509287
456,14383,-1.0,11359.374850290658
456,14384,-1.0,11363.699323170451
456,14385,-1.0,11370.073652313993
456,14386,-1.0,11382.950557321705
456,14387,-1.0,11397.48088243549
456,14388,-1.0,11407.114395880313
456,14389,-1.0,11418.061663163255
456,14390,-1.0,11428.860976693335
456,14391,-1.0,11429.638714110171
456,14392,-1.0,11426.146168473946
456,14393,-1.0,11402.027859057456
456,14394,-1.0,11379.72945352167
456,14395,-1.0,11354.775029697626
456,14396,0.0,11351.368597188717
456,14397,1.0,11357.233625906492
456,14398,1.0,11350.510169089093
456,14399,0.0,11347.105016038367
456,14400,0.0,11347.105016038367
456,14401,0.0,11347.105016038367
456,14402,-1.0,11337.643709501639
456,14403,-1.0,11338.134812632936
456,14404,-1.0,11340.350174166495
456,14405,-1.0,11340.565013286554
456,14406,-1.0,11340.01560881355
456,14407,-1.0,11331.509775898738
456,14408,-1.0,11326.984672194778
456,14409,-1.0,11324.185460233215
456,14410,-1.0,11318.19987932833
456,14411,-1.0,11314.034066875867
456,14412,-1.0,11315.099037829736
456,14413,-1.0,11305.86650204165
456,14414,-1.0,11297.183705503576
456,14415,-1.0,11297.779604136873
456,14416,-1.0,11294.9554481245
456,14417,-1.0,11295.490141120179
456,14418,-1.0,11299.964839889532
456,14419,-1.0,11305.42507841144
456,14420,-1.0,11303.012094730426
456,14421,-1.0,11304.889152476966
456,14422,-1.0,11309.118671411326
456,14423,-1.0,11315.971501824055
456,14424,-1.0,11319.51653484968
456,14425,-1.0,11331.397981248436
456,14426,-1.0,11342.209237597634
456,14427,0.0,11338.806574826354
456,14428,1.0,11332.231390239001
456,14429,1.0,11324.51557132732
456,14430,1.0,11318.625766558978
456,14431,1.0,11312.343022969088
456,14432,1.0,11312.309325450327
456,14433,1.0,11311.58342407935
456,14434,1.0,11317.372869559144
456,14435,1.0,11331.80298030146
456,14436,1.0,11352.455038478241
456,14437,1.0,11369.428151881106
456,14438,1.0,11381.865445367897
456,14439,1.0,11385.941151160096
456,14440,1.0,11384.524205392552
456,14441,0.0,11381.108848130934
456,14442,0.0,11381.108848130934
456,14443,0.0,11381.108848130934
456,14444,-1.0,11391.902622409216
456,14445,-1.0,11405.60966957412
456,14446,-1.0,11422.596328748816
456,14447,-1.0,11441.47321981192
456,14448,-1.0,11454.309230642004
456,14449,-1.0,11461.955086942979
456,14450,-1.0,11468.745729240854
456,14451,-1.0,11474.95145606244
456,14452,0.0,11471.50897062562
456,14453,1.0,11462.39338728337
456,14454,1.0,11456.153948061343
456,14455,1.0,11462.70917592324
456,14456,1.0,11485.890830899538
456,14457,1.0,11513.369492243566
456,14458,1.0,11546.840476668378
456,14459,1.0,11566.558840993619
456,14460,1.0,11580.787631813684
456,14461,1.0,11591.913090697093
456,14462,0.0,11588.435516769885
456,14463,0.0,11588.435516769885
456,14464,-1.0,11572.966272457124
456,14465,-1.0,11561.975450480095
456,14466,-1.0,11548.740048172202
456,14467,-1.0,11534.31813126222
456,14468,-1.0,11542.582852711606
456,14469,-1.0,11561.565613239212
456,14470,-1.0,11577.273047075967
456,14471,-1.0,11616.564144573345
456,14472,-1.0,11649.066781231066
456,14473,-1.0,11661.441605869615
456,14474,-1.0,11675.855294100691
456,14475,-1.0,11703.076019523809
456,14476,-1.0,11731.272135109506
456,14477,-1.0,11748.942892317253
456,14478,-1.0,11758.806396464886
456,14479,-1.0,11764.95001507881
456,14480,0.0,11761.420530074287
456,14481,1.0,11755.642446403686
456,14482,1.0,11748.18566724323
456,14483,1.0,11730.505558080999
456,14484,1.0,11730.531028636033
456,14485,1.0,11741.28916963474
456,14486,1.0,11761.288332203054
456,14487,1.0,11777.346114050279
456,14488,1.0,11792.56237737177
456,14489,1.0,11801.514610705526
456,14490,1.0,11812.257488982472
456,14491,1.0,11819.390715324213
456,14492,1.0,11826.247729958173
456,14493,1.0,11841.016450941595
456,14494,1.0,11845.027450396146
456,14495,1.0,11837.475335021869
456,14496,0.0,11833.924092421363
456,14497,0.0,11833.924092421363
456,14498,0.0,11833.924092421363
456,14499,0.0,11833.924092421363
456,14500,0.0,11833.924092421363
456,14501,-1.0,11833.831684644283
456,14502,-1.0,11838.21546316021
456,14503,-1.0,11843.894356930372
456,14504,-1.0,11848.400921695216
456,14505,-1.0,11850.273855552763
456,14506,-1.0,11853.040204407833
456,14507,-1.0,11858.538085788812
456,14508,-1.0,11855.698830237032
456,14509,-1.0,11859.424118265626
456,14510,-1.0,11859.092862371268
456,14511,-1.0,11860.321408946013
456,14512,-1.0,11857.693346918995
456,14513,-1.0,11859.355225993988
456,14514,-1.0,11857.354732199352
456,14515,-1.0,11855.656987466058
456,14516,-1.0,11850.017014578081
456,14517,-1.0,11847.430376203278
456,14518,-1.0,11845.326428259972
456,14519,-1.0,11842.400404196605
456,14520,-1.0,11837.262947046498
456,14521,-1.0,11832.256943519571
456,14522,-1.0,11826.07891423643
456,14523,-1.0,11825.149239165918
456,14524,-1.0,11820.632522255793
456,14525,-1.0,11817.07009810264
456,14526,-1.0,11816.60578663019
456,14527,-1.0,11818.366768168848
456,14528,-1.0,11819.824330426678
456,14529,-1.0,11824.56790216178
456,14530,-1.0,11832.631665010616
456,14531,-1.0,11836.652288871232
456,14532,-1.0,11836.395673307945
456,14533,-1.0,11831.59864255821
456,14534,-1.0,11829.032698781779
456,14535,-1.0,11822.5735660341
456,14536,-1.0,11814.097392018222
456,14537,-1.0,11806.208864513485
456,14538,-1.0,11797.929241197426
456,14539,-1.0,11787.159694862163
456,14540,-1.0,11777.216710846764
456,14541,-1.0,11772.454009274756
456,14542,-1.0,11772.103318377562
456,14543,-1.0,11772.543229099843
456,14544,-1.0,11774.653564851835
456,14545,-1.0,11784.99206012466
456,14546,-1.0,11795.965348033025
456,14547,-1.0,11799.935951012238
456,14548,-1.0,11806.9722548842
456,14549,-1.0,11810.106015153578
456,14550,-1.0,11805.913556110692
456,14551,-1.0,11801.850215939015
456,14552,-1.0,11803.266504993435
456,14553,-1.0,11797.919074425296
456,14554,-1.0,11794.940298989177
456,14555,-1.0,11791.45443780725
456,14556,-1.0,11788.231225027686
456,14557,-1.0,11784.09214482598
456,14558,0.0,11780.556917182532
456,14559,0.0,11780.556917182532
456,14560,0.0,11780.556917182532
456,14561,0.0,11780.556917182532
456,14562,0.0,11780.556917182532
456,14563,-1.0,11768.809273683744
456,14564,-1.0,11765.023678570122
456,14565,-1.0,11765.533182276795
456,14566,-1.0,11764.861162930734
456,14567,-1.0,11766.530083511369
456,14568,-1.0,11771.654617949867
456,14569,-1.0,11770.848490804843
456,14570,-1.0,11771.41561886854
456,14571,-1.0,11774.490433336916
456,14572,-1.0,11770.157911483031
456,14573,-1.0,11763.388109739313
456,14574,-1.0,11763.712859139412
456,14575,-1.0,11765.629828606387
456,14576,-1.0,11764.66459112311
456,14577,-1.0,11769.619190656287
456,14578,-1.0,11775.550240140916
456,14579,-1.0,11781.188392194757
456,14580,-1.0,11784.82770854747
456,14581,-1.0,11791.240690884166
456,14582,-1.0,11796.783265828835
456,14583,-1.0,11804.107732152963
456,14584,-1.0,11808.023392346251
456,14585,-1.0,11813.047196077998
456,14586,0.0,11809.503281919175
456,14587,1.0,11796.311715574828
456,14588,1.0,11780.695429107618
456,14589,1.0,11749.246388676174
456,14590,1.0,11717.397727962725
456,14591,1.0,11677.548704643114
456,14592,1.0,11641.126848932307
456,14593,1.0,11620.617083085333
456,14594,1.0,11613.149420852209
456,14595,1.0,11605.807844860092
456,14596,1.0,11606.041367710937
456,14597,1.0,11619.525827275034
456,14598,1.0,11621.689034908273
456,14599,1.0,11618.786318058648
456,14600,1.0,11615.447803125406
456,14601,1.0,11613.385451649337
456,14602,1.0,11601.958742436904
456,14603,1.0,11605.01361748631
456,14604,1.0,11619.50684296746
456,14605,1.0,11637.228955060747
456,14606,1.0,11653.119194682857
456,14607,1.0,11665.870115804466
456,14608,1.0,11664.348929420936
456,14609,1.0,11660.200170680244
456,14610,1.0,11657.094499208333
456,14611,0.0,11653.597370858572
456,14612,0.0,11653.597370858572
456,14613,0.0,11653.597370858572
456,14614,0.0,11653.597370858572
456,14615,0.0,11653.597370858572
456,14616,-1.0,11650.041154781726
456,14617,-1.0,11649.79747263738
456,14618,-1.0,11651.793773365509
456,14619,-1.0,11650.970978277268
456,14620,-1.0,11651.325362627653
456,14621,-1.0,11651.050054183921
456,14622,-1.0,11648.88525513712
456,14623,-1.0,11650.394485150508
456,14624,-1.0,11653.840073511205
456,14625,-1.0,11656.533506745824
456,14626,-1.0,11658.027766473944
456,14627,-1.0,11659.614041706136
456,14628,-1.0,11658.41995884866
456,14629,-1.0,11658.33127979505
456,14630,-1.0,11659.750083813255
456,14631,-1.0,11648.582945079277
456,14632,-1.0,11637.404238347743
456,14633,-1.0,11631.189768393358
456,14634,-1.0,11626.949467397433
456,14635,-1.0,11631.491868928086
456,14636,-1.0,11645.15901791798
456,14637,-1.0,11663.689966355107
456,14638,-1.0,11682.16602876506
456,14639,-1.0,11693.891142255578
456,14640,-1.0,11698.086447155696
456,14641,-1.0,11705.434425278652
456,14642,-1.0,11705.698493126269
456,14643,-1.0,11704.21846014835
456,14644,-1.0,11710.629305913078
456,14645,-1.0,11717.446148538973
456,14646,-1.0,11717.955820873807
456,14647,0.0,11714.440434127546
456,14648,1.0,11703.397138344508
456,14649,1.0,11699.746144182558
456,14650,1.0,11693.269051382826
456,14651,1.0,11671.645373703563
456,14652,1.0,11652.991427314555
456,14653,1.0,11655.324673937619
456,14654,1.0,11653.539403306937
456,14655,1.0,11650.732154685664
456,14656,1.0,11661.73406009678
456,14657,1.0,11659.342607315533
456,14658,1.0,11637.112040481528
456,14659,1.0,11624.575765152038
456,14660,1.0,11607.456760813842
456,14661,1.0,11592.851617807462
456,14662,1.0,11589.829614030597
456,14663,1.0,11592.643730415259
456,14664,1.0,11586.599648379392
456,14665,1.0,11588.371973076817
456,14666,1.0,11578.56214454345
456,14667,1.0,11564.170317587648
456,14668,1.0,11552.31767568987
456,14669,1.0,11539.925242050705
456,14670,1.0,11533.554558332171
456,14671,1.0,11524.628882623703
456,14672,1.0,11528.363873567814
456,14673,1.0,11528.247542251233
456,14674,1.0,11524.721662962873
456,14675,1.0,11518.289842583452
456,14676,1.0,11522.797375597798
456,14677,1.0,11517.467842029333
456,14678,1.0,11511.785502480116
456,14679,1.0,11512.005426225458
456,14680,0.0,11508.55182459759
456,14681,-1.0,11497.410765086477
456,14682,-1.0,11483.61136053438
456,14683,-1.0,11469.021961565832
456,14684,-1.0,11455.390650126868
456,14685,-1.0,11448.14631927193
456,14686,-1.0,11448.052692896319
456,14687,-1.0,11452.910112652411
456,14688,-1.0,11453.833963964762
456,14689,-1.0,11452.347805691157
456,14690,-1.0,11452.060540661596
456,14691,-1.0,11451.807665090704
456,14692,-1.0,11464.452082163209
456,14693,-1.0,11476.962647982722
456,14694,-1.0,11482.070802375385
456,14695,-1.0,11484.716050526888
456,14696,-1.0,11489.227466516082
456,14697,-1.0,11486.210882674593
456,14698,-1.0,11484.904060253262
456,14699,-1.0,11488.214201934365
456,14700,-1.0,11501.397310303139
456,14701,-1.0,11517.101931837133
456,14702,-1.0,11527.673385227237
456,14703,-1.0,11539.40356931308
456,14704,-1.0,11550.227498094186
456,14705,-1.0,11549.6567330879
456,14706,-1.0,11543.749290117328
456,14707,-1.0,11524.259363466943
456,14708,-1.0,11505.238335983437
456,14709,-1.0,11490.265028888289
456,14710,0.0,11486.817949379623
456,14711,0.0,11486.817949379623
456,14712,1.0,11486.096616513636
456,14713,0.0,11482.650787528682
456,14714,0.0,11482.650787528682
456,14715,-1.0,11472.344377800804
456,14716,-1.0,11464.781318749243
456,14717,-1.0,11462.059353232537
456,14718,-1.0,11444.266518906416
456,14719,-1.0,11427.733717833247
456,14720,-1.0,11422.077080936493
456,14721,-1.0,11419.27000334059
456,14722,-1.0,11405.664516181754
456,14723,-1.0,11395.169652154262
456,14724,-1.0,11377.915205604364
456,14725,-1.0,11354.570801600694
456,14726,-1.0,11331.49462457983
456,14727,-1.0,11325.594236102796
456,14728,-1.0,11319.898365487386
456,14729,-1.0,11315.067867478452
456,14730,-1.0,11319.956173075287
456,14731,-1.0,11330.172556777798
456,14732,-1.0,11327.17338219693
456,14733,-1.0,11315.394485338233
456,14734,-1.0,11310.986328428164
456,14735,-1.0,11302.851902857768
456,14736,-1.0,11290.104577052103
456,14737,-1.0,11287.921319368936
456,14738,-1.0,11292.393289472373
456,14739,-1.0,11293.289357233774
456,14740,-1.0,11287.383563505186
456,14741,-1.0,11273.778396750273
456,14742,-1.0,11257.236135005127
456,14743,-1.0,11242.62430422768
456,14744,-1.0,11232.098303330853
456,14745,-1.0,11225.15962046224
456,14746,-1.0,11221.716400347002
456,14747,-1.0,11214.037898109043
456,14748,-1.0,11208.74677415397
456,14749,-1.0,11210.006736186635
456,14750,-1.0,11207.31634377303
456,14751,-1.0,11211.978688760182
456,14752,-1.0,11213.149973788548
456,14753,-1.0,11212.663142046038
456,14754,-1.0,11205.465253234333
456,14755,-1.0,11200.525910133698
456,14756,-1.0,11195.028246597452
456,14757,-1.0,11194.605962257368
456,14758,-1.0,11192.227572732278
456,14759,-1.0,11192.576861451173
456,14760,-1.0,11196.870657194042
456,14761,-1.0,11203.876883839903
456,14762,0.0,11200.51572077475
456,14763,1.0,11195.718359114826
456,14764,1.0,11201.415237557901
456,14765,1.0,11205.543822139884
456,14766,1.0,11214.528374271471
456,14767,1.0,11226.31780553527
456,14768,1.0,11233.38730039608
456,14769,1.0,11236.205782327152
456,14770,1.0,11239.492080011056
456,14771,1.0,11240.42211327408
456,14772,1.0,11233.966810741576
456,14773,1.0,11224.84696650048
456,14774,1.0,11216.077412242112
456,14775,1.0,11203.698851488794
456,14776,1.0,11194.87568429674
456,14777,1.0,11187.060907585956
456,14778,1.0,11177.601397414373
456,14779,1.0,11166.113589311162
456,14780,1.0,11165.74369053966
456,14781,1.0,11168.562909555467
456,14782,1.0,11172.234905839601
456,14783,1.0,11179.95423824083
456,14784,1.0,11194.891411183224
456,14785,1.0,11208.440120601781
456,14786,1.0,11216.441216248051
456,14787,1.0,11237.102198005947
456,14788,1.0,11300.32841417301
456,14789,1.0,11306.377338570468
456,14790,1.0,11310.360636239653
456,14791,1.0,11303.841740430524
456,14792,0.0,11300.450587908395
456,14793,-1.0,11392.930132615182
456,14794,-1.0,11461.309157811462
456,14795,-1.0,11538.641993489378
456,14796,-1.0,11629.732375294174
456,14797,-1.0,11741.679953876852
456,14798,-1.0,11816.74285186727
456,14799,-1.0,11843.314903010216
456,14800,0.0,11839.761908539313
456,14801,1.0,11820.848706423412
456,14802,1.0,11847.24883408182
456,14803,1.0,11883.64772139129
456,14804,1.0,11904.604725542564
456,14805,1.0,11909.678102727019
456,14806,1.0,11938.854171814832
456,14807,1.0,11960.327024727601
456,14808,1.0,11948.724431290746
456,14809,1.0,11930.181308076113
456,14810,1.0,11929.050864096625
456,14811,1.0,11928.51306242961
456,14812,1.0,11921.20617181398
456,14813,1.0,11924.543360213273
456,14814,1.0,11928.614661103526
456,14815,1.0,11917.40510657646
456,14816,1.0,11915.809485855367
456,14817,0.0,11912.23474300961
456,14818,0.0,11912.23474300961
456,14819,0.0,11912.23474300961
456,14820,0.0,11912.23474300961
456,14821,0.0,11912.23474300961
456,14822,-1.0,11906.636120790787
456,14823,-1.0,11905.497244453089
456,14824,-1.0,11902.707747710378
456,14825,-1.0,11888.48234755189
456,14826,-1.0,11877.035231021553
456,14827,-1.0,11864.647622620216
456,14828,-1.0,11849.558669046004
456,14829,-1.0,11831.916365497314
456,14830,-1.0,11836.405787220672
456,14831,-1.0,11831.07313956382
456,14832,-1.0,11834.260607475215
456,14833,-1.0,11838.14598015085
456,14834,-1.0,11841.296178883347
456,14835,-1.0,11833.393291398948
456,14836,-1.0,11827.647779792074
456,14837,-1.0,11811.85285482534
456,14838,-1.0,11793.127141271567
456,14839,-1.0,11769.833750298445
456,14840,-1.0,11748.484058843293
456,14841,-1.0,11738.731548134634
456,14842,-1.0,11736.295713580717
456,14843,-1.0,11733.455018749213
456,14844,-1.0,11734.478038770438
456,14845,-1.0,11738.508802903509
456,14846,-1.0,11737.427364132926
456,14847,-1.0,11741.567923809907
456,14848,-1.0,11760.359429393999
456,14849,-1.0,11778.856077351798
456,14850,-1.0,11799.510325744674
456,14851,-1.0,11819.487208180306
456,14852,-1.0,11834.29837404194
456,14853,-1.0,11837.832084212929
456,14854,-1.0,11853.090865531874
456,14855,-1.0,11864.289192202858
456,14856,-1.0,11868.820542316196
456,14857,-1.0,11863.91391485355
456,14858,0.0,11860.354740679095
456,14859,1.0,11863.901045675148
456,14860,1.0,11863.07768208351
456,14861,1.0,11861.840040680614
456,14862,1.0,11828.337431032123
456,14863,1.0,11793.467113854547
456,14864,1.0,11771.578176114244
456,14865,0.0,11768.04670266141
456,14866,1.0,11751.231667003884
456,14867,1.0,11755.303740211324
456,14868,1.0,11758.555920730714
456,14869,1.0,11759.60154091029
456,14870,1.0,11764.72598202378
456,14871,1.0,11763.62576624375
456,14872,1.0,11779.497495602305
456,14873,1.0,11802.815683490267
456,14874,1.0,11826.549685973156
456,14875,1.0,11842.54383254482
456,14876,1.0,11859.614424218698
456,14877,1.0,11862.16158039388
456,14878,1.0,11866.533863173718
456,14879,0.0,11862.973903014767
456,14880,-1.0,11852.450445441384
456,14881,-1.0,11842.510753035094
456,14882,-1.0,11828.417837347113
456,14883,-1.0,11831.365298063889
456,14884,-1.0,11830.951798511716
456,14885,-1.0,11835.946586868886
456,14886,-1.0,11847.45299409173
456,14887,-1.0,11857.005892303156
456,14888,-1.0,11858.054658930378
456,14889,-1.0,11859.576349341834
456,14890,-1.0,11863.610737677953
456,14891,-1.0,11866.364834077569
456,14892,-1.0,11872.72282205797
456,14893,-1.0,11883.84120646291
456,14894,-1.0,11895.478121161796
456,14895,-1.0,11909.912445179376
456,14896,-1.0,11915.882644131778
456,14897,-1.0,11920.09569084444
456,14898,-1.0,11922.981832165437
456,14899,-1.0,11922.538611503178
456,14900,-1.0,11919.232844592561
456,14901,-1.0,11927.448747628629
456,14902,0.0,11923.87051300434
456,14903,1.0,11913.676939363964
456,14904,1.0,11905.637107321612
456,14905,1.0,11896.162962985596
456,14906,1.0,11887.836921235074
456,14907,1.0,11881.021815312173
456,14908,1.0,11869.148481768769
456,14909,1.0,11863.944612963007
456,14910,1.0,11868.634775010272
456,14911,1.0,11881.19624268907
456,14912,1.0,11893.766656478723
456,14913,1.0,11907.1591881717
456,14914,1.0,11902.415313145522
456,14915,1.0,11894.264730644169
456,14916,1.0,11879.565923144482
456,14917,1.0,11855.28975820521
456,14918,0.0,11851.733171277749
456,14919,-1.0,11877.823904519228
456,14920,-1.0,11919.147837792549
456,14921,-1.0,11970.967370034512
456,14922,-1.0,12013.539712388092
456,14923,-1.0,12059.563206223462
456,14924,-1.0,12077.4905067706
456,14925,0.0,12073.86725961857
456,14926,1.0,12069.713968356358
456,14927,1.0,12069.156512902982
456,14928,1.0,12068.27726429222
456,14929,1.0,12069.464669324834
456,14930,1.0,12063.859694411603
456,14931,1.0,12072.978027149098
456,14932,1.0,12085.259207879033
456,14933,1.0,12108.713355938155
456,14934,1.0,12140.774394401586
456,14935,1.0,12173.724152964132
456,14936,1.0,12206.026714138685
456,14937,1.0,12240.77106002718
456,14938,1.0,12268.733272401758
456,14939,0.0,12265.052652420038
456,14940,-1.0,12220.065261306841
456,14941,-1.0,12188.686563567328
456,14942,-1.0,12163.049630052163
456,14943,-1.0,12146.68987522799
456,14944,-1.0,12158.900773939398
456,14945,-1.0,12173.728843274539
456,14946,-1.0,12184.3826944607
456,14947,-1.0,12195.7212077585
456,14948,-1.0,12199.669079024561
456,14949,-1.0,12192.733090404548
456,14950,-1.0,12174.036171100095
456,14951,-1.0,12151.510376199798
456,14952,-1.0,12128.029152060995
456,14953,-1.0,12106.101012814608
456,14954,-1.0,12078.251148036381
456,14955,-1.0,12061.582694259192
456,14956,-1.0,12044.140892242905
456,14957,-1.0,12028.564007699522
456,14958,-1.0,12012.473500554352
456,14959,-1.0,11991.866492137717
456,14960,-1.0,11974.250729122667
456,14961,-1.0,11962.787929289774
456,14962,-1.0,11949.211844196547
456,14963,-1.0,11937.353612023802
456,14964,-1.0,11942.009223025581
456,14965,-1.0,11941.651405525381
456,14966,-1.0,11940.02824713663
456,14967,-1.0,11938.766464445165
456,14968,-1.0,11947.552507945487
456,14969,-1.0,11957.038079394204
456,14970,-1.0,11974.967216846202
456,14971,-1.0,11983.707914436594
456,14972,-1.0,11992.832853449945
456,14973,-1.0,11995.778053848753
456,14974,-1.0,11998.342445866501
456,14975,-1.0,11998.673022993182
456,14976,0.0,11995.073421086285
456,14977,1.0,11985.72118892363
456,14978,1.0,11983.071102941632
456,14979,1.0,11987.038627554099
456,14980,1.0,11993.013004027058
456,14981,1.0,11994.883651685444
456,14982,1.0,12004.267205415468
456,14983,1.0,12006.705930870345
456,14984,1.0,12001.209717343892
456,14985,1.0,11994.269206343835
456,14986,1.0,11994.308448690455
456,14987,1.0,11984.76601351123
456,14988,1.0,11980.730681722112
456,14989,1.0,11985.472430914537
456,14990,1.0,11991.289551698308
456,14991,1.0,11990.096230793166
456,14992,1.0,11986.254673114858
456,14993,1.0,11988.29778677013
456,14994,1.0,11990.3537918324
456,14995,1.0,12007.548761503851
456,14996,1.0,12020.114877181913
456,14997,1.0,12017.318191625905
456,14998,1.0,12023.688475710009
456,14999,1.0,12025.812474527665
456,15000,1.0,12010.664173996352
456,15001,1.0,11993.85491455605
456,15002,1.0,11987.038828210996
456,15003,1.0,11965.539314502661
456,15004,1.0,11932.798644505227
456,15005,1.0,11903.098621595558
456,15006,1.0,11879.091770647607
456,15007,1.0,11854.342892604367
456,15008,1.0,11826.385598929872
456,15009,1.0,11789.599201856747
456,15010,1.0,11731.864373022896
456,15011,1.0,11639.582753643084
456,15012,1.0,11577.548307925945
456,15013,1.0,11517.709006773868
456,15014,1.0,11501.172017064311
456,15015,1.0,11516.676318844822
456,15016,1.0,11551.128687551713
456,15017,1.0,11565.897461300743
456,15018,1.0,11572.862210993404
456,15019,1.0,11553.12734784626
456,15020,1.0,11521.46602891163
456,15021,1.0,11510.943884770213
456,15022,1.0,11517.472732808901
456,15023,1.0,11532.833306277917
456,15024,1.0,11561.614434600857
456,15025,1.0,11579.950469652193
456,15026,1.0,11582.895231015009
456,15027,1.0,11572.529640719315
456,15028,1.0,11561.078381863068
456,15029,1.0,11542.451124749514
456,15030,0.0,11538.988389412089
456,15031,-1.0,11530.385759380815
456,15032,-1.0,11531.440719857133
456,15033,-1.0,11527.764413858782
456,15034,-1.0,11523.703498105231
456,15035,-1.0,11527.026532221262
456,15036,-1.0,11526.418514389714
456,15037,-1.0,11524.752541237109
456,15038,-1.0,11519.711661622152
456,15039,-1.0,11516.594812936997
456,15040,-1.0,11510.59949817707
456,15041,-1.0,11500.458708762784
456,15042,-1.0,11484.281253135036
456,15043,-1.0,11475.548151461038
456,15044,-1.0,11466.73388213219
456,15045,-1.0,11459.454739365123
456,15046,-1.0,11455.856563243018
456,15047,-1.0,11458.895828799012
456,15048,-1.0,11457.990206956927
456,15049,-1.0,11450.802810409286
456,15050,-1.0,11444.40245608333
456,15051,-1.0,11441.381640086767
456,15052,-1.0,11439.47889353
456,15053,-1.0,11440.01879185437
456,15054,-1.0,11448.194319037502
456,15055,-1.0,11452.900547629122
456,15056,-1.0,11455.159389638433
456,15057,-1.0,11454.744499884262
456,15058,-1.0,11454.515040369022
456,15059,-1.0,11455.030560519404
456,15060,-1.0,11458.192162359674
456,15061,-1.0,11460.770009112208
456,15062,-1.0,11464.169245678666
456,15063,-1.0,11471.486386156706
456,15064,-1.0,11478.283381735264
456,15065,-1.0,11485.329918816527
456,15066,-1.0,11492.676928385199
456,15067,-1.0,11498.928591532034
456,15068,-1.0,11496.888938649921
456,15069,-1.0,11494.502203807926
456,15070,-1.0,11492.52315159133
456,15071,-1.0,11492.075019046455
456,15072,-1.0,11491.648989932142
456,15073,-1.0,11492.822575160217
456,15074,-1.0,11495.974704770297
456,15075,-1.0,11498.395543950994
456,15076,-1.0,11498.809157121375
456,15077,-1.0,11498.076616325308
456,15078,-1.0,11496.210896633174
456,15079,-1.0,11488.239266938597
456,15080,-1.0,11485.093946635194
456,15081,-1.0,11480.271765871339
456,15082,-1.0,11475.307031752001
456,15083,-1.0,11472.059254671576
456,15084,-1.0,11471.127368045743
456,15085,-1.0,11462.35363217313
456,15086,-1.0,11451.709875753591
456,15087,-1.0,11442.353132960665
456,15088,-1.0,11436.813840970142
456,15089,-1.0,11432.162823831046
456,15090,-1.0,11430.284283585415
456,15091,-1.0,11431.431523275007
456,15092,-1.0,11433.488006887577
456,15093,-1.0,11437.038227447545
456,15094,-1.0,11442.019980268287
456,15095,-1.0,11446.228461855153
456,15096,-1.0,11452.77373962452
456,15097,-1.0,11457.630191647811
456,15098,-1.0,11457.928856030869
456,15099,-1.0,11461.469251952936
456,15100,-1.0,11467.381489071431
456,15101,-1.0,11471.497533415553
456,15102,-1.0,11478.079524177654
456,15103,-1.0,11484.457320192976
456,15104,-1.0,11488.442052126713
456,15105,-1.0,11489.697278297544
456,15106,-1.0,11490.965218013002
456,15107,-1.0,11491.21130209655
456,15108,-1.0,11494.085402344557
456,15109,0.0,11490.637176723854
456,15110,1.0,11480.788932922129
456,15111,0.0,11477.344696242253
456,15112,1.0,11470.287006958924
456,15113,0.0,11466.845920856837
456,15114,0.0,11466.845920856837
456,15115,0.0,11466.845920856837
456,15116,0.0,11466.845920856837
456,15117,0.0,11466.845920856837
456,15118,0.0,11466.845920856837
456,15119,1.0,11457.914820308824
456,15120,1.0,11454.952420234897
456,15121,1.0,11456.645854984185
456,15122,0.0,11453.20886122769
456,15123,0.0,11453.20886122769
456,15124,0.0,11453.20886122769
456,15125,0.0,11453.20886122769
456,15126,0.0,11453.20886122769
456,15127,0.0,11453.20886122769
456,15128,-1.0,11461.207553368245
456,15129,-1.0,11470.763744161864
456,15130,-1.0,11476.881520280807
456,15131,-1.0,11475.84049548604
456,15132,-1.0,11476.455533537512
456,15133,-1.0,11470.566312136754
456,15134,-1.0,11460.921797894365
456,15135,-1.0,11440.204996651037
456,15136,-1.0,11404.58688709263
456,15137,-1.0,11373.036878203404
456,15138,-1.0,11346.417429972966
456,15139,-1.0,11319.177028898357
456,15140,-1.0,11308.124953000646
456,15141,-1.0,11315.731295449317
456,15142,-1.0,11320.241055101342
456,15143,-1.0,11328.003716487983
456,15144,-1.0,11351.027396026257
456,15145,-1.0,11374.566281379548
456,15146,-1.0,11397.640865161298
456,15147,-1.0,11421.705825643898
456,15148,-1.0,11432.488026631185
456,15149,-1.0,11415.377143053363
456,15150,-1.0,11401.678623384818
456,15151,-1.0,11382.51148980838
456,15152,-1.0,11362.193463307833
456,15153,-1.0,11352.06242525009
456,15154,-1.0,11353.51924658007
456,15155,-1.0,11347.210610948012
456,15156,-1.0,11345.414871308134
456,15157,-1.0,11342.081891251544
456,15158,-1.0,11337.68623592473
456,15159,-1.0,11337.667579986393
456,15160,-1.0,11337.011518059866
456,15161,-1.0,11335.690230778458
456,15162,-1.0,11325.740095876814
456,15163,-1.0,11308.795119682738
456,15164,-1.0,11285.37648832018
456,15165,-1.0,11260.547078376361
456,15166,-1.0,11237.482835243243
456,15167,-1.0,11221.063525933509
456,15168,-1.0,11216.246807896454
456,15169,-1.0,11217.262864289743
456,15170,-1.0,11219.98537494968
456,15171,-1.0,11215.109941026747
456,15172,-1.0,11202.456682162112
456,15173,-1.0,11188.199149598046
456,15174,-1.0,11170.74121511368
456,15175,-1.0,11154.258991258575
456,15176,-1.0,11144.474877326591
456,15177,-1.0,11146.682821543789
456,15178,-1.0,11150.34147293995
456,15179,-1.0,11152.480566387605
456,15180,-1.0,11155.817978101151
456,15181,-1.0,11156.695978992604
456,15182,-1.0,11156.076954045582
456,15183,-1.0,11149.178066644685
456,15184,-1.0,11144.189459050343
456,15185,-1.0,11144.737830890488
456,15186,-1.0,11143.184459762542
456,15187,-1.0,11146.586307891586
456,15188,-1.0,11151.471174333576
456,15189,-1.0,11165.504144518589
456,15190,-1.0,11176.496151015925
456,15191,-1.0,11187.787083399133
456,15192,0.0,11184.430747274113
456,15193,1.0,11160.97187958471
456,15194,1.0,11151.275203403995
456,15195,1.0,11145.660256668516
456,15196,1.0,11134.614696091907
456,15197,1.0,11122.456124051296
456,15198,1.0,11112.423779337449
456,15199,1.0,11103.679713233156
456,15200,1.0,11097.538696264402
456,15201,1.0,11076.976613046494
456,15202,1.0,11061.92244102643
456,15203,1.0,11059.666781161204
456,15204,1.0,11053.827175985241
456,15205,1.0,11042.58371772734
456,15206,1.0,11047.169846613588
456,15207,1.0,11046.915390854068
456,15208,1.0,11045.04086984353
456,15209,1.0,11050.769853371583
456,15210,1.0,11068.291498265658
456,15211,1.0,11087.381263840956
456,15212,1.0,11106.140110898803
456,15213,1.0,11123.238107589503
456,15214,1.0,11132.12566970425
456,15215,1.0,11132.46093374923
456,15216,1.0,11137.370099342153
456,15217,0.0,11134.02888831235
456,15218,0.0,11134.02888831235
456,15219,-1.0,11124.515706030901
456,15220,-1.0,11122.322816606096
456,15221,-1.0,11131.446214788142
456,15222,-1.0,11141.14945176696
456,15223,-1.0,11143.332565600793
456,15224,-1.0,11149.193202107092
456,15225,-1.0,11143.324524535834
456,15226,-1.0,11137.374273431862
456,15227,-1.0,11130.097292347255
456,15228,-1.0,11122.986495675274
456,15229,-1.0,11113.052816169558
456,15230,-1.0,11111.666420416272
456,15231,-1.0,11100.57546349532
456,15232,-1.0,11092.151631388213
456,15233,-1.0,11089.715097604629
456,15234,-1.0,11081.937320274163
456,15235,-1.0,11073.940353442867
456,15236,-1.0,11076.45037524553
456,15237,-1.0,11075.787045270146
456,15238,-1.0,11072.064224090469
456,15239,-1.0,11074.34923439358
456,15240,-1.0,11081.233064906952
456,15241,-1.0,11078.245039904503
456,15242,-1.0,11074.101076012961
456,15243,-1.0,11073.901249935618
456,15244,-1.0,11074.39778137517
456,15245,-1.0,11066.63423292903
456,15246,-1.0,11062.843102083685
456,15247,-1.0,11064.400395528068
456,15248,-1.0,11067.041186605527
456,15249,-1.0,11070.297045050807
456,15250,-1.0,11078.406306226905
456,15251,-1.0,11084.019892228649
456,15252,-1.0,11086.765149694553
456,15253,-1.0,11090.576121295227
456,15254,-1.0,11092.189793202917
456,15255,-1.0,11093.976848653569
456,15256,-1.0,11101.130117292316
456,15257,0.0,11097.79977825713
456,15258,1.0,11084.354951935878
456,15259,1.0,11071.8329666099
456,15260,1.0,11058.535788593597
456,15261,1.0,11048.093487763834
456,15262,1.0,11040.253646910338
456,15263,1.0,11026.720241570347
456,15264,1.0,11017.250764220062
456,15265,1.0,11006.151803812776
456,15266,1.0,10997.675339926109
456,15267,1.0,10996.861839351692
456,15268,1.0,10998.905797874751
456,15269,1.0,11005.29971280927
456,15270,1.0,11016.243924838602
456,15271,1.0,11015.8061003512
456,15272,1.0,11009.160121592764
456,15273,1.0,11010.539118471224
456,15274,1.0,11002.646217493448
456,15275,1.0,10991.616062647487
456,15276,1.0,10988.1904536724
456,15277,1.0,10992.666890107696
456,15278,1.0,10993.841804393121
456,15279,1.0,10991.895020476217
456,15280,1.0,10988.558765870654
456,15281,1.0,11007.65484021285
456,15282,1.0,11021.609233896674
456,15283,0.0,11018.302751126505
456,15284,0.0,11018.302751126505
456,15285,0.0,11018.302751126505
456,15286,0.0,11018.302751126505
456,15287,0.0,11018.302751126505
456,15288,-1.0,11002.582867151288
456,15289,-1.0,10989.56375113913
456,15290,-1.0,10969.884849193042
456,15291,-1.0,10951.615431927576
456,15292,-1.0,10940.615137650357
456,15293,-1.0,10933.359536456614
456,15294,-1.0,10941.066088159005
456,15295,-1.0,10945.78809113327
456,15296,-1.0,10939.370022103361
456,15297,-1.0,10931.967367268651
456,15298,-1.0,10917.778873861265
456,15299,-1.0,10897.401079704783
456,15300,-1.0,10889.032332084347
456,15301,-1.0,10876.620940076384
456,15302,-1.0,10864.452319423848
456,15303,-1.0,10854.255706648699
456,15304,-1.0,10846.951445815443
456,15305,-1.0,10824.014151053598
456,15306,-1.0,10809.445227049737
456,15307,-1.0,10787.313390140032
456,15308,-1.0,10779.336285075035
456,15309,-1.0,10770.861520160732
456,15310,-1.0,10779.71937986374
456,15311,-1.0,10787.605565117416
456,15312,-1.0,10804.841651548384
456,15313,-1.0,10805.84224701582
456,15314,-1.0,10803.274662327363
456,15315,-1.0,10793.67619789025
456,15316,-1.0,10787.206235657326
456,15317,-1.0,10787.053335371003
456,15318,-1.0,10794.575523904232
456,15319,-1.0,10803.424117839451
456,15320,-1.0,10815.73530447149
456,15321,-1.0,10826.429096037686
456,15322,-1.0,10824.37812339421
456,15323,-1.0,10819.075932142701
456,15324,0.0,10815.83020936306
456,15325,1.0,10815.28037051423
456,15326,1.0,10813.912532138058
456,15327,1.0,10815.742662448385
456,15328,1.0,10815.203401301442
456,15329,1.0,10818.899771038297
456,15330,1.0,10826.701717543181
456,15331,1.0,10836.565343293529
456,15332,1.0,10841.469850213693
456,15333,1.0,10845.95688351551
456,15334,1.0,10852.75346450225
456,15335,1.0,10856.637223285223
456,15336,1.0,10871.847418339281
456,15337,1.0,10893.17562422147
456,15338,1.0,10913.679172933274
456,15339,1.0,10933.354296468098
456,15340,1.0,10951.64527307981
456,15341,1.0,10960.351673616087
456,15342,0.0,10957.063568114003
456,15343,-1.0,10941.570175804767
456,15344,-1.0,10933.076839564483
456,15345,-1.0,10926.298812330113
456,15346,-1.0,10918.753745511409
456,15347,-1.0,10915.698552308473
456,15348,-1.0,10918.197243194598
456,15349,-1.0,10915.110467067123
456,15350,-1.0,10909.068215531956
456,15351,-1.0,10905.213871415748
456,15352,-1.0,10901.86715036979
456,15353,-1.0,10896.901606829522
456,15354,-1.0,10895.093912685603
456,15355,-1.0,10893.748150014299
456,15356,-1.0,10893.467197404783
456,15357,-1.0,10897.560518938206
456,15358,-1.0,10901.024864899773
456,15359,-1.0,10903.087435251979
456,15360,-1.0,10903.359711530758
456,15361,-1.0,10900.396822822038
456,15362,-1.0,10892.589731033268
456,15363,0.0,10889.321954113959
456,15364,1.0,10883.346917533581
456,15365,1.0,10876.894856729185
456,15366,1.0,10867.947519468724
456,15367,1.0,10863.419775965456
456,15368,1.0,10863.835666591578
456,15369,1.0,10870.63930741026
456,15370,1.0,10879.431974539315
456,15371,1.0,10888.501058931564
456,15372,1.0,10893.707420779243
456,15373,1.0,10898.951403583626
456,15374,1.0,10900.158305191366
456,15375,1.0,10907.225363704913
456,15376,1.0,10916.724463688695
456,15377,1.0,10923.29579217175
456,15378,1.0,10941.247565643966
456,15379,1.0,10960.221028143567
456,15380,1.0,10971.261037901879
456,15381,0.0,10967.969659590508
456,15382,0.0,10967.969659590508
456,15383,0.0,10967.969659590508
456,15384,-1.0,10971.929343367345
456,15385,-1.0,10979.426543404496
456,15386,-1.0,10983.149069948691
456,15387,-1.0,10993.579716266298
456,15388,-1.0,10998.548019611575
456,15389,-1.0,11000.122302815827
456,15390,-1.0,10994.929950397891
456,15391,-1.0,10992.18756551216
456,15392,-1.0,10987.55475953751
456,15393,-1.0,10983.03394879134
456,15394,-1.0,10988.456554315673
456,15395,0.0,10985.160017349379
456,15396,1.0,10972.649225943116
456,15397,1.0,10965.352382916644
456,15398,1.0,10961.56793941214
456,15399,1.0,10961.202203163266
456,15400,1.0,10970.94993860755
456,15401,1.0,10981.053820448906
456,15402,1.0,10986.555886123582
456,15403,1.0,10993.569937786935
456,15404,1.0,11001.231327986643
456,15405,1.0,10999.892866961161
456,15406,1.0,10998.864348657773
456,15407,1.0,11001.792925505682
456,15408,1.0,10999.461111039625
456,15409,1.0,11005.025086753372
456,15410,1.0,11002.290250575605
456,15411,1.0,11011.30526283655
456,15412,1.0,11027.817376632298
456,15413,1.0,11040.00277112735
456,15414,0.0,11036.690770296012
456,15415,0.0,11036.690770296012
456,15416,0.0,11036.690770296012
456,15417,0.0,11036.690770296012
456,15418,0.0,11036.690770296012
456,15419,-1.0,11050.368164301655
456,15420,-1.0,11058.348767510719
456,15421,-1.0,11065.79517447914
456,15422,-1.0,11065.954106501853
456,15423,-1.0,11062.32983110999
456,15424,-1.0,11059.587972827247
456,15425,-1.0,11055.12507032694
456,15426,-1.0,11055.16402458369
456,15427,0.0,11051.847475376315
456,15428,1.0,11047.186976481562
456,15429,1.0,11045.49779873545
456,15430,1.0,11039.694975278697
456,15431,1.0,11034.46142601277
456,15432,1.0,11022.926084335362
456,15433,1.0,11014.506049057672
456,15434,0.0,11011.201697242956
456,15435,1.0,11015.218259927795
456,15436,1.0,11022.623258959171
456,15437,1.0,11028.78384102561
456,15438,1.0,11044.251553383881
456,15439,1.0,11050.609840417736
456,15440,1.0,11056.806913942946
456,15441,1.0,11067.201268796869
456,15442,1.0,11083.446750424118
456,15443,1.0,11098.011578703325
456,15444,0.0,11094.682175229715
456,15445,0.0,11094.682175229715
456,15446,0.0,11094.682175229715
456,15447,0.0,11094.682175229715
456,15448,0.0,11094.682175229715
456,15449,-1.0,11104.410483329544
456,15450,-1.0,11118.344176183622
456,15451,-1.0,11128.221194257545
456,15452,-1.0,11131.894236401366
456,15453,-1.0,11135.864768381258
456,15454,-1.0,11137.577989496132
456,15455,-1.0,11134.08656202907
456,15456,-1.0,11131.730760128967
456,15457,-1.0,11131.064421792784
456,15458,-1.0,11125.286375723981
456,15459,-1.0,11119.734895850033
456,15460,-1.0,11113.934021259378
456,15461,-1.0,11101.4744106479
456,15462,0.0,11098.143968324704
456,15463,1.0,11104.803818361648
456,15464,0.0,11101.47237721614
456,15465,0.0,11101.47237721614
456,15466,0.0,11101.47237721614
456,15467,-1.0,11094.406717813657
456,15468,-1.0,11088.328702845029
456,15469,-1.0,11093.28726241602
456,15470,-1.0,11096.824090515674
456,15471,-1.0,11092.233330437315
456,15472,-1.0,11086.190187280166
456,15473,-1.0,11079.463519181663
456,15474,-1.0,11064.48219952101
456,15475,-1.0,11036.11735777033
456,15476,-1.0,11009.695288665089
456,15477,-1.0,10971.732483373476
456,15478,-1.0,10923.132227790691
456,15479,-1.0,10870.679629019021
456,15480,-1.0,10845.754357830232
456,15481,-1.0,10828.918613878555
456,15482,-1.0,10827.332182240514
456,15483,-1.0,10840.854105506798
456,15484,-1.0,10865.518399994924
456,15485,-1.0,10875.782139798528
456,15486,-1.0,10890.257908454816
456,15487,-1.0,10891.507078407456
456,15488,-1.0,10887.46712362396
456,15489,-1.0,10878.739743373464
456,15490,-1.0,10870.60537544362
456,15491,-1.0,10859.537052109039
456,15492,-1.0,10858.612945719087
456,15493,-1.0,10859.990119701893
456,15494,-1.0,10851.575348419972
456,15495,-1.0,10838.75157025403
456,15496,-1.0,10826.906696769025
456,15497,-1.0,10818.851578813912
456,15498,-1.0,10804.338942410332
456,15499,0.0,10801.097640727608
456,15500,0.0,10801.097640727608
456,15501,0.0,10801.097640727608
456,15502,0.0,10801.097640727608
456,15503,1.0,10805.25033555605
456,15504,1.0,10816.855895503442
456,15505,1.0,10822.473081172147
456,15506,1.0,10826.579542679645
456,15507,1.0,10824.729585180612
456,15508,1.0,10823.958624568726
456,15509,1.0,10831.697836596193
456,15510,1.0,10844.126737068053
456,15511,1.0,10859.279098251855
456,15512,1.0,10861.453024754079
456,15513,1.0,10864.097967865471
456,15514,1.0,10854.620360168754
456,15515,1.0,10849.027916716952
456,15516,0.0,10845.773208341938
456,15517,-1.0,10839.43375212413
456,15518,0.0,10836.181921998494
456,15519,1.0,10839.783307962141
456,15520,1.0,10840.808249378026
456,15521,1.0,10841.378806904107
456,15522,1.0,10851.53225511547
456,15523,1.0,10858.218802922058
456,15524,1.0,10863.050958812444
456,15525,1.0,10864.311422344996
456,15526,1.0,10869.416461714263
456,15527,1.0,10871.767240831969
456,15528,1.0,10878.902815694693
456,15529,1.0,10885.89732464115
456,15530,1.0,10895.243871377865
456,15531,1.0,10897.588997094712
456,15532,1.0,10896.811339016298
456,15533,1.0,10896.916575640322
456,15534,1.0,10896.08047774062
456,15535,1.0,10895.141950369982
456,15536,1.0,10893.276795358792
456,15537,1.0,10888.381476423532
456,15538,1.0,10871.550962802117
456,15539,1.0,10857.261373470626
456,15540,1.0,10845.33019891596
456,15541,1.0,10840.737314954478
456,15542,1.0,10835.435677626578
456,15543,1.0,10840.521625463809
456,15544,1.0,10836.368627550657
456,15545,1.0,10824.063034953742
456,15546,1.0,10791.468261804326
456,15547,1.0,10766.603567285983
456,15548,1.0,10746.99701301211
456,15549,1.0,10735.793213341969
456,15550,1.0,10727.246368287811
456,15551,1.0,10745.032719028086
456,15552,1.0,10761.58753936938
456,15553,1.0,10775.360582053861
456,15554,1.0,10791.989054450572
456,15555,1.0,10816.012365821676
456,15556,1.0,10824.421966980695
456,15557,1.0,10832.279347444026
456,15558,1.0,10838.53425959805
456,15559,1.0,10839.826952180985
456,15560,1.0,10822.464135354712
456,15561,0.0,10819.217396114107
456,15562,1.0,10798.454035868435
456,15563,0.0,10795.214499657675
456,15564,0.0,10795.214499657675
456,15565,0.0,10795.214499657675
456,15566,0.0,10795.214499657675
456,15567,0.0,10795.214499657675
456,15568,-1.0,10775.62231125239
456,15569,-1.0,10780.065666046663
456,15570,-1.0,10785.683911349683
456,15571,-1.0,10775.916719028253
456,15572,-1.0,10784.73714436411
456,15573,-1.0,10786.447592844823
456,15574,-1.0,10785.069766554725
456,15575,-1.0,10786.748205189739
456,15576,-1.0,10775.75991478159
456,15577,-1.0,10757.48198934294
456,15578,-1.0,10741.531520167831
456,15579,-1.0,10718.255201912018
456,15580,-1.0,10702.600841402736
456,15581,-1.0,10699.351498323813
456,15582,-1.0,10689.240223399285
456,15583,-1.0,10671.09864149295
456,15584,-1.0,10655.237086654346
456,15585,-1.0,10631.803231065767
456,15586,-1.0,10612.561847572562
456,15587,-1.0,10595.345230428069
456,15588,-1.0,10584.909812719123
456,15589,-1.0,10575.007350252556
456,15590,-1.0,10562.119642085454
456,15591,-1.0,10549.390661391246
456,15592,-1.0,10548.916195632939
456,15593,-1.0,10544.73334105863
456,15594,-1.0,10543.285474006247
456,15595,-1.0,10546.794212540524
456,15596,-1.0,10545.233765467408
456,15597,-1.0,10539.05994935461
456,15598,-1.0,10530.758960596037
456,15599,-1.0,10524.082584499478
456,15600,-1.0,10522.4012357178
456,15601,-1.0,10525.573562952508
456,15602,-1.0,10523.337619717071
456,15603,-1.0,10519.72423425321
456,15604,-1.0,10516.947320951376
456,15605,-1.0,10510.548351940233
456,15606,-1.0,10502.093918153718
456,15607,-1.0,10497.602053717184
456,15608,-1.0,10491.327128468363
456,15609,-1.0,10476.97596334686
456,15610,-1.0,10459.877975530282
456,15611,-1.0,10443.905958759016
456,15612,-1.0,10424.476356014919
456,15613,0.0,10421.349013108114
456,15614,1.0,10422.148908231728
456,15615,1.0,10422.304720914006
456,15616,0.0,10419.178029497732
456,15617,0.0,10419.178029497732
456,15618,-1.0,10413.841402314969
456,15619,-1.0,10415.767654406509
456,15620,-1.0,10415.539643225597
456,15621,-1.0,10415.125344400109
456,15622,-1.0,10415.548008621445
456,15623,-1.0,10419.961719211982
456,15624,-1.0,10416.651457458951
456,15625,-1.0,10411.815647539019
456,15626,0.0,10408.692102844758
456,15627,1.0,10412.303208710586
456,15628,1.0,10417.337293820256
456,15629,1.0,10417.782117623477
456,15630,1.0,10414.27121675684
456,15631,1.0,10402.342997938425
456,15632,1.0,10393.833038511071
456,15633,1.0,10391.650329506556
456,15634,1.0,10387.460061791971
456,15635,1.0,10389.295558704542
456,15636,1.0,10401.03953850292
456,15637,1.0,10409.15543640255
456,15638,1.0,10410.394480993198
456,15639,1.0,10413.354433488732
456,15640,1.0,10409.863915663536
456,15641,1.0,10404.625744958295
456,15642,1.0,10401.760597171617
456,15643,1.0,10402.77932417848
456,15644,1.0,10405.0116104964
456,15645,1.0,10409.300502029422
456,15646,1.0,10413.718547266355
456,15647,1.0,10417.8044087299
456,15648,1.0,10416.142069075866
456,15649,1.0,10414.491078433553
456,15650,1.0,10413.093158627787
456,15651,1.0,10411.71781205569
456,15652,1.0,10402.956398738608
456,15653,1.0,10398.66699493436
456,15654,1.0,10390.57722134496
456,15655,1.0,10380.652099068484
456,15656,1.0,10371.302715921653
456,15657,1.0,10365.027207171852
456,15658,1.0,10354.40342105336
456,15659,1.0,10345.23558716722
456,15660,1.0,10332.298736632947
456,15661,1.0,10321.400405954744
456,15662,1.0,10313.755882439084
456,15663,1.0,10313.948835208977
456,15664,1.0,10318.829073950994
456,15665,1.0,10329.800435677049
456,15666,1.0,10347.980022359608
456,15667,1.0,10366.822718333016
456,15668,1.0,10381.686982266277
456,15669,1.0,10393.842618661449
456,15670,1.0,10406.762166612043
456,15671,1.0,10412.987004262659
456,15672,0.0,10409.86310816138
456,15673,0.0,10409.86310816138
456,15674,-1.0,10403.00337831813
456,15675,-1.0,10401.679130999137
456,15676,-1.0,10406.94549038548
456,15677,-1.0,10409.717374164004
456,15678,-1.0,10413.208794204862
456,15679,-1.0,10411.386318621555
456,15680,-1.0,10409.094399914711
456,15681,-1.0,10403.271557852268
456,15682,-1.0,10394.076255918264
456,15683,-1.0,10388.71623379868
456,15684,-1.0,10394.513468226785
456,15685,-1.0,10398.36512431957
456,15686,-1.0,10395.84109519581
456,15687,-1.0,10387.004298543303
456,15688,-1.0,10369.951428330909
456,15689,-1.0,10341.649094717963
456,15690,-1.0,10324.231425459942
456,15691,-1.0,10324.236931891457
456,15692,-1.0,10325.926246370014
456,15693,-1.0,10326.905322029093
456,15694,-1.0,10327.207678258997
456,15695,-1.0,10319.305650539962
456,15696,-1.0,10303.831696650755
456,15697,-1.0,10296.328701152015
456,15698,-1.0,10306.350123464483
456,15699,-1.0,10332.652904336313
456,15700,-1.0,10367.482880121155
456,15701,-1.0,10404.02233673583
456,15702,-1.0,10437.396555576883
456,15703,-1.0,10459.066794709663
456,15704,-1.0,10473.795295316766
456,15705,-1.0,10472.390822745932
456,15706,-1.0,10471.845133004445
456,15707,0.0,10468.703579464544
456,15708,1.0,10456.704779985903
456,15709,1.0,10455.782634788944
456,15710,1.0,10444.751991028881
456,15711,1.0,10440.14146061343
456,15712,1.0,10437.182687713354
456,15713,1.0,10440.894675396396
456,15714,1.0,10445.58254821539
456,15715,1.0,10453.075604069834
456,15716,1.0,10460.522508498147
456,15717,1.0,10469.908245426675
456,15718,1.0,10478.374384957464
456,15719,1.0,10486.844644607623
456,15720,1.0,10495.64793915741
456,15721,1.0,10504.067506354866
456,15722,1.0,10515.173476685299
456,15723,1.0,10517.322019484176
456,15724,1.0,10514.135739152616
456,15725,0.0,10510.98149843087
456,15726,0.0,10510.98149843087
456,15727,0.0,10510.98149843087
456,15728,0.0,10510.98149843087
456,15729,0.0,10510.98149843087
456,15730,-1.0,10500.67010255273
456,15731,-1.0,10500.866365173724
456,15732,-1.0,10506.845594230888
456,15733,-1.0,10509.050447187217
456,15734,-1.0,10512.39105966799
456,15735,-1.0,10514.702844767351
456,15736,-1.0,10511.330975751609
456,15737,-1.0,10501.540895940008
456,15738,-1.0,10493.585015292685
456,15739,-1.0,10480.630218244803
456,15740,-1.0,10459.141058456154
456,15741,-1.0,10432.518260366365
456,15742,-1.0,10405.307934758497
456,15743,-1.0,10377.220584753944
456,15744,-1.0,10360.861139183855
456,15745,-1.0,10362.677267231888
456,15746,-1.0,10369.850793508724
456,15747,-1.0,10374.738803254717
456,15748,-1.0,10383.336300631858
456,15749,-1.0,10387.08763489614
456,15750,-1.0,10378.339426436976
456,15751,-1.0,10369.203427909642
456,15752,-1.0,10371.76302068449
456,15753,-1.0,10373.959140502597
456,15754,-1.0,10378.49587736019
456,15755,-1.0,10379.570656494923
456,15756,-1.0,10383.096280930493
456,15757,-1.0,10384.520533779338
456,15758,-1.0,10391.934482060846
456,15759,-1.0,10400.404644582239
456,15760,-1.0,10408.78101386148
456,15761,-1.0,10417.93331809623
456,15762,-1.0,10417.608619818795
456,15763,-1.0,10407.10248825033
456,15764,-1.0,10390.392796010225
456,15765,0.0,10387.275678171422
456,15766,1.0,10391.088934299665
456,15767,1.0,10392.17674329934
456,15768,1.0,10392.863114295782
456,15769,1.0,10385.73810085798
456,15770,1.0,10389.309397697376
456,15771,1.0,10388.066947628231
456,15772,1.0,10389.619160071474
456,15773,1.0,10399.460529014697
456,15774,1.0,10410.338107362766
456,15775,1.0,10420.552566508322
456,15776,1.0,10448.579847152805
456,15777,1.0,10483.745952565661
456,15778,1.0,10515.604024160479
456,15779,0.0,10512.44934295323
456,15780,-1.0,10467.325238956771
456,15781,-1.0,10439.345002807528
456,15782,-1.0,10409.697613299099
456,15783,-1.0,10378.977680673754
456,15784,-1.0,10351.188726571603
456,15785,-1.0,10325.897376969373
456,15786,-1.0,10282.262552766828
456,15787,-1.0,10258.981290985235
456,15788,-1.0,10248.383878482471
456,15789,-1.0,10248.245761965602
456,15790,-1.0,10262.707027316388
456,15791,-1.0,10288.267833088265
456,15792,-1.0,10297.71686759831
456,15793,-1.0,10298.93023065202
456,15794,-1.0,10301.428556137784
456,15795,-1.0,10283.807102877925
456,15796,-1.0,10269.42073614093
456,15797,-1.0,10257.988032942238
456,15798,-1.0,10252.987403333167
456,15799,-1.0,10254.897956450339
456,15800,-1.0,10257.68609640845
456,15801,-1.0,10261.533380734938
456,15802,-1.0,10273.69234391337
456,15803,-1.0,10283.60635909399
456,15804,-1.0,10286.939367736344
456,15805,-1.0,10288.76637980249
456,15806,0.0,10285.67974988855
456,15807,1.0,10281.511958395438
456,15808,1.0,10274.584075066776
456,15809,1.0,10276.744169116333
456,15810,1.0,10284.271745335189
456,15811,1.0,10297.885865034363
456,15812,1.0,10302.331423084535
456,15813,1.0,10310.531618424886
456,15814,1.0,10312.941431268293
456,15815,1.0,10303.469635582998
456,15816,1.0,10291.548101783388
456,15817,1.0,10289.070658838133
456,15818,1.0,10287.466124144385
456,15819,1.0,10281.018666736214
456,15820,1.0,10273.04077008801
456,15821,1.0,10272.579210377471
456,15822,1.0,10267.167981044002
456,15823,1.0,10262.800858389259
456,15824,1.0,10269.253177611854
456,15825,1.0,10280.276820663667
456,15826,1.0,10282.214107057327
456,15827,1.0,10290.999507759438
456,15828,1.0,10299.874782503482
456,15829,1.0,10303.062917188512
456,15830,1.0,10306.338942820154
456,15831,1.0,10309.71059459346
456,15832,1.0,10315.414735055148
456,15833,1.0,10310.889992835293
456,15834,1.0,10305.639606260605
456,15835,1.0,10302.68784314842
456,15836,0.0,10299.597036795476
456,15837,0.0,10299.597036795476
456,15838,0.0,10299.597036795476
456,15839,-1.0,10305.534052250894
456,15840,0.0,10302.442392035218
456,15841,0.0,10302.442392035218
456,15842,0.0,10302.442392035218
456,15843,0.0,10302.442392035218
456,15844,0.0,10302.442392035218
456,15845,-1.0,10314.552036944408
456,15846,0.0,10311.457671333324
456,15847,1.0,10289.06774858945
456,15848,1.0,10283.344968652604
456,15849,1.0,10274.934930709467
456,15850,1.0,10275.509539252693
456,15851,1.0,10289.887501741592
456,15852,1.0,10298.000058712229
456,15853,1.0,10294.314911711115
456,15854,1.0,10294.94228536213
456,15855,1.0,10301.637812057137
456,15856,1.0,10316.130466760833
456,15857,1.0,10332.501688794997
456,15858,1.0,10343.028669623396
456,15859,1.0,10359.7152831003
456,15860,1.0,10368.671031489539
456,15861,1.0,10370.067590458162
456,15862,1.0,10368.133432271754
456,15863,0.0,10365.022992242073
456,15864,-1.0,10373.84604406681
456,15865,-1.0,10372.786410423498
456,15866,-1.0,10372.605276714394
456,15867,-1.0,10374.323440164768
456,15868,-1.0,10381.341607470204
456,15869,-1.0,10378.46305041375
456,15870,-1.0,10383.12868473764
456,15871,-1.0,10394.757322595615
456,15872,-1.0,10398.680230718885
456,15873,-1.0,10404.532167684056
456,15874,-1.0,10413.542843976495
456,15875,-1.0,10417.388339140625
456,15876,-1.0,10400.611836987164
456,15877,-1.0,10394.730198382127
456,15878,-1.0,10373.754162876214
456,15879,-1.0,10354.926618210295
456,15880,-1.0,10341.432629658713
456,15881,-1.0,10344.859296676037
456,15882,-1.0,10332.51969437716
456,15883,-1.0,10325.62270781874
456,15884,-1.0,10333.554218594152
456,15885,-1.0,10337.465001815672
456,15886,-1.0,10343.237799722836
456,15887,-1.0,10352.234004057053
456,15888,-1.0,10366.099817143157
456,15889,-1.0,10366.832478730352
456,15890,-1.0,10368.36018568775
456,15891,-1.0,10364.257408504507
456,15892,-1.0,10372.17216953415
456,15893,-1.0,10367.575393398622
456,15894,-1.0,10364.611186881926
456,15895,-1.0,10366.22655339697
456,15896,-1.0,10369.879806590658
456,15897,-1.0,10368.11745171525
456,15898,-1.0,10364.130864508474
456,15899,-1.0,10364.328356150936
456,15900,-1.0,10393.397721736614
456,15901,-1.0,10452.50503988758
456,15902,-1.0,10497.308560587977
456,15903,-1.0,10559.436993875475
456,15904,-1.0,10618.930180312704
456,15905,-1.0,10661.969652625567
456,15906,0.0,10658.77106172978
456,15907,1.0,10646.022575803712
456,15908,1.0,10656.246581264026
456,15909,1.0,10678.871614952342
456,15910,1.0,10715.068111140152
456,15911,1.0,10746.426384680808
456,15912,1.0,10773.419173767612
456,15913,1.0,10781.232353885689
456,15914,1.0,10782.898893608484
456,15915,1.0,10780.756882990803
456,15916,1.0,10780.310217081334
456,15917,1.0,10766.995442396586
456,15918,1.0,10767.939337095511
456,15919,1.0,10766.10068006045
456,15920,1.0,10769.560986627133
456,15921,0.0,10766.330118331145
456,15922,0.0,10766.330118331145
456,15923,0.0,10766.330118331145
456,15924,0.0,10766.330118331145
456,15925,0.0,10766.330118331145
456,15926,-1.0,10759.530407305674
456,15927,-1.0,10755.834219932936
456,15928,-1.0,10754.733949034162
456,15929,-1.0,10752.970817953077
456,15930,-1.0,10755.579145981585
456,15931,-1.0,10764.300415685155
456,15932,-1.0,10768.014125413409
456,15933,-1.0,10763.451165053622
456,15934,-1.0,10759.662414551049
456,15935,-1.0,10752.559795202855
456,15936,-1.0,10742.336234198934
456,15937,-1.0,10738.006640174257
456,15938,-1.0,10734.05716094596
456,15939,-1.0,10726.118178698065
456,15940,-1.0,10716.074180764595
456,15941,-1.0,10708.495989851574
456,15942,-1.0,10700.205983202639
456,15943,-1.0,10693.118870155331
456,15944,-1.0,10700.530815879125
456,15945,-1.0,10720.214290734988
456,15946,-1.0,10733.550816842066
456,15947,-1.0,10748.105946209722
456,15948,-1.0,10768.61858357488
456,15949,-1.0,10773.894672696097
456,15950,-1.0,10777.50310137941
456,15951,-1.0,10788.287371409086
456,15952,-1.0,10799.224118058417
456,15953,-1.0,10807.0344567643
456,15954,-1.0,10803.611894158325
456,15955,-1.0,10795.29831881562
456,15956,-1.0,10786.498126322558
456,15957,0.0,10783.262176884662
456,15958,1.0,10790.473271770454
456,15959,1.0,10782.65204040136
456,15960,1.0,10782.46295595154
456,15961,1.0,10788.94457851708
456,15962,1.0,10791.877622219807
456,15963,1.0,10804.134334893964
456,15964,1.0,10807.281695636248
456,15965,1.0,10804.171850228016
456,15966,0.0,10800.930598672949
456,15967,0.0,10800.930598672949
456,15968,0.0,10800.930598672949
456,15969,0.0,10800.930598672949
456,15970,0.0,10800.930598672949
456,15971,-1.0,10807.773676703711
456,15972,-1.0,10809.527560378267
456,15973,-1.0,10815.038000620989
456,15974,-1.0,10826.18512250479
456,15975,-1.0,10842.5420865213
456,15976,0.0,10839.289323895344
456,15977,1.0,10824.158047380586
456,15978,1.0,10814.776293837249
456,15979,1.0,10806.376573796637
456,15980,1.0,10796.993247571749
456,15981,1.0,10797.41034545497
456,15982,1.0,10800.185763299338
456,15983,1.0,10802.723706521128
456,15984,1.0,10818.308455660153
456,15985,1.0,10835.491347378736
456,15986,1.0,10837.942140689684
456,15987,1.0,10840.210642869624
456,15988,1.0,10850.510255294634
456,15989,1.0,10857.835005489907
456,15990,1.0,10867.828453434184
456,15991,0.0,10864.568104898153
456,15992,-1.0,10839.85995580839
456,15993,-1.0,10823.045402967306
456,15994,-1.0,10811.956780929102
456,15995,-1.0,10802.034835073473
456,15996,-1.0,10791.746800044217
456,15997,-1.0,10785.945704516864
456,15998,-1.0,10777.780912485983
456,15999,-1.0,10772.046423762984
456,16000,-1.0,10763.778528006418
456,16001,-1.0,10759.958565804454
456,16002,-1.0,10764.782174212796
456,16003,-1.0,10769.260751509677
456,16004,-1.0,10769.626724672498
456,16005,-1.0,10767.499616301495
456,16006,-1.0,10762.152862093682
456,16007,-1.0,10752.133340508719
456,16008,-1.0,10743.631361162634
456,16009,-1.0,10738.659527164406
456,16010,-1.0,10735.63258009054
456,16011,-1.0,10729.329817805248
456,16012,-1.0,10719.640649590285
456,16013,-1.0,10711.74006202667
456,16014,-1.0,10699.274930932757
456,16015,-1.0,10689.2419787766
456,16016,-1.0,10679.820035216913
456,16017,-1.0,10662.049683941577
456,16018,-1.0,10650.835265863494
456,16019,-1.0,10650.050408794867
456,16020,-1.0,10639.076357075166
456,16021,-1.0,10634.477620626749
456,16022,-1.0,10640.345476031624
456,16023,-1.0,10637.312319956329
456,16024,-1.0,10635.908241466694
456,16025,-1.0,10639.516330252805
456,16026,-1.0,10642.168518977433
456,16027,-1.0,10652.261475448593
456,16028,-1.0,10663.309573024151
456,16029,-1.0,10665.734240017007
456,16030,-1.0,10673.71903513337
456,16031,-1.0,10672.90732888772
456,16032,-1.0,10665.433064171286
456,16033,-1.0,10667.140990304104
456,16034,0.0,10663.940848007012
456,16035,1.0,10669.638604724058
456,16036,1.0,10666.664654764407
456,16037,1.0,10671.031526462484
456,16038,1.0,10683.354563527813
456,16039,1.0,10684.347903242553
456,16040,1.0,10686.832789288957
456,16041,1.0,10700.880965630002
456,16042,1.0,10706.801944561399
456,16043,1.0,10712.601237627106
456,16044,1.0,10716.673066318908
456,16045,1.0,10720.402288908706
456,16046,1.0,10712.658859037394
456,16047,1.0,10705.63998000656
456,16048,1.0,10691.314124392322
456,16049,1.0,10681.54504406244
456,16050,0.0,10678.340580549222
456,16051,0.0,10678.340580549222
456,16052,0.0,10678.340580549222
456,16053,0.0,10678.340580549222
456,16054,1.0,10663.936146010836
456,16055,1.0,10649.517644725274
456,16056,1.0,10646.063360901695
456,16057,1.0,10644.651652870907
456,16058,1.0,10645.843139550716
456,16059,1.0,10649.288782770871
456,16060,1.0,10655.241480511984
456,16061,1.0,10657.045023489822
456,16062,1.0,10653.74908731726
456,16063,1.0,10645.953463947266
456,16064,1.0,10636.768900680263
456,16065,1.0,10627.657818985228
456,16066,1.0,10621.85334399479
456,16067,1.0,10618.245996020833
456,16068,1.0,10618.08254210267
456,16069,1.0,10621.292760242708
456,16070,1.0,10622.29948307778
456,16071,1.0,10613.388013902873
456,16072,1.0,10606.024502900593
456,16073,1.0,10593.19105132849
456,16074,1.0,10574.683452594572
456,16075,1.0,10567.28057307124
456,16076,1.0,10567.412499517483
456,16077,1.0,10565.728481861137
456,16078,1.0,10564.919872062415
456,16079,1.0,10562.14798064967
456,16080,1.0,10553.362558832705
456,16081,1.0,10546.127464211902
456,16082,1.0,10541.790758913801
456,16083,1.0,10534.5039887807
456,16084,1.0,10540.453419737289
456,16085,1.0,10549.357010990883
456,16086,1.0,10556.622361818194
456,16087,1.0,10563.015938507779
456,16088,1.0,10580.921198455768
456,16089,0.0,10577.746922096232
456,16090,-1.0,10563.434531223116
456,16091,-1.0,10553.66164554723
456,16092,-1.0,10543.826107185067
456,16093,-1.0,10537.357016163884
456,16094,-1.0,10533.797054925295
456,16095,-1.0,10535.748270517934
456,16096,-1.0,10540.744616733424
456,16097,-1.0,10535.866807378721
456,16098,-1.0,10543.495541968368
456,16099,-1.0,10548.488539140739
456,16100,-1.0,10553.335088620757
456,16101,-1.0,10557.546399569173
456,16102,-1.0,10571.762362031599
456,16103,-1.0,10565.84522958566
456,16104,-1.0,10568.088793509618
456,16105,-1.0,10561.794156910984
456,16106,-1.0,10553.240790616888
456,16107,-1.0,10540.90328985859
456,16108,-1.0,10532.103206186595
456,16109,-1.0,10522.68317046804
456,16110,-1.0,10515.374866971599
456,16111,-1.0,10516.745106953173
456,16112,-1.0,10534.945434022211
456,16113,-1.0,10553.579647583076
456,16114,-1.0,10574.476351437006
456,16115,-1.0,10600.983766720214
456,16116,-1.0,10611.88723922227
456,16117,-1.0,10617.374702104436
456,16118,-1.0,10621.497777134175
456,16119,-1.0,10634.497208231056
456,16120,-1.0,10638.557397021028
456,16121,0.0,10635.365829801922
456,16122,1.0,10615.62545945932
456,16123,1.0,10602.83034990131
456,16124,1.0,10596.911080380787
456,16125,1.0,10582.536665678961
456,16126,1.0,10573.259979743922
456,16127,1.0,10571.26383399239
456,16128,1.0,10554.681961708915
456,16129,1.0,10545.728845243013
456,16130,1.0,10548.026369464618
456,16131,1.0,10548.20893260164
456,16132,1.0,10547.68921246523
456,16133,1.0,10554.656516454592
456,16134,1.0,10563.659400450768
456,16135,1.0,10551.353085028317
456,16136,1.0,10524.384684927461
456,16137,1.0,10506.338385095833
456,16138,1.0,10478.700264491967
456,16139,1.0,10449.2919037364
456,16140,1.0,10431.006807706883
456,16141,1.0,10417.406950552604
456,16142,1.0,10406.63969384208
456,16143,1.0,10400.13262327085
456,16144,1.0,10387.73986647438
456,16145,1.0,10382.510671058862
456,16146,1.0,10379.088793090725
456,16147,1.0,10372.788023808293
456,16148,1.0,10361.395951975728
456,16149,1.0,10358.448954024921
456,16150,1.0,10346.95754692855
456,16151,1.0,10332.961043425375
456,16152,1.0,10317.991696286655
456,16153,1.0,10308.8356383285
456,16154,1.0,10295.249003144265
456,16155,1.0,10288.513089835738
456,16156,1.0,10298.377861368228
456,16157,1.0,10298.534959836032
456,16158,1.0,10297.145555951574
456,16159,1.0,10296.550048961655
456,16160,1.0,10293.620421128853
456,16161,1.0,10281.634519730787
456,16162,0.0,10278.550029374868
456,16163,-1.0,10280.045418869986
456,16164,-1.0,10280.16102629018
456,16165,-1.0,10284.999738660817
456,16166,-1.0,10293.133428627996
456,16167,-1.0,10305.848652343939
456,16168,-1.0,10315.426940223197
456,16169,-1.0,10330.811626809571
456,16170,-1.0,10345.757596392707
456,16171,-1.0,10351.261695762172
456,16172,-1.0,10349.446201232577
456,16173,-1.0,10347.800881578874
456,16174,-1.0,10350.134546636436
456,16175,-1.0,10355.845709420742
456,16176,-1.0,10362.510575110487
456,16177,-1.0,10376.772692663537
456,16178,-1.0,10402.740340045748
456,16179,-1.0,10427.442255301437
456,16180,-1.0,10442.731743065571
456,16181,-1.0,10462.699722083858
456,16182,-1.0,10480.805308470812
456,16183,-1.0,10489.553005363623
456,16184,-1.0,10481.148771337863
456,16185,-1.0,10471.685525677844
456,16186,-1.0,10449.757290813672
456,16187,-1.0,10414.669337105706
456,16188,0.0,10411.544936304575
456,16189,1.0,10429.770962800187
456,16190,1.0,10451.088928602494
456,16191,0.0,10447.953601923913
456,16192,0.0,10447.953601923913
456,16193,-1.0,10443.86154041233
456,16194,-1.0,10438.578055796388
456,16195,-1.0,10436.9610495652
456,16196,-1.0,10433.314216992021
456,16197,-1.0,10423.790443999635
456,16198,-1.0,10409.909600299128
456,16199,-1.0,10397.88438713801
456,16200,-1.0,10384.437940387998
456,16201,-1.0,10375.600781086818
456,16202,-1.0,10365.396773505787
456,16203,-1.0,10356.666538478581
456,16204,-1.0,10347.480275309577
456,16205,-1.0,10335.401184138005
456,16206,-1.0,10315.87793790268
456,16207,-1.0,10301.124641784501
456,16208,-1.0,10296.959650721043
456,16209,-1.0,10297.047763790171
456,16210,-1.0,10295.773377699825
456,16211,-1.0,10298.633705257753
456,16212,-1.0,10310.002669376963
456,16213,-1.0,10310.093613534791
456,16214,-1.0,10307.29518826999
456,16215,-1.0,10313.275971648072
456,16216,-1.0,10315.12783965353
456,16217,-1.0,10314.190268975208
456,16218,-1.0,10314.284007894723
456,16219,-1.0,10316.870487997927
456,16220,-1.0,10314.376341094892
456,16221,-1.0,10314.34050601194
456,16222,-1.0,10311.649576747124
456,16223,-1.0,10305.770232733332
456,16224,-1.0,10294.112959730399
456,16225,-1.0,10286.734148687277
456,16226,0.0,10283.648128442672
456,16227,1.0,10296.117724526031
456,16228,1.0,10315.028463873106
456,16229,0.0,10311.933955333945
456,16230,0.0,10311.933955333945
456,16231,1.0,10321.746163679063
456,16232,0.0,10318.64963982996
456,16233,0.0,10318.64963982996
456,16234,-1.0,10321.431240561133
456,16235,-1.0,10323.407590857723
456,16236,-1.0,10330.586265543623
456,16237,-1.0,10328.783825486295
456,16238,-1.0,10330.862354997998
456,16239,-1.0,10343.516632046874
456,16240,-1.0,10364.545691303483
456,16241,-1.0,10377.266765807854
456,16242,-1.0,10384.97563269443
456,16243,-1.0,10389.962866316831
456,16244,-1.0,10391.031430199448
456,16245,-1.0,10392.647827778464
456,16246,0.0,10389.530033430132
456,16247,1.0,10369.495882705258
456,16248,1.0,10346.504130603345
456,16249,1.0,10327.160500058473
456,16250,1.0,10303.424229359172
456,16251,1.0,10286.462598441689
456,16252,1.0,10265.99767256484
456,16253,1.0,10258.732293008032
456,16254,1.0,10251.826479837095
456,16255,1.0,10260.973485665718
456,16256,1.0,10279.413485351095
456,16257,1.0,10298.922018493911
456,16258,1.0,10323.115286526028
456,16259,1.0,10343.069888124348
456,16260,1.0,10348.878883967203
456,16261,1.0,10350.985290664752
456,16262,1.0,10346.85018515513
456,16263,1.0,10327.921118208797
456,16264,1.0,10312.230954431696
456,16265,0.0,10309.137285145367
456,16266,1.0,10299.541358027634
456,16267,1.0,10292.47439081785
456,16268,0.0,10289.386648500606
456,16269,0.0,10289.386648500606
456,16270,0.0,10289.386648500606
456,16271,0.0,10289.386648500606
456,16272,0.0,10289.386648500606
456,16273,-1.0,10282.677452107482
456,16274,-1.0,10285.265129138943
456,16275,-1.0,10302.044792896866
456,16276,-1.0,10312.087323017393
456,16277,-1.0,10319.470686102288
456,16278,-1.0,10326.358474664357
456,16279,-1.0,10326.773260384183
456,16280,-1.0,10309.270381296381
456,16281,-1.0,10292.792002055716
456,16282,-1.0,10271.555584141603
456,16283,-1.0,10260.423272332013
456,16284,-1.0,10249.443495449952
456,16285,-1.0,10252.697083462246
456,16286,-1.0,10256.048427710606
456,16287,-1.0,10267.14447129705
456,16288,-1.0,10274.70036367945
456,16289,-1.0,10279.10083066751
456,16290,-1.0,10288.16699304077
456,16291,-1.0,10290.36380350061
456,16292,-1.0,10285.410981344474
456,16293,-1.0,10278.067366493247
456,16294,-1.0,10274.923370288221
456,16295,-1.0,10268.163842060296
456,16296,-1.0,10260.43884933405
456,16297,-1.0,10257.040172233905
456,16298,-1.0,10254.91086164695
456,16299,-1.0,10245.566104443895
456,16300,-1.0,10221.96755685593
456,16301,-1.0,10199.48006372824
456,16302,-1.0,10181.523823090349
456,16303,-1.0,10164.457593588177
456,16304,-1.0,10152.679656986198
456,16305,-1.0,10160.631882476819
456,16306,-1.0,10175.061640333171
456,16307,-1.0,10182.141539444458
456,16308,-1.0,10192.98682248803
456,16309,-1.0,10205.06717493045
456,16310,-1.0,10205.89330167929
456,16311,-1.0,10204.589655961909
456,16312,-1.0,10204.052525640496
456,16313,-1.0,10198.030087777017
456,16314,-1.0,10189.92571922635
456,16315,-1.0,10183.905904781217
456,16316,-1.0,10170.183553781217
456,16317,-1.0,10147.079083996061
456,16318,-1.0,10125.330942492874
456,16319,-1.0,10099.008938819981
456,16320,-1.0,10077.723249613951
456,16321,-1.0,10065.466448597512
456,16322,-1.0,10055.35369236669
456,16323,-1.0,10043.146806229759
456,16324,-1.0,10033.148455931367
456,16325,-1.0,10013.850711266252
456,16326,-1.0,9993.906878736614
456,16327,-1.0,9987.519539809982
456,16328,-1.0,9993.305882382389
456,16329,-1.0,10006.670254303772
456,16330,-1.0,10022.670494360389
456,16331,-1.0,10041.112682196948
456,16332,-1.0,10041.925047493985
456,16333,-1.0,10034.798314423846
456,16334,-1.0,10027.061867008502
456,16335,-1.0,10023.306331084174
456,16336,-1.0,10012.68679170296
456,16337,-1.0,10018.645518700248
456,16338,-1.0,10027.564319562007
456,16339,-1.0,10039.663036922084
456,16340,-1.0,10047.164691695001
456,16341,-1.0,10057.600334205013
456,16342,0.0,10054.583054104753
456,16343,1.0,10067.107891485635
456,16344,1.0,10085.442141334512
456,16345,1.0,10097.35641493793
456,16346,1.0,10110.734024719985
456,16347,1.0,10114.112249719525
456,16348,1.0,10107.858923195708
456,16349,1.0,10104.579882611391
456,16350,1.0,10107.6648019907
456,16351,1.0,10105.21979882711
456,16352,1.0,10103.716398450058
456,16353,1.0,10106.475986712181
456,16354,1.0,10108.257063125364
456,16355,1.0,10111.17002169434
456,16356,1.0,10115.12093290424
456,16357,1.0,10116.135998538755
456,16358,1.0,10096.5904221292
456,16359,1.0,10068.994100570475
456,16360,1.0,10027.139967136985
456,16361,1.0,9995.367386319524
456,16362,1.0,9967.101291438683
456,16363,1.0,9965.721945072075
456,16364,1.0,9978.297385096344
456,16365,1.0,9996.971500794296
456,16366,1.0,10009.360766266025
456,16367,1.0,10022.601304272865
456,16368,1.0,10025.536114339202
456,16369,1.0,10029.560706217208
456,16370,1.0,10034.454373686634
456,16371,1.0,10040.780901781794
456,16372,1.0,10042.742749716914
456,16373,1.0,10049.706814100899
456,16374,1.0,10054.253615990905
456,16375,1.0,10059.609759580548
456,16376,1.0,10035.69271590339
456,16377,1.0,10006.523693335705
456,16378,1.0,9975.404041368705
456,16379,0.0,9972.411420156295
456,16380,0.0,9972.411420156295
456,16381,0.0,9972.411420156295
456,16382,0.0,9972.411420156295
456,16383,0.0,9972.411420156295
456,16384,1.0,9969.934777044475
456,16385,1.0,9994.83345230762
456,16386,1.0,10006.283044739033
456,16387,1.0,10014.097254710945
456,16388,1.0,10015.346389226765
456,16389,1.0,10000.527775077722
456,16390,1.0,9958.703461233712
456,16391,1.0,9910.784235995734
456,16392,1.0,9871.313779188573
456,16393,1.0,9864.463081228156
456,16394,1.0,9854.24255148782
456,16395,1.0,9857.095910156862
456,16396,1.0,9869.064404523708
456,16397,1.0,9882.629529945087
456,16398,1.0,9887.235070270659
456,16399,1.0,9903.052210413174
456,16400,1.0,9918.472141005286
456,16401,1.0,9909.113754577485
456,16402,1.0,9897.139781039505
456,16403,1.0,9877.973198282538
456,16404,1.0,9856.317080116036
456,16405,0.0,9853.360184992001
456,16406,-1.0,9843.864513927845
456,16407,-1.0,9834.957461369635
456,16408,-1.0,9817.338419963293
456,16409,-1.0,9785.289727235082
456,16410,-1.0,9780.46194292793
456,16411,-1.0,9775.276034950093
456,16412,-1.0,9767.921914751354
456,16413,-1.0,9770.44307382564
456,16414,-1.0,9773.982759700419
456,16415,-1.0,9772.231285064036
456,16416,-1.0,9763.518750654313
456,16417,-1.0,9758.582001786099
456,16418,-1.0,9752.487356817943
456,16419,-1.0,9739.717352636553
456,16420,-1.0,9718.0467383073
456,16421,-1.0,9702.662307192555
456,16422,-1.0,9700.485860345872
456,16423,-1.0,9696.401874730933
456,16424,-1.0,9710.745887048994
456,16425,-1.0,9724.493512769233
456,16426,-1.0,9736.311823875854
456,16427,-1.0,9744.602889812599
456,16428,-1.0,9754.027244392319
456,16429,-1.0,9758.398470042677
456,16430,-1.0,9767.313452353645
456,16431,-1.0,9766.75124537643
456,16432,-1.0,9748.172495210158
456,16433,-1.0,9733.796508373945
456,16434,-1.0,9718.071094762421
456,16435,-1.0,9702.006072099895
456,16436,-1.0,9691.513050132131
456,16437,-1.0,9695.251729814014
456,16438,-1.0,9693.486238400976
456,16439,-1.0,9692.519417010904
456,16440,-1.0,9690.526353975443
456,16441,-1.0,9684.459870759612
456,16442,-1.0,9675.604588020682
456,16443,-1.0,9676.235760800202
456,16444,-1.0,9678.279604341433
456,16445,-1.0,9676.181206930563
456,16446,-1.0,9667.846684751918
456,16447,-1.0,9648.356319496006
456,16448,-1.0,9621.195109044307
456,16449,-1.0,9580.575614861044
456,16450,-1.0,9544.118302606974
456,16451,-1.0,9519.438989134713
456,16452,-1.0,9500.253425551582
456,16453,-1.0,9488.878042941436
456,16454,-1.0,9490.323439700791
456,16455,-1.0,9490.113698296025
456,16456,-1.0,9488.892912509265
456,16457,-1.0,9496.574600974083
456,16458,-1.0,9505.918959922103
456,16459,-1.0,9513.04862440416
456,16460,-1.0,9527.154900699537
456,16461,-1.0,9549.732071783495
456,16462,-1.0,9567.996655990051
456,16463,-1.0,9574.423787253661
456,16464,-1.0,9585.170263643888
456,16465,-1.0,9594.2517091866
456,16466,-1.0,9586.189736584765
456,16467,-1.0,9585.025818305225
456,16468,-1.0,9583.81138307878
456,16469,0.0,9580.936239663857
456,16470,1.0,9584.148302689791
456,16471,1.0,9582.686192077073
456,16472,1.0,9587.296132877344
456,16473,1.0,9590.093476903763
456,16474,1.0,9593.595056024476
456,16475,1.0,9601.594617231374
456,16476,1.0,9607.731207389255
456,16477,1.0,9607.720958322581
456,16478,1.0,9598.983043148151
456,16479,1.0,9588.98168710686
456,16480,1.0,9574.848782366958
456,16481,1.0,9566.788253810764
456,16482,1.0,9562.47902299618
456,16483,1.0,9568.157101520228
456,16484,1.0,9571.60196560974
456,16485,1.0,9580.334314330725
456,16486,1.0,9584.009884977604
456,16487,1.0,9589.234030195901
456,16488,1.0,9591.170108358387
456,16489,1.0,9592.782192279079
456,16490,1.0,9591.76405580302
456,16491,1.0,9590.288033427316
456,16492,0.0,9587.410947017288
456,16493,0.0,9587.410947017288
456,16494,0.0,9587.410947017288
456,16495,1.0,9567.873501486274
456,16496,1.0,9550.465498575339
456,16497,0.0,9547.600358925767
456,16498,0.0,9547.600358925767
456,16499,1.0,9556.118902446578
456,16500,1.0,9560.910999936686
456,16501,1.0,9567.415801353032
456,16502,1.0,9585.357866526378
456,16503,1.0,9596.25104362616
456,16504,1.0,9601.2791147292
456,16505,1.0,9607.034939284207
456,16506,1.0,9607.283791833244
456,16507,1.0,9593.777232589133
456,16508,0.0,9590.899099419357
456,16509,0.0,9590.899099419357
456,16510,0.0,9590.899099419357
456,16511,-1.0,9585.050936471154
456,16512,-1.0,9570.16317581992
456,16513,-1.0,9553.190716477344
456,16514,-1.0,9537.197936210205
456,16515,-1.0,9526.178984610593
456,16516,-1.0,9531.196411382345
456,16517,-1.0,9546.165761978144
456,16518,-1.0,9569.285413477704
456,16519,-1.0,9592.925279894662
456,16520,-1.0,9611.33524541749
456,16521,-1.0,9619.087976412735
456,16522,-1.0,9615.560972654655
456,16523,-1.0,9615.550689973667
456,16524,-1.0,9618.6657835581
456,16525,-1.0,9624.918145885249
456,16526,-1.0,9626.307475582389
456,16527,-1.0,9633.161026683763
456,16528,-1.0,9636.194815635365
456,16529,0.0,9633.303957190674
456,16530,1.0,9629.316394056716
456,16531,1.0,9630.613881596131
456,16532,1.0,9634.161780237944
456,16533,1.0,9640.175218581673
456,16534,1.0,9640.489803552993
456,16535,1.0,9642.614632224204
456,16536,1.0,9641.49338145333
456,16537,1.0,9632.529279516111
456,16538,0.0,9629.639520732257
456,16539,0.0,9629.639520732257
456,16540,-1.0,9637.102955821942
456,16541,-1.0,9646.159051375855
456,16542,-1.0,9645.304979466673
456,16543,-1.0,9632.753115034271
456,16544,-1.0,9610.96970591997
456,16545,-1.0,9587.954408923202
456,16546,-1.0,9566.897826033883
456,16547,-1.0,9549.246883197737
456,16548,-1.0,9542.125524799616
456,16549,-1.0,9538.98831414146
456,16550,-1.0,9536.247087855589
456,16551,-1.0,9532.506636307944
456,16552,-1.0,9529.87515255506
456,16553,-1.0,9526.50372969335
456,16554,-1.0,9524.041624318146
456,16555,-1.0,9525.24186629361
456,16556,-1.0,9527.514701672573
456,16557,-1.0,9529.526151834096
456,16558,-1.0,9533.005628537201
456,16559,-1.0,9531.193890743674
456,16560,-1.0,9525.614996928998
456,16561,-1.0,9520.663721979487
456,16562,-1.0,9518.287299114798
456,16563,-1.0,9514.650547979762
456,16564,-1.0,9517.946421442373
456,16565,-1.0,9523.620985637568
456,16566,-1.0,9526.965171296008
456,16567,-1.0,9527.295719196396
456,16568,-1.0,9529.26641941409
456,16569,-1.0,9519.774847234634
456,16570,-1.0,9510.788541350013
456,16571,-1.0,9508.194049340698
456,16572,-1.0,9511.005881159728
456,16573,-1.0,9520.732853189262
456,16574,-1.0,9534.1142697385
456,16575,-1.0,9534.851891428783
456,16576,-1.0,9524.5268347145
456,16577,-1.0,9506.688632810252
456,16578,-1.0,9485.376696902438
456,16579,0.0,9482.531083893367
456,16580,1.0,9488.609484620316
456,16581,1.0,9485.513630988058
456,16582,0.0,9482.667976898761
456,16583,0.0,9482.667976898761
456,16584,-1.0,9496.843916864349
456,16585,-1.0,9517.009003230192
456,16586,-1.0,9540.505478605119
456,16587,-1.0,9547.97751611713
456,16588,-1.0,9555.081413869533
456,16589,-1.0,9557.17616562409
456,16590,-1.0,9557.39060891789
456,16591,0.0,9554.523391735216
456,16592,1.0,9564.71725556716
456,16593,1.0,9570.768231280297
456,16594,1.0,9580.94707148989
456,16595,1.0,9591.199640712659
456,16596,1.0,9599.264002315827
456,16597,1.0,9601.449194322762
456,16598,1.0,9611.062327874486
456,16599,1.0,9620.868011118027
456,16600,0.0,9617.981750714693
456,16601,1.0,9619.378879148373
456,16602,1.0,9629.922292529101
456,16603,0.0,9627.033315841343
456,16604,0.0,9627.033315841343
456,16605,0.0,9627.033315841343
456,16606,0.0,9627.033315841343
456,16607,0.0,9627.033315841343
456,16608,-1.0,9618.170460971252
456,16609,-1.0,9616.217188964722
456,16610,-1.0,9613.173189457479
456,16611,-1.0,9614.796995191658
456,16612,-1.0,9618.082014097132
456,16613,-1.0,9628.257679726818
456,16614,-1.0,9635.487305404919
456,16615,-1.0,9649.028746601576
456,16616,-1.0,9662.188122563663
456,16617,-1.0,9666.994803052434
456,16618,-1.0,9668.335495037083
456,16619,-1.0,9671.85722234277
456,16620,-1.0,9669.904219250304
456,16621,-1.0,9659.87726386689
456,16622,-1.0,9645.994579690063
456,16623,0.0,9643.100781316156
456,16624,1.0,9649.836117100243
456,16625,1.0,9651.802294886633
456,16626,1.0,9648.696951045607
456,16627,1.0,9636.130053225957
456,16628,0.0,9633.23921420999
456,16629,0.0,9633.23921420999
456,16630,0.0,9633.23921420999
456,16631,1.0,9612.87466914231
456,16632,1.0,9599.102388978847
456,16633,1.0,9587.222850579465
456,16634,1.0,9582.25754318131
456,16635,1.0,9583.810212312274
456,16636,1.0,9590.435805140392
456,16637,1.0,9601.557408003759
456,16638,1.0,9617.570046102524
456,16639,1.0,9631.021415228839
456,16640,1.0,9642.210975835447
456,16641,1.0,9657.749863993064
456,16642,1.0,9666.398809688944
456,16643,1.0,9669.72325753144
456,16644,0.0,9666.82234055418
456,16645,0.0,9666.82234055418
456,16646,0.0,9666.82234055418
456,16647,-1.0,9665.581562523996
456,16648,-1.0,9667.06275525759
456,16649,-1.0,9663.8280042603
456,16650,-1.0,9659.015045451004
456,16651,-1.0,9662.9726672502
456,16652,-1.0,9656.795610496696
456,16653,-1.0,9655.269204614413
456,16654,-1.0,9656.622857952416
456,16655,-1.0,9647.871432445505
456,16656,-1.0,9642.40384155006
456,16657,-1.0,9646.565289465621
456,16658,-1.0,9640.438818131608
456,16659,-1.0,9613.914954284786
456,16660,-1.0,9587.226794002452
456,16661,-1.0,9560.454260438564
456,16662,-1.0,9552.407478118279
456,16663,-1.0,9544.110851023186
456,16664,-1.0,9555.876002719615
456,16665,-1.0,9579.02957487626
456,16666,-1.0,9589.527012232349
456,16667,-1.0,9579.971209121722
456,16668,-1.0,9572.621506867581
456,16669,-1.0,9560.08047818215
456,16670,-1.0,9525.351005553468
456,16671,-1.0,9484.422644746219
456,16672,-1.0,9451.55093133318
456,16673,-1.0,9409.311203874748
456,16674,-1.0,9363.394020215977
456,16675,-1.0,9341.62841508597
456,16676,-1.0,9324.659426660777
456,16677,-1.0,9308.474661397966
456,16678,-1.0,9310.571665803089
456,16679,-1.0,9319.216593085488
456,16680,-1.0,9321.000175213472
456,16681,-1.0,9326.598447439752
456,16682,-1.0,9326.766293102095
456,16683,-1.0,9330.794151313195
456,16684,-1.0,9335.910733961553
456,16685,-1.0,9339.675301800944
456,16686,-1.0,9346.691994512359
456,16687,-1.0,9344.933207341423
456,16688,-1.0,9335.05866542193
456,16689,-1.0,9329.162864269238
456,16690,-1.0,9327.534461696603
456,16691,-1.0,9319.60518480417
456,16692,-1.0,9317.674269148709
456,16693,-1.0,9314.397464386808
456,16694,-1.0,9306.713284412117
456,16695,0.0,9303.921270426794
456,16696,1.0,9290.640220944448
456,16697,1.0,9278.478657578935
456,16698,1.0,9257.594323809932
456,16699,1.0,9241.95023682774
456,16700,1.0,9234.433660043629
456,16701,1.0,9233.628858576447
456,16702,1.0,9239.712044849306
456,16703,1.0,9251.578104706492
456,16704,1.0,9252.99754157796
456,16705,1.0,9250.279467664783
456,16706,1.0,9252.031658255593
456,16707,1.0,9250.687017216893
456,16708,1.0,9254.187216838802
456,16709,1.0,9266.89023578512
456,16710,1.0,9279.532701618327
456,16711,1.0,9287.845320615845
456,16712,1.0,9292.989743774835
456,16713,1.0,9301.628122772354
456,16714,1.0,9309.240112882599
456,16715,1.0,9315.294621072386
456,16716,1.0,9321.469858230246
456,16717,1.0,9330.946648841056
456,16718,1.0,9324.089666299196
456,16719,1.0,9311.759918346015
456,16720,1.0,9297.79403556219
456,16721,0.0,9295.004697351522
456,16722,0.0,9295.004697351522
456,16723,0.0,9295.004697351522
456,16724,0.0,9295.004697351522
456,16725,0.0,9295.004697351522
456,16726,-1.0,9289.28080596771
456,16727,-1.0,9284.766141648057
456,16728,0.0,9281.980711805563
456,16729,1.0,9275.944867302194
456,16730,1.0,9266.410992610608
456,16731,1.0,9254.849021269507
456,16732,1.0,9246.13178135497
456,16733,1.0,9236.25057820433
456,16734,1.0,9222.840682149985
456,16735,1.0,9217.539129096984
456,16736,1.0,9209.60903899136
456,16737,1.0,9194.594612694646
456,16738,1.0,9178.486782659176
456,16739,1.0,9167.123969915221
456,16740,1.0,9152.567341302647
456,16741,1.0,9142.382997499688
456,16742,1.0,9138.905345556397
456,16743,1.0,9135.643839299906
456,16744,1.0,9127.137054889812
456,16745,1.0,9125.174426165995
456,16746,1.0,9129.46240457136
456,16747,1.0,9124.079309456827
456,16748,1.0,9121.611452393283
456,16749,1.0,9121.221380274783
456,16750,1.0,9112.95284730969
456,16751,1.0,9097.988990025355
456,16752,1.0,9086.272809268603
456,16753,1.0,9073.358913932787
456,16754,1.0,9079.335949071221
456,16755,1.0,9092.180424896938
456,16756,1.0,9110.56880441451
456,16757,1.0,9124.203182022904
456,16758,1.0,9139.979318184798
456,16759,1.0,9143.278939950958
456,16760,0.0,9140.535956268974
456,16761,0.0,9140.535956268974
456,16762,-1.0,9132.710272707982
456,16763,-1.0,9131.023134769011
456,16764,-1.0,9126.148178333164
456,16765,-1.0,9131.63125718674
456,16766,-1.0,9131.985054183633
456,16767,-1.0,9135.774446480576
456,16768,-1.0,9134.838622640715
456,16769,-1.0,9139.659715059794
456,16770,-1.0,9137.289682170325
456,16771,-1.0,9136.4191565
456,16772,-1.0,9130.278884589785
456,16773,-1.0,9127.134210044578
456,16774,-1.0,9122.215342676966
456,16775,-1.0,9122.866475821733
456,16776,-1.0,9126.80754538409
456,16777,-1.0,9128.001044065102
456,16778,-1.0,9120.470896460163
456,16779,-1.0,9112.372677907828
456,16780,-1.0,9099.0294361363
456,16781,-1.0,9079.391237999802
456,16782,-1.0,9060.555771675437
456,16783,-1.0,9045.976885735054
456,16784,-1.0,9027.522859699924
456,16785,-1.0,9005.88860741373
456,16786,-1.0,8984.930694529336
456,16787,-1.0,8962.573914316064
456,16788,-1.0,8943.60575406625
456,16789,-1.0,8938.944363311612
456,16790,-1.0,8951.801318872265
456,16791,-1.0,8969.085958423722
456,16792,-1.0,8988.157489812624
456,16793,-1.0,9033.645300315102
456,16794,-1.0,9059.946583438512
456,16795,-1.0,9074.965444024912
456,16796,-1.0,9084.05360726104
456,16797,-1.0,9098.117113153912
456,16798,-1.0,9072.857825691515
456,16799,-1.0,9067.220696848946
456,16800,-1.0,9049.565745330963
456,16801,-1.0,9036.248269263071
456,16802,0.0,9033.537394782292
456,16803,1.0,9049.112463007501
456,16804,1.0,9087.842971901498
456,16805,1.0,9121.617923473124
456,16806,1.0,9157.420896865224
456,16807,1.0,9183.588766403427
456,16808,1.0,9203.350464671998
456,16809,0.0,9200.589459532595
456,16810,-1.0,9205.041578472428
456,16811,-1.0,9211.53564383932
456,16812,-1.0,9216.446279034932
456,16813,-1.0,9210.198652522307
456,16814,-1.0,9197.038724554941
456,16815,-1.0,9178.65254353998
456,16816,-1.0,9167.268921011198
456,16817,-1.0,9164.69237136062
456,16818,-1.0,9172.460031674267
456,16819,-1.0,9177.508475725816
456,16820,-1.0,9176.945335070555
456,16821,-1.0,9172.979679445732
456,16822,-1.0,9166.277394012428
456,16823,-1.0,9163.723384511994
456,16824,-1.0,9165.816800786673
456,16825,-1.0,9172.46167749649
456,16826,-1.0,9178.622113575706
456,16827,-1.0,9180.739907358318
456,16828,-1.0,9179.837463813
456,16829,-1.0,9169.163290883389
456,16830,-1.0,9157.11794260991
456,16831,0.0,9154.370807227127
456,16832,1.0,9176.721080267524
456,16833,1.0,9200.924072659867
456,16834,1.0,9218.152408249864
456,16835,1.0,9239.312343512871
456,16836,1.0,9246.94319216776
456,16837,1.0,9251.483870917125
456,16838,0.0,9248.70842575585
456,16839,0.0,9248.70842575585
456,16840,-1.0,9254.916867340247
456,16841,-1.0,9251.655150145234
456,16842,-1.0,9258.465079868065
456,16843,-1.0,9260.86888132842
456,16844,-1.0,9263.37973061297
456,16845,-1.0,9265.539332442324
456,16846,-1.0,9266.715068359243
456,16847,-1.0,9252.519925646888
456,16848,-1.0,9230.195986489838
456,16849,-1.0,9210.277018152892
456,16850,-1.0,9189.24773909712
456,16851,0.0,9186.49096477539
456,16852,1.0,9191.718550124182
456,16853,1.0,9196.317343713481
456,16854,0.0,9193.558448510368
456,16855,0.0,9193.558448510368
456,16856,-1.0,9193.377722669245
456,16857,-1.0,9182.334189376266
456,16858,-1.0,9183.742053024978
456,16859,-1.0,9177.691298500264
456,16860,-1.0,9170.097449553115
456,16861,-1.0,9169.196228011711
456,16862,-1.0,9178.043823076136
456,16863,-1.0,9172.51518220658
456,16864,-1.0,9172.51518220658
456,16865,-1.0,9172.51518220658
456,16866,-1.0,9172.51518220658
456,16867,-1.0,9172.51518220658
